,ctx-lh-Background+FreeSurfer_Defined_Medial_Wall,ctx-lh-17Networks_LH_VisCent_Striate,ctx-lh-17Networks_LH_VisCent_ExStr,ctx-lh-17Networks_LH_VisPeri_Striate,ctx-lh-17Networks_LH_VisPeri_ExStrInf,ctx-lh-17Networks_LH_VisPeri_ExStrSup,ctx-lh-17Networks_LH_SomMotA,ctx-lh-17Networks_LH_SomMotB_Cent,ctx-lh-17Networks_LH_SomMotB_S2,ctx-lh-17Networks_LH_SomMotB_Ins,ctx-lh-17Networks_LH_SomMotB_Aud,ctx-lh-17Networks_LH_DorsAttnA_TempOcc,ctx-lh-17Networks_LH_DorsAttnA_ParOcc,ctx-lh-17Networks_LH_DorsAttnA_SPL,ctx-lh-17Networks_LH_DorsAttnB_TempOcc,ctx-lh-17Networks_LH_DorsAttnB_PostC,ctx-lh-17Networks_LH_DorsAttnB_FEF,ctx-lh-17Networks_LH_DorsAttnB_PrCv,ctx-lh-17Networks_LH_SalVentAttnA_ParOper,ctx-lh-17Networks_LH_SalVentAttnA_PrCv,ctx-lh-17Networks_LH_SalVentAttnA_Ins,ctx-lh-17Networks_LH_SalVentAttnA_ParMed,ctx-lh-17Networks_LH_SalVentAttnA_FrMed,ctx-lh-17Networks_LH_SalVentAttnB_IPL,ctx-lh-17Networks_LH_SalVentAttnB_PFCd,ctx-lh-17Networks_LH_SalVentAttnB_PFCl,ctx-lh-17Networks_LH_SalVentAttnB_PFCv,ctx-lh-17Networks_LH_SalVentAttnB_OFC,ctx-lh-17Networks_LH_SalVentAttnB_PFCmp,ctx-lh-17Networks_LH_Limbic_TempPole,ctx-lh-17Networks_LH_Limbic_OFC,ctx-lh-17Networks_LH_ContA_Temp,ctx-lh-17Networks_LH_ContA_IPS,ctx-lh-17Networks_LH_ContA_PFCd,ctx-lh-17Networks_LH_ContA_PFCl,ctx-lh-17Networks_LH_ContA_PFClv,ctx-lh-17Networks_LH_ContA_Cinga,ctx-lh-17Networks_LH_ContB_Temp,ctx-lh-17Networks_LH_ContB_IPL,ctx-lh-17Networks_LH_ContB_PFCd,ctx-lh-17Networks_LH_ContB_PFCl,ctx-lh-17Networks_LH_ContB_PFClv,ctx-lh-17Networks_LH_ContB_PFCmp,ctx-lh-17Networks_LH_ContC_pCun,ctx-lh-17Networks_LH_ContC_Cingp,ctx-lh-17Networks_LH_DefaultA_IPL,ctx-lh-17Networks_LH_DefaultA_PFCd,ctx-lh-17Networks_LH_DefaultA_PCC,ctx-lh-17Networks_LH_DefaultA_PFCm,ctx-lh-17Networks_LH_DefaultB_Temp,ctx-lh-17Networks_LH_DefaultB_IPL,ctx-lh-17Networks_LH_DefaultB_PFCd,ctx-lh-17Networks_LH_DefaultB_PFCl,ctx-lh-17Networks_LH_DefaultB_PFCv,ctx-lh-17Networks_LH_DefaultC_IPL,ctx-lh-17Networks_LH_DefaultC_Rsp,ctx-lh-17Networks_LH_DefaultC_PHC,ctx-lh-17Networks_LH_TempPar,ctx-rh-Background+FreeSurfer_Defined_Medial_Wall,ctx-rh-17Networks_RH_VisCent_Striate,ctx-rh-17Networks_RH_VisCent_ExStr,ctx-rh-17Networks_RH_VisPeri_Striate,ctx-rh-17Networks_RH_VisPeri_ExStrInf,ctx-rh-17Networks_RH_VisPeri_ExStrSup,ctx-rh-17Networks_RH_SomMotA,ctx-rh-17Networks_RH_SomMotB_Cent,ctx-rh-17Networks_RH_SomMotB_S2,ctx-rh-17Networks_RH_SomMotB_Ins,ctx-rh-17Networks_RH_SomMotB_Aud,ctx-rh-17Networks_RH_DorsAttnA_TempOcc,ctx-rh-17Networks_RH_DorsAttnA_ParOcc,ctx-rh-17Networks_RH_DorsAttnA_SPL,ctx-rh-17Networks_RH_DorsAttnB_TempOcc,ctx-rh-17Networks_RH_DorsAttnB_PostC,ctx-rh-17Networks_RH_DorsAttnB_FEF,ctx-rh-17Networks_RH_DorsAttnB_PrCv,ctx-rh-17Networks_RH_SalVentAttnA_ParOper,ctx-rh-17Networks_RH_SalVentAttnA_PrC,ctx-rh-17Networks_RH_SalVentAttnA_PrCv,ctx-rh-17Networks_RH_SalVentAttnA_Ins,ctx-rh-17Networks_RH_SalVentAttnA_ParMed,ctx-rh-17Networks_RH_SalVentAttnA_FrMed,ctx-rh-17Networks_RH_SalVentAttnB_IPL,ctx-rh-17Networks_RH_SalVentAttnB_PFCd,ctx-rh-17Networks_RH_SalVentAttnB_PFCl,ctx-rh-17Networks_RH_SalVentAttnB_PFClv,ctx-rh-17Networks_RH_SalVentAttnB_PFCv,ctx-rh-17Networks_RH_SalVentAttnB_PFCmp,ctx-rh-17Networks_RH_SalVentAttnB_Cinga,ctx-rh-17Networks_RH_Limbic_TempPole,ctx-rh-17Networks_RH_Limbic_OFC,ctx-rh-17Networks_RH_ContA_Temp,ctx-rh-17Networks_RH_ContA_IPS,ctx-rh-17Networks_RH_ContA_PFCd,ctx-rh-17Networks_RH_ContA_PFCl,ctx-rh-17Networks_RH_ContA_Cinga,ctx-rh-17Networks_RH_ContB_Temp,ctx-rh-17Networks_RH_ContB_IPL,ctx-rh-17Networks_RH_ContB_PFCld,ctx-rh-17Networks_RH_ContB_PFClv,ctx-rh-17Networks_RH_ContB_PFCmp,ctx-rh-17Networks_RH_ContC_pCun,ctx-rh-17Networks_RH_ContC_Cingp,ctx-rh-17Networks_RH_DefaultA_Temp,ctx-rh-17Networks_RH_DefaultA_IPL,ctx-rh-17Networks_RH_DefaultA_PFCd,ctx-rh-17Networks_RH_DefaultA_PCC,ctx-rh-17Networks_RH_DefaultA_PFCm,ctx-rh-17Networks_RH_DefaultB_Temp,ctx-rh-17Networks_RH_DefaultB_AntTemp,ctx-rh-17Networks_RH_DefaultB_PFCd,ctx-rh-17Networks_RH_DefaultB_PFCv,ctx-rh-17Networks_RH_DefaultC_IPL,ctx-rh-17Networks_RH_DefaultC_Rsp,ctx-rh-17Networks_RH_DefaultC_PHC,ctx-rh-17Networks_RH_TempPar
ctx-lh-Background+FreeSurfer_Defined_Medial_Wall,,-0.031,0.071,-0.07,-0.062,-0.024,-0.005,0.048,0.011,0.008,0.077,0.094,0.079,0.056,0.046,0.057,0.073,0.061,0.03,0.073,-0.008,-0.109,-0.02,0.021,0.011,0.034,0.01,0.014,-0.06,0.023,0.021,0.124,0.102,-0.006,0.118,0.099,-0.033,0.118,0.056,0.026,-0.024,0.105,-0.029,-0.049,-0.063,-0.02,-0.054,-0.107,-0.106,-0.02,-0.04,-0.047,0.043,0.079,0.018,-0.108,-0.051,0.089,0.003,0.023,0.094,-0.071,-0.093,-0.044,-0.006,0.026,0.052,0.018,0.071,0.123,0.059,0.09,0.022,0.056,0.006,0.051,0.026,0.025,0.043,0.056,-0.026,-0.017,-0.067,-0.01,-0.008,0.013,-0.039,-0.053,-0.02,-0.013,0.056,0.156,0.083,0.073,0.036,-0.057,0.08,-0.051,-0.013,0.056,-0.054,-0.063,-0.097,-0.064,-0.096,-0.075,-0.168,-0.103,-0.056,-0.045,-0.069,-0.014,0.006,-0.079,0.02,0.006
ctx-lh-17Networks_LH_VisCent_Striate,,,0.091,-0.086,0.018,0.032,0.024,0.008,-0.017,-0.012,0.042,0.034,0.045,-0.004,0.026,-0.017,-0.074,-0.016,-0.038,-0.027,-0.141,-0.04,-0.022,-0.036,-0.053,-0.057,-0.083,-0.068,-0.079,0.042,0.029,0.059,-0.061,-0.061,-0.05,-0.089,0.048,0.071,0.045,0.011,0.018,-0.027,-0.061,-0.008,-0.002,0.144,0.08,0.138,0.056,0.134,0.131,0.067,-0.001,-0.016,0.057,0.074,0.043,0.132,-0.04,-0.079,0.056,-0.078,0.011,0.032,0.03,0.004,-0.039,0.01,-0.041,-0.013,-0.007,-0.006,0.045,-0.012,-0.012,-0.025,-0.071,-0.063,-0.042,-0.126,-0.041,-0.03,-0.069,-0.009,-0.062,-0.128,-0.089,-0.107,-0.069,0.005,-0.029,-0.033,-0.109,-0.07,-0.091,-0.029,0.013,0.019,-0.055,-0.07,-0.07,-0.04,-0.031,0.052,0.15,0.046,0.1,0.046,0.06,0.013,0.033,-0.043,0.06,0.063,-0.023,0.092
ctx-lh-17Networks_LH_VisCent_ExStr,,,,0.061,-0.03,0.0,-0.045,-0.029,-0.021,0.032,0.06,-0.085,-0.05,-0.028,-0.009,-0.016,-0.131,-0.008,0.047,0.017,-0.047,0.055,0.022,0.056,-0.002,-0.069,-0.02,-0.046,0.038,0.018,0.053,0.054,0.027,0.006,0.009,-0.024,0.048,0.074,0.135,0.046,0.064,-0.016,0.031,0.093,0.11,0.157,0.08,0.165,0.118,0.122,0.114,0.076,0.021,0.001,0.074,0.111,0.101,-0.003,0.019,0.026,-0.11,0.002,-0.021,-0.014,-0.07,-0.019,-0.047,0.051,-0.011,-0.2,-0.086,-0.069,-0.036,-0.091,-0.053,0.005,-0.054,-0.09,-0.012,-0.083,0.033,-0.024,-0.008,-0.041,-0.038,-0.037,-0.039,0.0,-0.045,-0.026,0.023,-0.045,-0.057,-0.02,-0.055,-0.032,0.018,0.073,0.004,-0.055,0.039,0.012,0.124,0.072,0.122,0.066,0.126,0.11,0.09,0.001,0.066,0.037,0.069,0.08,-0.008,-0.059
ctx-lh-17Networks_LH_VisPeri_Striate,,,,,0.015,0.104,0.047,0.019,-0.012,-0.027,-0.02,0.025,0.012,0.115,0.067,0.048,0.013,0.003,-0.014,-0.034,-0.114,0.034,0.001,0.017,-0.027,-0.023,-0.094,-0.078,-0.056,0.081,0.065,-0.037,0.024,-0.03,-0.037,-0.071,0.009,-0.005,0.041,0.049,-0.018,-0.027,-0.089,0.093,0.003,0.064,-0.02,0.1,0.017,0.058,0.092,0.025,0.007,-0.027,-0.034,0.033,0.029,0.046,-0.074,-0.031,0.041,-0.152,-0.011,0.067,0.077,0.017,-0.035,-0.071,-0.023,-0.033,-0.014,0.12,-0.009,0.035,0.048,0.046,-0.055,-0.005,-0.064,-0.108,0.035,-0.045,-0.04,-0.052,-0.068,-0.114,-0.164,-0.073,-0.09,0.068,-0.005,-0.064,-0.011,-0.002,-0.095,-0.035,-0.046,-0.018,-0.063,-0.054,-0.15,0.003,-0.017,0.035,0.062,-0.028,0.028,0.005,0.004,0.034,-0.024,-0.066,-0.0,0.04,-0.01,-0.063
ctx-lh-17Networks_LH_VisPeri_ExStrInf,,,,,,-0.099,-0.075,-0.059,-0.117,-0.072,-0.069,-0.053,-0.07,0.044,-0.013,0.007,-0.071,-0.021,-0.002,-0.052,-0.074,0.006,-0.091,0.08,-0.002,0.069,-0.033,-0.036,-0.021,0.038,0.082,-0.005,0.034,0.023,-0.048,-0.015,0.027,0.005,0.127,0.11,0.03,0.065,-0.01,0.111,0.078,0.091,0.054,0.13,0.066,0.033,0.092,0.041,0.032,0.014,0.014,0.04,0.01,-0.085,-0.066,0.052,-0.026,-0.06,-0.186,-0.132,-0.054,-0.06,-0.107,-0.062,-0.078,-0.099,-0.077,0.038,-0.076,-0.043,-0.021,0.015,-0.09,-0.078,-0.066,-0.07,0.026,-0.098,0.034,-0.077,-0.011,-0.009,-0.086,-0.025,-0.11,0.034,0.073,-0.037,0.021,0.002,-0.09,-0.029,-0.02,0.054,0.013,0.029,-0.046,0.024,0.052,0.008,0.057,0.056,0.041,0.043,-0.038,0.001,0.017,-0.025,0.012,0.036,-0.034,-0.188
ctx-lh-17Networks_LH_VisPeri_ExStrSup,,,,,,,-0.077,-0.073,-0.076,-0.03,-0.034,-0.052,-0.04,0.095,-0.04,0.004,-0.021,-0.023,0.013,-0.006,-0.061,0.034,-0.022,0.084,0.017,0.055,0.012,0.004,0.073,-0.009,0.041,-0.037,0.081,0.059,-0.012,-0.039,0.024,0.006,0.142,0.061,0.01,0.038,0.035,0.148,0.121,0.095,0.073,0.113,0.075,-0.004,0.087,0.03,0.047,-0.015,0.015,0.062,-0.015,-0.12,-0.038,0.073,-0.015,0.003,-0.126,-0.117,-0.052,-0.064,-0.083,-0.025,-0.036,-0.154,-0.073,0.086,-0.102,-0.044,-0.005,0.02,-0.048,-0.057,-0.059,-0.073,0.04,-0.042,0.025,-0.048,0.026,-0.039,-0.059,0.041,-0.079,-0.005,0.005,-0.097,0.055,0.034,-0.068,-0.031,-0.03,0.092,0.018,0.01,0.013,0.041,0.093,0.026,0.063,0.055,0.022,0.048,-0.007,-0.013,0.006,-0.016,0.019,0.028,-0.036,-0.218
ctx-lh-17Networks_LH_SomMotA,,,,,,,,-0.151,-0.028,0.033,-0.195,-0.068,-0.007,0.025,-0.062,0.059,0.033,-0.051,0.074,0.077,0.117,0.022,0.091,0.065,0.083,0.11,0.12,0.086,0.117,-0.001,-0.09,-0.084,-0.026,-0.047,-0.09,-0.064,0.012,-0.088,-0.055,-0.047,-0.078,-0.064,-0.048,0.083,0.094,-0.089,-0.068,-0.088,-0.105,-0.055,-0.05,-0.046,-0.027,0.026,0.014,-0.069,-0.048,-0.149,-0.017,0.073,-0.056,0.04,-0.073,-0.074,-0.134,-0.126,-0.053,0.014,-0.157,-0.023,0.004,-0.012,-0.026,0.006,0.035,-0.064,0.097,0.007,0.109,0.104,0.026,0.137,0.081,0.132,0.076,0.007,0.115,0.172,0.05,0.016,-0.029,0.0,-0.007,0.0,0.021,-0.018,-0.029,-0.006,0.023,-0.019,0.046,0.087,0.077,-0.022,-0.042,-0.009,-0.057,-0.067,-0.007,-0.022,0.062,0.07,0.004,-0.06,-0.016,-0.12
ctx-lh-17Networks_LH_SomMotB_Cent,,,,,,,,,-0.098,-0.068,-0.144,0.029,-0.032,0.009,-0.006,-0.06,-0.015,-0.031,0.002,-0.012,0.081,0.033,-0.009,0.072,0.006,0.083,0.097,0.097,0.089,0.087,-0.018,-0.027,0.018,-0.014,0.013,0.022,0.054,-0.036,-0.06,-0.063,-0.029,-0.021,-0.043,0.024,0.071,-0.124,-0.042,-0.078,-0.044,-0.033,-0.059,-0.052,-0.033,0.088,0.027,-0.065,0.002,-0.081,0.045,0.065,-0.013,0.01,-0.033,-0.047,-0.156,-0.134,-0.174,-0.036,-0.139,0.022,0.008,0.003,-0.002,-0.082,-0.011,-0.039,-0.029,0.058,0.01,0.04,0.038,0.008,0.092,-0.007,0.076,0.118,0.07,0.133,0.095,0.098,0.059,0.054,0.043,-0.024,0.095,0.036,-0.04,0.031,0.021,0.061,0.016,0.049,0.067,-0.006,-0.033,-0.029,-0.059,-0.007,-0.022,-0.002,0.034,0.066,0.019,-0.042,-0.046,-0.078
ctx-lh-17Networks_LH_SomMotB_S2,,,,,,,,,,-0.089,-0.193,-0.013,0.014,0.12,-0.061,0.036,0.074,-0.003,-0.01,0.043,0.026,0.002,-0.013,0.045,0.001,0.145,0.056,0.086,0.044,0.016,-0.058,-0.057,0.013,0.016,-0.05,-0.024,0.005,-0.031,0.005,-0.008,0.028,0.033,0.003,0.07,0.08,-0.052,0.031,-0.039,-0.033,0.013,-0.026,0.023,0.021,0.071,0.015,-0.067,-0.072,-0.16,-0.051,0.053,-0.003,-0.009,-0.093,-0.071,-0.034,-0.153,-0.21,-0.099,-0.173,-0.011,0.033,0.065,-0.079,-0.03,0.071,-0.03,-0.05,0.041,0.008,-0.045,0.018,0.027,0.048,0.008,0.093,0.008,0.015,0.062,0.03,0.015,0.01,-0.028,0.041,0.043,-0.021,-0.025,-0.021,0.012,0.02,0.009,-0.037,0.08,0.103,0.039,-0.002,-0.009,-0.028,-0.009,-0.032,0.038,0.089,0.026,0.025,-0.05,-0.07,-0.18
ctx-lh-17Networks_LH_SomMotB_Ins,,,,,,,,,,,-0.069,0.03,0.053,0.081,-0.032,0.071,0.09,0.007,-0.028,0.029,-0.02,-0.082,-0.012,-0.029,-0.009,0.107,0.019,0.089,-0.029,0.013,0.034,0.017,0.013,0.042,0.015,0.038,0.017,0.026,0.024,0.022,0.025,0.072,-0.002,0.026,0.024,-0.006,0.025,-0.028,-0.023,0.035,-0.026,-0.022,0.049,0.062,0.04,-0.052,-0.023,-0.099,-0.073,0.006,0.029,-0.011,-0.079,-0.036,0.023,-0.089,-0.07,-0.106,-0.089,-0.026,-0.015,0.043,-0.085,-0.013,0.05,-0.055,-0.043,-0.068,0.019,-0.072,-0.048,0.031,-0.011,-0.029,0.058,0.039,-0.04,-0.001,0.005,-0.03,0.029,-0.055,0.034,0.013,-0.032,-0.062,-0.019,-0.048,-0.029,0.055,-0.05,0.001,0.001,0.002,-0.034,0.003,-0.051,-0.044,-0.083,0.022,0.004,-0.017,-0.023,-0.096,-0.067,-0.11
ctx-lh-17Networks_LH_SomMotB_Aud,,,,,,,,,,,,0.028,0.031,0.105,-0.039,0.007,0.048,-0.039,0.024,-0.045,-0.005,0.022,-0.052,0.108,0.009,0.135,0.084,0.027,0.083,-0.004,-0.013,-0.016,0.06,0.029,-0.057,-0.057,-0.011,0.019,0.107,-0.026,0.023,0.003,0.059,0.18,0.179,-0.036,0.043,0.039,-0.011,-0.03,0.004,-0.031,-0.002,-0.003,0.011,-0.006,0.018,-0.135,-0.013,0.023,0.078,0.003,-0.06,-0.009,-0.169,-0.198,-0.208,-0.13,-0.169,-0.017,0.042,0.098,-0.102,-0.065,0.015,-0.053,-0.035,0.009,-0.045,-0.025,0.026,-0.017,0.075,0.01,0.102,-0.003,0.023,0.071,0.06,-0.011,0.011,0.022,0.09,0.043,-0.045,0.042,0.011,0.038,0.024,-0.016,0.014,0.173,0.196,-0.07,-0.031,-0.013,0.003,-0.033,-0.106,-0.019,-0.046,-0.042,0.014,-0.028,-0.034,-0.283
ctx-lh-17Networks_LH_DorsAttnA_TempOcc,,,,,,,,,,,,,-0.015,-0.036,0.025,-0.092,-0.131,-0.013,-0.027,-0.025,0.006,0.066,-0.053,0.031,-0.055,-0.05,-0.055,0.023,0.023,0.082,0.039,0.099,0.04,0.01,0.018,-0.001,0.085,0.055,0.072,0.007,0.047,-0.044,-0.001,0.068,0.064,0.088,0.007,0.106,0.034,0.096,0.042,0.028,-0.013,0.005,0.034,0.093,0.125,-0.026,0.128,-0.031,-0.113,0.003,-0.056,-0.071,-0.081,0.027,-0.021,0.046,-0.032,-0.184,-0.033,-0.092,-0.059,-0.156,-0.13,0.006,-0.071,-0.052,-0.031,-0.018,0.048,-0.04,-0.003,0.006,0.004,0.019,0.005,0.009,-0.083,0.078,0.048,-0.062,-0.07,-0.032,0.005,-0.055,0.005,0.045,0.06,-0.023,0.045,0.038,0.099,0.092,0.062,0.052,0.117,0.085,0.025,0.047,0.063,0.056,0.052,0.083,0.015,-0.052
ctx-lh-17Networks_LH_DorsAttnA_ParOcc,,,,,,,,,,,,,,-0.013,0.056,-0.039,-0.101,-0.001,0.002,-0.007,0.018,0.025,-0.031,0.049,-0.001,0.058,-0.026,0.051,0.059,0.032,0.096,0.043,0.061,0.01,0.045,0.023,0.071,0.037,0.109,0.01,0.07,0.069,0.032,0.067,0.075,0.136,0.076,0.151,0.122,0.109,0.11,0.103,0.051,0.04,0.061,0.1,-0.007,-0.012,0.024,0.022,-0.073,-0.012,-0.093,-0.044,-0.027,-0.006,-0.001,0.028,0.012,-0.125,-0.11,-0.071,-0.031,-0.041,-0.116,0.052,-0.025,-0.108,-0.045,-0.034,0.05,-0.038,-0.049,-0.052,0.031,-0.005,-0.047,-0.011,-0.048,-0.032,0.036,-0.057,-0.03,-0.055,-0.075,-0.013,0.013,0.06,-0.016,0.027,0.044,-0.024,0.076,0.005,0.013,0.075,0.067,0.127,-0.02,-0.014,0.099,-0.001,-0.002,0.001,-0.059,-0.145
ctx-lh-17Networks_LH_DorsAttnA_SPL,,,,,,,,,,,,,,,0.036,0.052,-0.061,-0.008,0.135,0.071,0.1,0.171,0.035,0.079,-0.01,0.023,0.037,0.09,0.04,0.012,0.002,-0.043,0.009,-0.002,-0.054,-0.031,0.08,-0.118,0.005,-0.064,-0.049,-0.023,-0.068,0.117,0.049,0.02,-0.029,0.043,0.035,-0.025,0.031,-0.068,-0.079,-0.033,0.007,0.098,-0.014,-0.013,0.071,0.009,-0.054,0.064,0.03,0.081,0.072,0.05,0.087,0.086,0.068,-0.089,-0.048,-0.104,0.029,0.068,-0.043,0.02,0.084,-0.049,0.068,0.052,0.129,0.062,0.004,-0.025,-0.02,0.002,0.04,-0.005,-0.031,-0.015,-0.041,-0.126,-0.075,-0.068,-0.116,-0.007,-0.106,-0.017,-0.077,-0.059,-0.047,0.028,0.084,0.008,-0.027,-0.015,0.01,0.041,-0.032,-0.033,-0.064,0.014,-0.014,0.071,-0.029,-0.048
ctx-lh-17Networks_LH_DorsAttnB_TempOcc,,,,,,,,,,,,,,,,-0.079,-0.044,-0.05,-0.096,-0.085,-0.076,0.024,-0.08,0.017,0.002,-0.057,-0.019,-0.044,0.008,0.089,-0.03,-0.027,0.024,0.011,0.001,-0.097,0.046,0.013,0.019,0.031,0.01,-0.023,0.01,0.044,-0.05,0.083,0.057,0.101,0.039,0.114,0.104,0.044,0.047,0.021,0.054,0.087,0.057,0.011,0.028,0.023,-0.021,0.034,-0.034,-0.052,-0.027,0.004,-0.073,-0.008,-0.048,-0.059,0.015,-0.019,-0.089,-0.093,-0.072,-0.024,-0.077,-0.091,-0.071,-0.069,0.021,-0.043,-0.002,-0.04,0.014,-0.044,-0.042,0.01,-0.036,0.068,-0.056,-0.032,-0.044,-0.006,-0.041,-0.014,-0.01,-0.016,0.005,-0.054,-0.023,0.029,0.033,0.072,0.046,0.087,0.052,0.062,0.006,0.089,0.042,0.004,0.049,0.045,0.018,-0.116
ctx-lh-17Networks_LH_DorsAttnB_PostC,,,,,,,,,,,,,,,,,0.057,-0.054,0.049,0.038,0.07,0.081,0.013,0.012,-0.002,0.004,0.045,0.039,0.043,0.001,-0.042,-0.118,-0.078,0.01,-0.086,-0.118,0.015,-0.1,-0.04,-0.043,-0.038,-0.07,-0.015,0.107,0.042,-0.037,-0.054,-0.015,-0.087,-0.005,0.014,-0.051,-0.006,0.009,-0.032,0.053,-0.032,-0.082,0.018,0.024,-0.053,0.046,0.002,0.025,0.076,-0.027,0.015,0.041,-0.019,-0.092,-0.026,-0.048,-0.075,-0.076,-0.019,-0.05,0.005,-0.035,0.068,0.033,0.063,0.07,-0.009,0.02,-0.029,-0.061,0.063,0.057,-0.031,-0.031,-0.038,-0.125,-0.115,-0.039,-0.081,-0.058,-0.044,-0.056,-0.033,-0.05,0.018,0.059,0.101,0.01,-0.018,-0.006,0.002,-0.032,-0.025,0.002,-0.022,0.043,-0.025,0.02,-0.01,-0.073
ctx-lh-17Networks_LH_DorsAttnB_FEF,,,,,,,,,,,,,,,,,,-0.043,0.067,0.062,0.105,0.102,-0.0,0.012,0.002,0.025,0.032,0.04,0.027,0.083,0.01,-0.165,-0.096,-0.115,-0.101,-0.098,-0.025,-0.119,-0.063,-0.055,-0.029,-0.025,-0.043,0.101,0.03,-0.021,-0.014,-0.008,0.027,0.085,0.049,0.035,-0.007,0.027,-0.031,-0.025,-0.104,0.001,0.006,-0.012,-0.105,-0.001,-0.058,-0.004,0.094,0.058,0.099,0.081,0.073,-0.076,-0.056,-0.046,-0.022,0.085,-0.064,-0.004,0.076,-0.063,0.041,0.075,0.071,0.019,0.013,0.002,-0.019,-0.061,0.036,0.038,-0.051,0.089,-0.007,-0.117,-0.082,-0.035,-0.14,-0.035,-0.048,-0.024,-0.046,0.006,-0.013,0.068,0.068,0.082,0.002,0.048,-0.006,0.04,0.043,0.098,0.023,0.025,-0.07,-0.045,-0.035,-0.029
ctx-lh-17Networks_LH_DorsAttnB_PrCv,,,,,,,,,,,,,,,,,,,-0.005,0.004,0.052,0.062,-0.019,-0.004,0.007,0.052,0.008,0.025,0.028,0.046,0.037,-0.092,-0.048,-0.044,-0.065,-0.049,0.033,-0.083,-0.058,-0.014,-0.024,-0.035,-0.059,0.058,0.009,-0.098,-0.012,-0.031,-0.013,0.003,-0.016,-0.024,-0.031,0.017,0.026,-0.025,-0.094,-0.036,0.067,-0.003,-0.004,0.017,0.016,0.012,-0.051,-0.011,-0.014,0.024,-0.027,-0.007,0.025,-0.024,-0.004,-0.015,-0.063,-0.069,0.03,-0.019,-0.009,0.052,0.055,0.04,0.0,0.013,0.005,-0.006,0.049,0.021,0.079,0.056,0.012,-0.062,-0.052,-0.04,-0.056,-0.052,-0.004,-0.01,-0.047,0.003,-0.036,0.055,0.088,0.045,-0.002,-0.013,-0.034,0.006,0.006,0.037,-0.011,0.047,-0.04,-0.005,-0.03,-0.004
ctx-lh-17Networks_LH_SalVentAttnA_ParOper,,,,,,,,,,,,,,,,,,,,-0.098,-0.119,-0.006,-0.093,0.002,-0.033,0.017,-0.044,-0.035,-0.009,-0.027,-0.042,-0.124,-0.039,0.02,-0.088,-0.128,0.01,0.014,0.016,0.003,0.014,-0.008,-0.007,0.133,0.049,0.048,0.068,0.061,0.014,0.075,0.045,0.027,0.063,0.05,-0.04,0.014,-0.013,-0.05,-0.037,0.009,0.057,-0.016,0.005,0.032,0.104,-0.058,-0.039,-0.041,0.013,-0.007,-0.013,0.088,-0.147,-0.01,-0.013,-0.043,-0.164,-0.065,-0.132,-0.14,-0.023,-0.066,-0.074,-0.055,-0.02,-0.143,-0.083,-0.046,-0.005,-0.046,-0.045,-0.125,-0.026,-0.005,-0.172,-0.003,-0.003,0.009,-0.037,-0.019,-0.066,0.08,0.077,0.038,0.001,0.004,0.003,0.009,-0.064,0.023,0.016,-0.058,-0.047,-0.003,-0.016,-0.177
ctx-lh-17Networks_LH_SalVentAttnA_PrCv,,,,,,,,,,,,,,,,,,,,,-0.07,-0.013,-0.025,-0.046,-0.063,0.034,-0.069,-0.017,-0.002,0.059,0.06,-0.142,-0.118,-0.05,-0.126,-0.105,-0.04,-0.026,-0.101,0.005,0.023,0.01,-0.061,0.063,0.033,-0.026,0.069,-0.002,0.078,0.058,0.0,0.06,0.026,0.036,-0.046,-0.01,-0.066,-0.114,-0.023,-0.028,0.038,-0.033,-0.036,-0.015,0.106,-0.059,0.002,-0.021,0.011,-0.016,-0.03,0.028,-0.08,0.051,0.014,-0.064,-0.062,-0.083,-0.115,-0.114,-0.01,-0.064,-0.067,-0.061,-0.019,-0.115,-0.083,-0.041,0.033,0.026,0.038,-0.111,-0.074,-0.017,-0.203,-0.004,-0.058,-0.06,-0.058,0.007,-0.088,0.018,0.08,0.109,0.016,-0.003,-0.028,0.07,-0.006,0.122,0.044,-0.025,-0.07,-0.029,-0.057,-0.125
ctx-lh-17Networks_LH_SalVentAttnA_Ins,,,,,,,,,,,,,,,,,,,,,,-0.073,-0.049,-0.054,-0.02,0.015,-0.043,-0.026,-0.051,0.023,0.053,-0.091,-0.035,0.022,-0.015,-0.044,-0.027,0.028,-0.018,0.053,0.081,0.065,-0.03,0.024,-0.01,0.037,0.122,0.061,0.057,0.1,0.029,0.078,0.09,0.119,-0.013,0.042,-0.056,-0.036,-0.052,-0.096,-0.002,-0.085,-0.052,-0.041,0.157,0.033,0.007,-0.046,0.051,-0.004,0.011,0.063,-0.134,0.064,0.045,0.013,-0.13,-0.044,-0.136,-0.141,-0.084,-0.066,-0.135,-0.083,-0.069,-0.121,-0.121,-0.122,-0.006,-0.024,0.036,-0.115,-0.068,0.027,-0.148,-0.003,-0.043,-0.06,-0.012,-0.013,-0.093,-0.031,-0.009,0.111,0.04,0.056,-0.008,0.038,-0.023,0.121,0.045,-0.002,-0.046,0.005,-0.03,-0.122
ctx-lh-17Networks_LH_SalVentAttnA_ParMed,,,,,,,,,,,,,,,,,,,,,,,-0.094,-0.019,-0.016,0.015,0.04,-0.017,-0.02,-0.017,-0.03,-0.079,-0.012,-0.001,-0.012,-0.055,-0.035,-0.03,-0.028,-0.013,0.023,0.019,-0.035,0.062,-0.045,0.038,0.016,0.0,-0.028,0.022,0.051,0.01,0.107,0.095,-0.081,0.026,-0.031,0.027,-0.112,0.014,0.053,0.019,0.012,0.052,0.051,-0.002,-0.0,-0.053,0.052,0.046,0.001,0.175,-0.03,0.078,0.044,0.074,-0.06,-0.045,-0.044,-0.07,-0.061,-0.052,-0.077,-0.05,-0.001,-0.08,0.004,-0.066,0.008,-0.096,-0.039,-0.069,0.012,0.041,-0.133,-0.094,-0.07,-0.061,-0.045,-0.002,-0.065,-0.011,-0.073,-0.075,-0.071,-0.02,-0.096,-0.069,-0.084,-0.067,-0.07,-0.027,-0.058,-0.02,-0.013,-0.186
ctx-lh-17Networks_LH_SalVentAttnA_FrMed,,,,,,,,,,,,,,,,,,,,,,,,-0.074,-0.039,0.053,0.028,0.02,0.04,0.028,0.008,-0.138,-0.164,-0.08,-0.133,-0.105,-0.017,-0.03,-0.11,-0.002,0.011,0.008,-0.072,0.038,0.025,-0.022,0.056,-0.022,0.01,0.08,0.007,0.082,0.07,0.104,-0.038,-0.073,-0.088,-0.019,-0.033,0.037,0.068,-0.019,-0.055,-0.002,0.124,-0.009,0.053,-0.031,0.023,0.025,-0.041,0.034,-0.065,0.049,0.017,-0.014,-0.016,-0.045,-0.019,-0.027,-0.051,-0.002,-0.031,-0.026,0.006,-0.13,-0.021,0.031,0.041,0.041,-0.007,-0.075,-0.105,-0.006,-0.144,-0.017,0.01,-0.054,-0.01,-0.002,-0.063,-0.011,0.009,0.119,0.023,0.018,-0.045,0.004,0.067,0.083,0.071,0.057,-0.091,-0.097,-0.072,-0.066
ctx-lh-17Networks_LH_SalVentAttnB_IPL,,,,,,,,,,,,,,,,,,,,,,,,,0.02,-0.023,-0.067,-0.062,-0.087,-0.091,-0.027,-0.067,0.015,0.029,-0.08,-0.08,0.02,-0.044,-0.012,0.021,-0.013,-0.034,-0.027,0.085,-0.011,0.092,0.113,0.085,0.057,-0.023,0.062,0.004,0.064,-0.075,0.046,0.119,0.075,0.02,0.024,-0.059,0.074,0.024,0.075,0.081,0.025,0.022,0.03,0.007,0.065,0.092,0.018,0.035,0.008,0.005,-0.058,0.01,-0.04,-0.056,-0.095,-0.06,-0.004,-0.063,-0.078,-0.065,-0.007,-0.11,-0.073,-0.061,-0.0,-0.081,-0.05,-0.109,-0.031,-0.019,-0.168,0.048,-0.058,-0.034,-0.069,-0.042,-0.055,0.038,-0.013,-0.023,-0.032,0.011,0.001,0.021,-0.09,-0.075,-0.062,-0.153,-0.056,0.063,0.038,-0.124
ctx-lh-17Networks_LH_SalVentAttnB_PFCd,,,,,,,,,,,,,,,,,,,,,,,,,,0.039,0.018,0.018,-0.015,0.008,0.0,-0.026,-0.021,-0.008,-0.055,-0.019,-0.032,0.004,-0.011,0.043,0.023,-0.019,-0.002,0.041,0.015,-0.014,0.061,-0.014,0.016,0.016,0.03,0.049,0.032,-0.035,-0.01,0.0,0.017,0.006,-0.038,0.025,-0.011,-0.047,0.01,0.016,0.082,0.025,0.029,-0.017,0.066,-0.028,-0.047,-0.001,-0.051,0.035,-0.032,-0.013,0.002,-0.008,-0.029,0.004,-0.005,-0.047,-0.003,0.069,0.041,-0.016,0.015,0.021,0.072,-0.012,-0.014,-0.003,-0.013,0.037,-0.075,0.01,0.001,-0.005,0.008,0.025,0.001,-0.004,-0.033,0.068,-0.045,0.038,-0.072,0.021,-0.003,0.006,-0.012,-0.063,-0.132,-0.048,0.046,-0.049
ctx-lh-17Networks_LH_SalVentAttnB_PFCl,,,,,,,,,,,,,,,,,,,,,,,,,,,0.089,-0.039,0.1,-0.088,-0.023,-0.111,-0.013,0.016,0.002,-0.046,0.047,-0.043,0.044,0.086,0.012,-0.019,0.09,0.145,0.057,0.062,0.116,0.071,0.108,-0.023,0.069,0.079,0.079,0.008,0.003,0.126,-0.007,0.017,-0.0,-0.09,-0.038,-0.025,0.046,0.083,0.113,0.046,0.105,0.046,0.131,-0.075,-0.06,0.007,-0.116,0.037,-0.042,0.029,-0.014,-0.066,-0.024,-0.02,0.01,-0.012,-0.091,-0.008,-0.034,-0.18,0.064,0.026,0.038,-0.115,-0.049,-0.122,-0.035,0.008,-0.12,0.022,-0.034,-0.005,-0.069,-0.028,0.041,0.056,0.023,0.014,-0.004,0.007,-0.034,0.08,-0.021,-0.015,-0.036,-0.055,-0.098,0.068,-0.008,-0.059
ctx-lh-17Networks_LH_SalVentAttnB_PFCv,,,,,,,,,,,,,,,,,,,,,,,,,,,,-0.009,-0.012,-0.005,0.037,-0.154,-0.079,0.045,-0.148,-0.087,-0.033,-0.061,-0.044,0.09,0.015,0.043,-0.045,0.094,0.062,-0.029,0.108,0.03,0.129,-0.058,-0.028,0.025,0.002,-0.041,-0.031,0.029,-0.055,-0.086,-0.006,-0.109,0.031,-0.093,-0.019,0.012,0.153,0.066,0.065,0.002,0.121,0.029,-0.03,0.05,-0.088,0.106,-0.024,-0.011,0.009,-0.089,-0.045,-0.022,0.043,-0.022,-0.123,-0.075,0.036,-0.095,-0.131,-0.052,0.007,-0.019,0.033,-0.108,-0.042,0.035,-0.243,0.025,-0.07,-0.026,-0.066,0.009,-0.082,0.061,0.053,0.036,-0.044,0.027,-0.051,0.053,-0.11,0.033,-0.056,-0.108,-0.075,0.001,-0.03,-0.131
ctx-lh-17Networks_LH_SalVentAttnB_OFC,,,,,,,,,,,,,,,,,,,,,,,,,,,,,0.024,-0.032,-0.003,0.007,-0.019,0.046,0.042,-0.074,0.025,0.041,-0.026,0.09,0.014,0.022,0.031,0.003,-0.025,0.023,0.05,0.039,0.036,-0.013,0.036,0.051,0.025,0.005,0.025,0.046,-0.016,-0.021,0.041,-0.088,-0.03,-0.06,-0.007,-0.008,0.065,0.031,0.061,0.028,0.036,0.03,0.052,0.089,-0.005,0.046,0.018,-0.008,-0.05,-0.041,-0.032,-0.068,-0.001,-0.009,-0.126,0.014,-0.06,-0.116,0.002,-0.013,0.002,-0.054,-0.008,-0.017,0.018,0.081,-0.039,0.016,-0.007,-0.037,-0.058,-0.026,0.008,-0.024,-0.063,-0.027,-0.015,0.015,-0.01,0.033,-0.056,-0.015,-0.01,-0.031,0.038,0.036,0.058,-0.044
ctx-lh-17Networks_LH_SalVentAttnB_PFCmp,,,,,,,,,,,,,,,,,,,,,,,,,,,,,,-0.024,-0.041,-0.053,-0.049,-0.033,-0.056,-0.038,-0.014,0.006,-0.038,0.011,0.019,0.019,-0.032,0.068,-0.005,-0.02,0.035,-0.005,0.019,-0.018,-0.034,0.014,0.018,-0.015,0.012,-0.018,-0.096,0.011,-0.103,-0.104,0.071,-0.054,-0.015,0.059,0.133,0.073,0.071,-0.019,0.112,0.041,0.017,0.066,-0.017,0.067,0.001,0.024,0.012,0.002,-0.017,-0.038,0.005,-0.005,-0.074,-0.034,0.076,-0.085,-0.027,0.009,0.028,-0.028,-0.002,-0.048,-0.016,0.047,-0.103,-0.038,0.008,-0.027,-0.017,0.031,-0.046,0.033,0.014,0.065,-0.039,-0.015,-0.05,0.009,0.015,0.011,-0.016,-0.02,-0.082,-0.048,-0.05,-0.019
ctx-lh-17Networks_LH_Limbic_TempPole,,,,,,,,,,,,,,,,,,,,,,,,,,,,,,,0.013,0.108,0.014,0.015,0.069,0.021,-0.023,0.061,-0.104,0.025,-0.027,-0.096,-0.046,-0.067,-0.074,-0.082,-0.1,-0.07,-0.083,0.034,-0.116,-0.111,-0.056,-0.035,-0.023,-0.038,0.031,-0.017,0.06,0.032,0.001,0.133,0.024,0.001,-0.019,0.06,0.038,-0.006,0.001,0.052,0.035,0.06,0.103,0.026,0.044,0.078,0.025,0.058,0.023,0.026,-0.018,0.024,-0.118,-0.045,-0.107,-0.073,-0.068,-0.016,-0.019,-0.047,0.033,0.074,0.025,0.056,0.023,-0.019,0.013,-0.104,-0.022,-0.085,-0.053,-0.024,-0.084,-0.01,-0.073,-0.106,-0.041,-0.096,-0.045,0.009,-0.133,-0.1,0.021,-0.019,0.062,0.011
ctx-lh-17Networks_LH_Limbic_OFC,,,,,,,,,,,,,,,,,,,,,,,,,,,,,,,,0.092,0.097,-0.02,0.115,0.125,-0.001,-0.012,0.015,0.048,-0.01,-0.008,0.043,-0.046,-0.015,-0.069,-0.098,-0.123,-0.083,-0.12,-0.092,-0.107,-0.021,-0.027,0.041,-0.044,0.071,-0.011,0.03,0.033,0.038,0.068,0.051,0.049,-0.141,-0.025,-0.051,-0.095,-0.004,0.055,0.061,0.024,0.034,-0.033,0.013,0.029,0.013,0.041,-0.01,0.034,0.006,-0.029,-0.014,0.002,-0.027,0.03,0.002,-0.026,0.021,-0.024,0.027,0.123,0.103,0.067,0.105,0.0,0.05,-0.017,-0.003,0.065,-0.0,0.013,-0.051,-0.113,-0.105,-0.086,-0.075,-0.083,-0.051,-0.081,-0.122,-0.009,0.022,0.01,0.083,-0.003
ctx-lh-17Networks_LH_ContA_Temp,,,,,,,,,,,,,,,,,,,,,,,,,,,,,,,,,-0.104,-0.071,-0.056,-0.117,0.061,0.004,-0.029,-0.005,0.008,-0.064,-0.072,0.015,0.033,0.091,0.067,0.158,0.147,0.111,0.073,0.08,-0.054,-0.021,0.009,0.125,0.125,-0.037,0.104,-0.008,0.015,-0.021,0.008,-0.056,-0.044,0.013,-0.025,0.001,-0.057,0.024,0.031,-0.065,-0.017,-0.052,-0.132,-0.042,-0.122,-0.134,-0.128,-0.084,-0.079,-0.126,-0.077,-0.041,-0.081,-0.07,-0.097,-0.092,-0.024,0.08,0.027,-0.079,-0.13,-0.153,-0.1,-0.003,-0.011,-0.022,-0.05,-0.07,-0.017,0.006,0.054,0.106,0.09,0.125,0.146,0.147,0.005,0.123,0.104,0.033,0.038,0.081,0.083,-0.037
ctx-lh-17Networks_LH_ContA_IPS,,,,,,,,,,,,,,,,,,,,,,,,,,,,,,,,,,0.01,-0.089,-0.088,0.07,-0.074,0.001,-0.041,-0.006,0.011,-0.009,0.057,0.053,0.06,0.084,0.115,0.107,0.002,0.036,0.022,-0.025,-0.039,-0.001,0.133,-0.005,-0.068,0.052,-0.003,0.022,0.007,0.031,0.061,-0.011,0.026,-0.006,-0.06,0.025,0.032,0.035,-0.026,-0.002,0.002,-0.109,0.005,-0.069,-0.081,-0.096,-0.057,-0.017,-0.117,-0.071,-0.084,-0.053,-0.019,-0.072,-0.091,-0.017,0.014,0.026,-0.125,-0.102,-0.118,-0.138,-0.046,-0.081,-0.019,-0.127,-0.026,-0.037,0.037,0.056,0.025,-0.017,0.036,0.065,0.068,-0.053,0.05,0.005,0.001,-0.06,0.036,-0.037,-0.057
ctx-lh-17Networks_LH_ContA_PFCd,,,,,,,,,,,,,,,,,,,,,,,,,,,,,,,,,,,0.043,-0.003,0.028,-0.085,0.003,-0.067,0.013,-0.01,0.03,0.117,0.085,-0.002,0.046,0.045,0.008,-0.002,0.018,0.018,-0.019,-0.01,0.008,0.075,-0.03,0.032,-0.005,-0.016,-0.0,-0.02,0.03,0.036,-0.012,0.009,0.004,0.016,0.016,0.014,0.024,0.015,-0.021,0.061,-0.064,0.041,0.002,0.0,-0.029,-0.009,0.015,-0.056,0.036,-0.039,0.016,0.034,0.064,0.011,0.009,-0.021,-0.005,-0.029,0.028,-0.051,-0.024,-0.006,-0.005,0.04,-0.042,0.031,0.045,0.078,0.049,-0.023,-0.037,0.045,0.007,0.04,-0.007,-0.009,-0.008,0.006,-0.057,0.032,0.071,0.017
ctx-lh-17Networks_LH_ContA_PFCl,,,,,,,,,,,,,,,,,,,,,,,,,,,,,,,,,,,,-0.009,0.047,-0.047,-0.043,0.053,0.042,0.022,-0.065,0.024,0.05,0.026,0.113,0.082,0.138,0.03,-0.015,0.063,-0.043,-0.01,0.022,0.052,-0.045,-0.094,0.098,-0.036,0.009,-0.04,-0.024,-0.005,-0.033,-0.004,-0.06,-0.036,-0.039,0.008,0.052,-0.061,-0.018,-0.007,-0.118,-0.029,-0.063,-0.047,-0.131,-0.022,-0.027,-0.085,-0.064,-0.042,-0.015,0.023,-0.098,-0.064,0.018,0.064,0.112,-0.053,-0.045,-0.065,-0.052,-0.015,-0.017,-0.002,-0.074,0.032,-0.015,0.04,0.073,0.086,0.041,0.08,0.091,0.14,-0.032,0.084,0.063,0.017,-0.017,0.025,-0.023,-0.056
ctx-lh-17Networks_LH_ContA_PFClv,,,,,,,,,,,,,,,,,,,,,,,,,,,,,,,,,,,,,0.022,-0.038,-0.011,0.056,0.06,0.054,-0.002,0.039,0.004,0.068,0.123,0.129,0.153,0.062,0.044,0.098,0.035,0.032,-0.026,0.097,-0.016,-0.063,0.043,-0.078,-0.029,-0.05,-0.015,-0.006,-0.029,0.007,-0.027,-0.074,-0.03,-0.003,0.013,-0.046,-0.084,-0.054,-0.1,-0.057,-0.105,-0.069,-0.125,-0.067,-0.069,-0.115,-0.095,-0.064,-0.06,-0.048,-0.069,-0.092,-0.015,0.041,0.118,-0.067,-0.008,-0.048,-0.041,-0.011,0.006,0.052,-0.032,0.04,0.012,0.069,0.007,0.084,0.072,0.114,0.117,0.146,-0.029,0.108,0.066,0.005,-0.034,0.051,0.023,-0.034
ctx-lh-17Networks_LH_ContA_Cinga,,,,,,,,,,,,,,,,,,,,,,,,,,,,,,,,,,,,,,-0.022,0.003,-0.0,-0.004,0.017,-0.002,-0.002,0.026,-0.002,0.012,-0.069,-0.072,-0.087,-0.038,-0.048,0.01,-0.045,-0.0,-0.071,-0.033,-0.013,-0.02,0.018,0.039,-0.004,0.043,0.042,-0.019,0.027,0.009,-0.014,0.059,0.083,0.059,0.037,-0.013,0.03,-0.04,0.039,0.027,0.046,0.042,0.056,0.05,0.032,0.004,-0.008,0.009,0.021,-0.024,0.016,0.02,-0.01,-0.029,0.072,0.035,0.015,0.078,-0.045,0.006,0.004,-0.022,-0.03,0.0,0.008,0.01,-0.098,-0.006,-0.031,-0.04,-0.046,-0.01,-0.092,-0.025,-0.053,0.04,-0.052,-0.029,0.045
ctx-lh-17Networks_LH_ContB_Temp,,,,,,,,,,,,,,,,,,,,,,,,,,,,,,,,,,,,,,,-0.048,-0.069,-0.05,-0.074,-0.043,-0.054,0.039,0.031,0.01,0.108,0.11,0.051,0.007,0.04,-0.103,-0.017,0.043,0.055,0.063,0.017,0.063,0.021,0.025,0.021,0.038,-0.008,-0.13,-0.055,-0.006,-0.002,-0.048,0.011,0.038,-0.085,0.009,-0.042,-0.091,-0.055,-0.031,-0.062,-0.047,0.013,-0.028,-0.018,-0.01,0.004,-0.059,0.036,-0.021,-0.036,0.044,0.006,-0.037,0.005,-0.063,-0.129,-0.048,-0.016,-0.039,-0.033,-0.102,-0.07,0.021,0.007,0.038,0.038,0.039,0.03,0.112,0.074,0.026,0.049,0.054,-0.002,0.036,0.073,0.042,0.047
ctx-lh-17Networks_LH_ContB_IPL,,,,,,,,,,,,,,,,,,,,,,,,,,,,,,,,,,,,,,,,-0.045,-0.014,0.016,0.003,0.03,0.054,-0.037,0.08,0.072,0.054,-0.09,-0.045,-0.029,-0.02,-0.147,0.01,0.102,0.063,-0.022,0.022,0.069,0.117,0.038,0.104,0.113,-0.11,-0.087,-0.056,-0.027,0.047,0.071,0.042,0.004,0.037,0.003,-0.049,-0.047,-0.016,0.013,-0.081,0.011,-0.028,-0.057,-0.044,-0.026,0.026,0.044,-0.012,-0.037,0.045,-0.081,-0.046,-0.022,0.031,-0.055,-0.037,0.053,-0.086,-0.032,-0.107,-0.009,-0.005,0.08,0.031,-0.101,-0.106,-0.04,0.005,-0.065,-0.122,-0.12,-0.105,-0.13,-0.075,0.036,0.033,-0.043
ctx-lh-17Networks_LH_ContB_PFCd,,,,,,,,,,,,,,,,,,,,,,,,,,,,,,,,,,,,,,,,,0.019,0.039,0.006,-0.01,0.064,-0.076,-0.006,-0.027,0.043,-0.003,-0.02,0.054,-0.015,0.028,-0.032,0.001,-0.001,0.027,0.013,0.02,0.031,0.051,0.1,0.063,-0.068,-0.074,-0.073,-0.032,-0.066,0.055,0.036,-0.033,-0.013,0.003,-0.038,-0.032,0.012,-0.031,-0.035,0.047,0.013,-0.035,0.039,0.008,0.057,0.124,0.101,0.027,0.019,-0.019,0.03,0.035,0.017,-0.071,0.037,-0.0,-0.011,-0.014,-0.05,0.038,0.063,0.028,0.004,-0.052,-0.109,0.008,-0.067,0.02,-0.034,-0.031,0.003,0.039,-0.081,-0.012,0.039,0.006
ctx-lh-17Networks_LH_ContB_PFCl,,,,,,,,,,,,,,,,,,,,,,,,,,,,,,,,,,,,,,,,,,0.019,0.033,-0.072,-0.007,-0.067,0.038,-0.034,0.061,-0.082,-0.057,-0.005,0.016,-0.048,-0.004,-0.027,0.019,-0.011,0.01,0.043,0.06,0.004,0.028,0.039,-0.058,-0.033,0.016,0.02,0.022,0.059,0.035,-0.033,0.057,-0.005,-0.052,-0.014,0.023,0.042,-0.019,0.051,-0.011,0.003,-0.027,0.049,0.018,0.1,0.037,0.024,0.066,-0.015,0.034,0.027,0.037,-0.045,0.03,0.068,-0.038,-0.013,-0.069,0.018,0.035,0.006,-0.028,-0.073,-0.084,-0.023,-0.047,0.013,-0.068,-0.052,-0.084,-0.073,-0.044,0.004,0.043,0.02
ctx-lh-17Networks_LH_ContB_PFClv,,,,,,,,,,,,,,,,,,,,,,,,,,,,,,,,,,,,,,,,,,,0.043,0.068,0.07,0.02,0.104,0.092,0.127,-0.101,0.012,-0.005,-0.008,-0.075,0.047,0.138,0.065,-0.046,0.083,-0.051,-0.044,-0.028,0.033,0.052,-0.105,-0.046,0.003,0.008,0.001,-0.043,0.011,-0.014,-0.046,-0.025,-0.025,-0.031,-0.006,0.041,0.006,0.025,0.03,-0.006,-0.017,-0.014,-0.026,0.032,0.071,0.003,0.074,-0.057,-0.017,0.025,0.055,0.02,0.046,0.078,-0.03,0.043,-0.016,0.041,0.056,0.105,0.069,-0.068,-0.014,0.041,0.1,0.079,-0.058,-0.019,-0.068,-0.049,-0.039,0.13,0.099,-0.002
ctx-lh-17Networks_LH_ContB_PFCmp,,,,,,,,,,,,,,,,,,,,,,,,,,,,,,,,,,,,,,,,,,,,0.026,0.038,-0.01,0.073,0.039,0.094,-0.022,-0.017,0.02,-0.037,-0.109,-0.0,0.025,-0.02,0.006,-0.047,-0.066,0.033,-0.063,0.026,0.013,-0.053,-0.043,-0.0,-0.003,0.063,0.006,0.014,-0.049,-0.012,-0.002,-0.075,-0.036,0.015,-0.04,-0.044,-0.009,-0.032,-0.084,-0.01,-0.024,0.11,0.07,-0.007,-0.025,0.025,-0.034,0.049,-0.0,0.055,0.008,-0.05,0.067,0.04,0.073,-0.012,0.083,0.018,0.048,0.003,0.039,-0.012,0.051,0.032,0.059,-0.012,-0.018,-0.023,-0.069,-0.034,0.004,-0.002,0.039
ctx-lh-17Networks_LH_ContC_pCun,,,,,,,,,,,,,,,,,,,,,,,,,,,,,,,,,,,,,,,,,,,,,-0.018,-0.082,0.002,-0.082,-0.074,-0.144,-0.025,-0.083,-0.003,-0.056,-0.077,0.007,-0.033,0.023,-0.071,0.032,0.096,0.058,0.065,0.11,0.114,0.05,0.038,0.014,0.106,0.002,-0.01,0.08,-0.006,0.134,0.033,0.073,0.04,0.006,0.011,0.005,0.074,0.009,-0.023,-0.027,0.105,0.025,0.061,0.016,-0.014,-0.086,-0.08,-0.037,0.062,0.047,-0.086,0.025,-0.079,-0.053,-0.085,0.03,0.005,-0.077,-0.026,-0.198,-0.187,-0.081,-0.2,-0.136,-0.166,-0.191,-0.147,-0.126,-0.143,-0.053,-0.035,-0.147
ctx-lh-17Networks_LH_ContC_Cingp,,,,,,,,,,,,,,,,,,,,,,,,,,,,,,,,,,,,,,,,,,,,,,0.036,0.047,0.013,-0.059,-0.049,0.017,-0.027,0.071,-0.025,-0.031,0.093,-0.004,0.099,-0.029,0.003,0.118,0.027,0.09,0.062,0.093,0.094,0.066,-0.016,0.181,0.04,0.026,0.07,-0.059,0.05,-0.049,0.013,-0.014,0.016,-0.048,-0.045,-0.028,-0.042,-0.082,-0.062,-0.041,-0.075,-0.035,-0.091,0.041,-0.103,-0.054,-0.081,0.028,0.01,-0.054,0.021,-0.01,-0.023,-0.062,-0.015,-0.045,-0.056,-0.019,-0.053,-0.066,-0.099,-0.093,-0.144,-0.072,-0.087,-0.152,-0.13,-0.012,0.02,-0.015,0.021
ctx-lh-17Networks_LH_DefaultA_IPL,,,,,,,,,,,,,,,,,,,,,,,,,,,,,,,,,,,,,,,,,,,,,,,-0.083,-0.069,-0.101,-0.064,-0.061,-0.03,-0.086,-0.036,0.067,-0.033,-0.003,0.083,-0.032,0.14,0.126,0.093,0.073,0.089,-0.138,-0.095,-0.092,-0.025,-0.085,0.056,0.094,0.036,0.092,-0.045,0.025,-0.035,0.073,0.096,0.001,0.08,0.026,0.067,0.095,0.057,0.096,0.212,0.039,0.08,0.037,-0.078,-0.059,0.131,0.057,-0.036,0.141,-0.001,-0.017,-0.001,-0.042,0.009,0.034,-0.027,-0.054,-0.184,-0.168,-0.096,-0.144,-0.114,-0.056,-0.173,-0.048,-0.031,0.014,-0.057,-0.046,0.04
ctx-lh-17Networks_LH_DefaultA_PFCd,,,,,,,,,,,,,,,,,,,,,,,,,,,,,,,,,,,,,,,,,,,,,,,,-0.087,-0.077,-0.099,-0.012,0.021,0.066,0.023,0.019,-0.065,-0.084,0.112,-0.099,0.041,0.053,0.004,0.03,0.05,-0.11,-0.052,-0.005,-0.002,0.033,0.013,0.061,-0.013,0.057,-0.051,-0.006,-0.009,0.067,0.09,0.074,0.097,0.032,0.05,0.126,0.07,0.145,0.122,0.134,0.08,0.046,-0.132,-0.039,0.081,0.114,0.008,0.1,0.028,0.033,0.081,0.019,0.054,0.105,0.035,-0.036,-0.192,-0.157,-0.106,-0.151,-0.096,-0.006,-0.188,-0.061,-0.026,-0.068,-0.094,-0.046,0.091
ctx-lh-17Networks_LH_DefaultA_PCC,,,,,,,,,,,,,,,,,,,,,,,,,,,,,,,,,,,,,,,,,,,,,,,,,-0.19,-0.077,-0.004,-0.076,0.036,0.01,0.023,-0.062,0.012,0.153,-0.087,0.127,0.144,0.109,0.107,0.09,-0.112,-0.053,-0.065,-0.047,-0.025,0.061,0.119,0.062,0.084,-0.056,-0.006,-0.05,0.024,0.103,0.001,0.027,0.004,0.004,0.078,-0.019,0.048,0.143,0.033,0.036,-0.01,-0.076,-0.091,0.14,0.07,-0.012,0.136,-0.011,0.013,0.016,-0.029,0.039,-0.005,-0.035,-0.068,-0.215,-0.141,-0.146,-0.314,-0.239,-0.073,-0.213,-0.144,-0.086,0.024,-0.056,-0.011,0.074
ctx-lh-17Networks_LH_DefaultA_PFCm,,,,,,,,,,,,,,,,,,,,,,,,,,,,,,,,,,,,,,,,,,,,,,,,,,-0.119,-0.052,-0.006,0.086,0.049,0.029,-0.117,-0.039,0.087,-0.111,0.021,0.12,0.039,0.066,0.094,-0.122,-0.039,-0.042,-0.06,-0.02,0.046,0.081,0.052,0.055,-0.061,-0.017,-0.002,0.05,0.086,0.037,0.059,-0.017,0.023,0.09,0.04,0.094,0.091,0.128,0.048,0.001,-0.09,-0.02,0.127,0.121,0.033,0.148,0.014,0.07,0.038,0.085,0.107,0.053,-0.037,-0.15,-0.201,-0.151,-0.089,-0.235,-0.161,-0.043,-0.16,-0.088,-0.02,-0.026,-0.091,-0.008,0.07
ctx-lh-17Networks_LH_DefaultB_Temp,,,,,,,,,,,,,,,,,,,,,,,,,,,,,,,,,,,,,,,,,,,,,,,,,,,-0.143,-0.151,-0.077,-0.105,0.061,-0.108,0.058,0.101,0.039,0.126,0.1,0.105,0.016,0.007,-0.119,-0.058,-0.011,0.042,-0.09,0.064,0.085,-0.007,0.105,-0.035,0.039,-0.058,0.093,0.087,0.038,0.083,0.002,0.081,0.002,0.033,-0.048,0.066,-0.052,0.025,0.009,0.015,-0.092,0.095,-0.003,-0.012,0.08,0.037,-0.044,-0.109,-0.054,-0.101,-0.045,-0.065,-0.055,-0.174,-0.088,-0.151,-0.062,-0.182,-0.115,-0.124,-0.185,-0.158,0.056,-0.066,0.016,0.068
ctx-lh-17Networks_LH_DefaultB_IPL,,,,,,,,,,,,,,,,,,,,,,,,,,,,,,,,,,,,,,,,,,,,,,,,,,,,-0.107,-0.005,-0.154,0.006,-0.04,0.009,0.08,-0.021,0.127,0.099,0.089,0.05,0.072,-0.14,-0.076,-0.066,-0.023,-0.038,0.041,0.06,0.009,0.109,-0.041,0.049,-0.029,0.058,0.1,-0.034,0.055,0.041,0.043,0.055,0.035,0.073,0.087,0.002,0.053,0.03,-0.11,-0.088,0.072,0.012,0.014,0.044,0.055,-0.065,-0.045,-0.029,-0.014,-0.021,0.02,-0.026,-0.182,-0.11,-0.066,-0.08,-0.116,-0.162,-0.234,-0.152,-0.174,-0.007,-0.07,-0.044,-0.003
ctx-lh-17Networks_LH_DefaultB_PFCd,,,,,,,,,,,,,,,,,,,,,,,,,,,,,,,,,,,,,,,,,,,,,,,,,,,,,0.008,-0.112,0.07,-0.094,0.015,0.054,-0.022,0.009,0.05,0.022,0.03,0.033,-0.061,-0.03,0.033,0.014,-0.006,0.05,0.055,-0.048,0.091,-0.069,-0.013,-0.05,0.06,0.099,0.034,0.083,0.019,0.074,0.061,0.072,0.088,0.086,0.06,0.053,0.046,-0.098,-0.066,0.13,0.024,0.025,0.122,0.034,0.01,0.001,0.094,0.057,0.012,-0.007,-0.09,-0.124,-0.083,0.034,-0.085,-0.016,-0.044,-0.189,-0.107,-0.083,0.026,-0.047,0.014,0.106
ctx-lh-17Networks_LH_DefaultB_PFCl,,,,,,,,,,,,,,,,,,,,,,,,,,,,,,,,,,,,,,,,,,,,,,,,,,,,,,-0.079,0.038,-0.041,-0.028,0.018,0.054,0.007,0.019,0.016,0.022,0.058,-0.063,-0.027,0.008,0.042,-0.002,0.021,0.045,-0.078,0.064,-0.004,-0.05,-0.038,0.061,0.079,-0.003,0.035,0.081,0.066,0.091,0.077,0.048,0.023,0.002,0.057,0.047,-0.009,-0.043,-0.03,-0.028,-0.044,-0.009,0.006,-0.071,-0.002,-0.059,-0.019,0.014,0.021,0.032,-0.081,-0.063,-0.041,-0.024,-0.004,-0.047,-0.084,-0.053,-0.106,-0.056,-0.01,-0.041,0.06
ctx-lh-17Networks_LH_DefaultB_PFCv,,,,,,,,,,,,,,,,,,,,,,,,,,,,,,,,,,,,,,,,,,,,,,,,,,,,,,,0.027,-0.038,0.073,0.003,0.109,-0.06,0.002,-0.009,0.007,0.002,0.004,0.027,0.067,0.021,0.013,0.055,0.029,-0.028,0.083,-0.01,0.013,-0.038,0.1,0.103,0.034,0.066,0.056,0.095,-0.023,0.025,-0.03,0.045,-0.021,0.002,0.041,-0.038,0.006,0.061,-0.002,0.029,0.052,0.081,-0.05,-0.064,-0.008,-0.015,-0.043,0.024,-0.03,-0.083,-0.048,-0.018,0.019,-0.001,-0.14,-0.107,-0.128,-0.104,0.044,0.008,0.033,0.017
ctx-lh-17Networks_LH_DefaultC_IPL,,,,,,,,,,,,,,,,,,,,,,,,,,,,,,,,,,,,,,,,,,,,,,,,,,,,,,,,0.039,-0.022,0.037,-0.046,0.046,0.065,-0.015,-0.016,0.005,0.027,0.015,-0.015,-0.003,0.008,0.026,-0.014,0.001,-0.001,-0.022,-0.013,0.032,-0.045,0.001,-0.038,-0.035,-0.042,-0.014,-0.058,0.011,0.023,0.041,-0.036,0.005,0.002,-0.068,0.031,0.009,-0.003,-0.044,-0.036,0.017,0.031,-0.016,-0.055,0.028,0.016,-0.138,-0.088,-0.043,-0.076,-0.005,-0.064,0.037,-0.063,-0.04,0.048,-0.028,-0.052,-0.054,-0.028,-0.075
ctx-lh-17Networks_LH_DefaultC_Rsp,,,,,,,,,,,,,,,,,,,,,,,,,,,,,,,,,,,,,,,,,,,,,,,,,,,,,,,,,-0.047,0.0,-0.13,0.116,0.103,0.031,0.025,0.053,-0.065,-0.063,-0.102,-0.049,-0.047,-0.026,0.037,0.106,-0.008,-0.004,-0.0,0.005,-0.015,0.028,0.002,-0.007,0.042,-0.025,0.08,-0.032,0.12,0.12,0.007,0.042,-0.068,-0.103,-0.018,0.093,0.095,0.032,0.023,-0.049,-0.029,0.04,-0.012,0.084,-0.001,0.009,0.031,-0.226,-0.148,-0.054,-0.154,-0.146,-0.127,-0.155,-0.089,-0.079,-0.019,-0.156,-0.066,-0.089
ctx-lh-17Networks_LH_DefaultC_PHC,,,,,,,,,,,,,,,,,,,,,,,,,,,,,,,,,,,,,,,,,,,,,,,,,,,,,,,,,,0.025,-0.024,0.085,0.09,-0.007,-0.018,-0.013,-0.074,-0.02,-0.09,-0.075,-0.043,0.033,0.012,0.014,0.01,-0.05,-0.12,0.017,-0.031,-0.046,-0.068,-0.067,-0.002,-0.097,-0.017,-0.053,0.006,-0.006,-0.067,-0.053,-0.068,-0.014,0.07,0.043,-0.024,-0.112,-0.076,-0.09,0.036,-0.002,-0.056,0.03,-0.005,-0.023,-0.027,-0.049,-0.063,-0.061,-0.047,-0.036,-0.005,-0.038,-0.001,0.022,0.02,-0.07,-0.084,-0.038
ctx-lh-17Networks_LH_TempPar,,,,,,,,,,,,,,,,,,,,,,,,,,,,,,,,,,,,,,,,,,,,,,,,,,,,,,,,,,,0.032,0.135,0.007,0.067,-0.084,-0.103,-0.192,-0.124,-0.176,-0.055,-0.172,-0.022,-0.032,-0.021,-0.027,-0.135,-0.032,-0.058,-0.059,0.034,-0.073,-0.036,-0.027,-0.0,-0.004,-0.04,-0.003,-0.034,-0.076,0.055,-0.001,-0.017,-0.019,0.009,-0.041,0.003,-0.015,0.005,-0.048,0.007,0.021,-0.035,-0.0,0.049,0.124,-0.009,0.068,0.055,0.129,0.073,-0.074,-0.012,0.02,-0.05,0.092,0.006,-0.06,-0.184
ctx-rh-Background+FreeSurfer_Defined_Medial_Wall,,,,,,,,,,,,,,,,,,,,,,,,,,,,,,,,,,,,,,,,,,,,,,,,,,,,,,,,,,,,-0.063,0.048,-0.076,-0.062,-0.037,0.022,0.072,0.019,-0.08,0.036,0.129,0.084,0.082,0.02,0.044,-0.011,0.059,-0.022,0.026,-0.017,0.029,-0.048,-0.017,-0.007,-0.01,-0.028,0.009,-0.051,-0.098,-0.024,0.041,0.069,0.098,0.039,0.002,0.028,-0.041,0.11,-0.04,-0.011,0.093,-0.108,-0.041,-0.064,0.012,-0.026,-0.073,-0.094,-0.122,0.004,0.118,-0.03,0.059,0.058,-0.081,0.024,0.051
ctx-rh-17Networks_RH_VisCent_Striate,,,,,,,,,,,,,,,,,,,,,,,,,,,,,,,,,,,,,,,,,,,,,,,,,,,,,,,,,,,,,0.019,-0.06,0.057,0.054,0.061,0.052,-0.004,-0.004,-0.013,-0.091,-0.001,-0.007,0.022,0.008,0.011,-0.038,-0.06,-0.07,-0.031,-0.146,-0.001,-0.031,-0.065,-0.013,-0.081,-0.15,-0.156,-0.116,-0.048,0.016,-0.032,-0.013,-0.081,-0.035,-0.108,0.013,-0.022,0.013,-0.062,-0.087,-0.084,-0.02,-0.043,0.071,0.135,0.006,0.104,0.002,0.063,0.03,-0.009,-0.099,0.078,0.076,0.015,0.081
ctx-rh-17Networks_RH_VisCent_ExStr,,,,,,,,,,,,,,,,,,,,,,,,,,,,,,,,,,,,,,,,,,,,,,,,,,,,,,,,,,,,,,0.008,-0.004,0.003,-0.053,-0.0,-0.018,0.058,0.009,-0.194,-0.062,-0.082,-0.016,-0.088,-0.051,-0.002,-0.008,-0.084,0.012,-0.059,0.038,-0.016,0.044,-0.028,-0.023,-0.071,-0.002,0.053,-0.021,-0.003,-0.006,0.003,-0.013,0.006,-0.049,-0.003,0.022,0.105,0.023,-0.048,0.049,0.012,0.135,0.039,0.136,0.035,0.106,0.114,0.092,-0.018,0.034,-0.003,0.094,0.086,0.023,-0.053
ctx-rh-17Networks_RH_VisPeri_Striate,,,,,,,,,,,,,,,,,,,,,,,,,,,,,,,,,,,,,,,,,,,,,,,,,,,,,,,,,,,,,,,0.007,0.05,0.073,0.007,-0.036,-0.031,-0.017,-0.023,-0.027,0.08,-0.004,0.033,0.037,0.044,-0.059,-0.039,-0.046,-0.096,0.01,-0.065,-0.032,-0.073,-0.067,-0.136,-0.17,-0.083,-0.096,0.121,-0.012,-0.048,-0.017,-0.001,-0.103,-0.046,-0.001,-0.011,-0.059,-0.063,-0.111,-0.024,0.006,0.097,0.07,-0.018,0.051,0.003,0.021,0.111,-0.018,-0.077,0.006,0.063,-0.008,-0.037
ctx-rh-17Networks_RH_VisPeri_ExStrInf,,,,,,,,,,,,,,,,,,,,,,,,,,,,,,,,,,,,,,,,,,,,,,,,,,,,,,,,,,,,,,,,-0.11,-0.039,-0.028,-0.076,-0.048,-0.051,-0.076,-0.096,0.034,-0.078,-0.044,-0.006,0.064,-0.052,-0.049,-0.03,-0.064,0.01,-0.079,0.053,-0.066,-0.006,-0.034,-0.078,-0.004,-0.076,0.016,0.015,-0.016,0.052,0.006,-0.044,-0.028,0.016,0.09,0.026,0.002,-0.021,0.006,0.073,0.062,0.073,0.053,0.074,0.039,0.03,0.016,-0.013,-0.008,-0.01,0.054,-0.025,-0.145
ctx-rh-17Networks_RH_VisPeri_ExStrSup,,,,,,,,,,,,,,,,,,,,,,,,,,,,,,,,,,,,,,,,,,,,,,,,,,,,,,,,,,,,,,,,,-0.051,-0.049,-0.083,-0.01,-0.041,-0.115,-0.052,0.082,-0.1,-0.029,0.011,0.034,-0.055,-0.065,-0.065,-0.066,0.022,-0.051,0.017,-0.037,0.018,-0.053,-0.052,0.034,-0.09,0.003,-0.035,-0.076,0.052,0.021,-0.066,0.0,-0.038,0.084,0.017,0.006,0.01,0.009,0.062,0.011,0.067,0.058,0.019,0.046,-0.032,-0.007,0.006,-0.03,0.024,0.046,-0.043,-0.218
ctx-rh-17Networks_RH_SomMotA,,,,,,,,,,,,,,,,,,,,,,,,,,,,,,,,,,,,,,,,,,,,,,,,,,,,,,,,,,,,,,,,,,-0.091,0.003,0.068,-0.108,-0.008,0.01,0.051,-0.016,0.052,0.093,-0.046,0.153,0.039,0.164,0.153,0.094,0.193,0.109,0.132,0.107,0.007,0.135,0.187,0.075,0.029,-0.038,0.039,0.024,0.032,0.084,-0.03,-0.018,-0.003,0.032,-0.048,0.05,0.132,0.102,-0.042,-0.065,-0.029,-0.068,-0.092,-0.025,-0.033,0.016,0.068,0.036,0.005,-0.002,-0.118
ctx-rh-17Networks_RH_SomMotB_Cent,,,,,,,,,,,,,,,,,,,,,,,,,,,,,,,,,,,,,,,,,,,,,,,,,,,,,,,,,,,,,,,,,,,-0.182,-0.019,-0.121,0.044,0.017,0.062,-0.002,-0.036,0.044,-0.031,-0.03,0.074,0.002,0.047,0.047,0.037,0.092,0.04,0.104,0.082,0.075,0.112,0.101,0.076,0.078,0.049,0.091,0.037,0.128,0.079,-0.022,0.06,0.063,0.064,0.033,0.083,0.11,0.013,-0.016,0.023,-0.046,0.001,-0.048,-0.018,0.061,0.058,0.037,-0.032,-0.005,-0.114
ctx-rh-17Networks_RH_SomMotB_S2,,,,,,,,,,,,,,,,,,,,,,,,,,,,,,,,,,,,,,,,,,,,,,,,,,,,,,,,,,,,,,,,,,,,-0.046,-0.081,-0.01,0.009,0.078,-0.081,-0.015,0.078,-0.023,0.02,0.012,0.132,0.041,0.018,0.068,0.047,0.024,0.114,0.042,0.054,0.077,0.032,0.074,0.03,0.014,0.054,0.051,0.044,-0.001,0.018,0.034,0.025,0.039,-0.023,0.053,0.093,0.07,-0.004,0.009,-0.082,-0.033,-0.002,0.075,0.075,0.048,0.01,-0.062,-0.041,-0.148
ctx-rh-17Networks_RH_SomMotB_Ins,,,,,,,,,,,,,,,,,,,,,,,,,,,,,,,,,,,,,,,,,,,,,,,,,,,,,,,,,,,,,,,,,,,,,-0.086,0.036,0.022,0.097,-0.043,0.048,0.069,0.0,-0.012,0.004,0.016,-0.04,-0.031,-0.012,0.009,-0.02,0.075,-0.018,-0.015,-0.025,-0.001,0.002,-0.059,-0.005,0.014,0.031,0.003,-0.058,-0.024,-0.013,0.039,-0.013,0.001,0.022,-0.006,0.019,0.036,-0.002,-0.043,-0.059,-0.03,0.013,0.034,-0.032,0.001,-0.003,-0.045,-0.064
ctx-rh-17Networks_RH_SomMotB_Aud,,,,,,,,,,,,,,,,,,,,,,,,,,,,,,,,,,,,,,,,,,,,,,,,,,,,,,,,,,,,,,,,,,,,,,-0.002,0.021,0.081,-0.116,-0.007,0.046,0.033,0.066,0.069,0.09,0.081,0.032,0.058,0.1,0.031,0.125,0.049,0.123,0.126,0.103,0.033,0.048,-0.004,0.079,0.034,0.048,0.044,0.003,-0.004,0.051,0.047,0.033,0.108,0.173,0.012,-0.072,0.017,-0.085,-0.038,-0.069,0.047,-0.009,0.03,-0.029,-0.04,-0.018,-0.211
ctx-rh-17Networks_RH_DorsAttnA_TempOcc,,,,,,,,,,,,,,,,,,,,,,,,,,,,,,,,,,,,,,,,,,,,,,,,,,,,,,,,,,,,,,,,,,,,,,,-0.048,-0.105,-0.02,-0.099,-0.049,0.006,-0.002,-0.048,0.016,-0.003,0.031,0.042,0.076,0.011,-0.018,-0.014,0.048,0.046,-0.02,0.119,0.048,0.009,-0.012,0.002,0.005,-0.04,0.037,0.099,0.101,-0.007,0.077,0.018,0.101,0.128,0.129,0.057,0.096,0.129,0.09,0.073,0.119,0.124,0.093,0.026,0.024,0.021
ctx-rh-17Networks_RH_DorsAttnA_ParOcc,,,,,,,,,,,,,,,,,,,,,,,,,,,,,,,,,,,,,,,,,,,,,,,,,,,,,,,,,,,,,,,,,,,,,,,,-0.056,0.046,-0.037,-0.072,0.034,-0.008,-0.069,-0.039,-0.053,0.05,-0.024,0.009,-0.051,-0.02,-0.011,-0.03,-0.027,-0.024,0.037,0.057,-0.001,0.008,-0.027,-0.006,0.002,0.025,0.095,0.079,0.014,0.057,-0.023,0.047,0.056,0.119,0.086,0.109,0.127,0.029,0.004,0.1,0.049,0.123,0.052,-0.002,-0.073
ctx-rh-17Networks_RH_DorsAttnA_SPL,,,,,,,,,,,,,,,,,,,,,,,,,,,,,,,,,,,,,,,,,,,,,,,,,,,,,,,,,,,,,,,,,,,,,,,,,-0.016,0.021,-0.061,0.007,0.027,-0.045,0.058,0.032,0.131,0.053,-0.029,-0.011,-0.002,-0.042,0.048,0.034,-0.011,0.041,-0.021,-0.131,-0.038,-0.02,-0.089,-0.041,-0.072,0.042,-0.009,-0.03,0.012,0.063,0.137,0.015,0.007,0.053,0.056,0.072,-0.02,-0.024,-0.022,0.035,0.024,0.1,0.01,-0.056
ctx-rh-17Networks_RH_DorsAttnB_TempOcc,,,,,,,,,,,,,,,,,,,,,,,,,,,,,,,,,,,,,,,,,,,,,,,,,,,,,,,,,,,,,,,,,,,,,,,,,,-0.093,-0.042,-0.023,-0.098,-0.046,-0.099,-0.099,-0.054,-0.096,0.018,-0.091,-0.081,-0.057,-0.067,-0.08,-0.017,0.118,0.036,0.012,-0.011,-0.033,-0.037,-0.043,0.043,0.046,0.025,-0.023,-0.015,-0.02,0.011,0.095,0.122,0.061,0.076,0.102,0.075,0.145,0.104,0.09,0.105,0.001,-0.002,-0.056
ctx-rh-17Networks_RH_DorsAttnB_PostC,,,,,,,,,,,,,,,,,,,,,,,,,,,,,,,,,,,,,,,,,,,,,,,,,,,,,,,,,,,,,,,,,,,,,,,,,,,0.031,-0.037,0.036,-0.003,0.065,0.041,0.115,0.105,0.034,0.031,0.048,-0.051,0.111,0.067,0.03,0.004,-0.005,-0.078,0.053,0.019,-0.013,-0.035,0.034,0.047,0.084,-0.008,0.076,0.123,0.111,0.015,-0.035,0.014,-0.036,-0.025,-0.011,-0.015,-0.02,0.043,-0.001,0.005,0.005,-0.084
ctx-rh-17Networks_RH_DorsAttnB_FEF,,,,,,,,,,,,,,,,,,,,,,,,,,,,,,,,,,,,,,,,,,,,,,,,,,,,,,,,,,,,,,,,,,,,,,,,,,,,-0.014,0.049,-0.008,0.039,0.02,0.044,0.064,0.026,0.026,-0.019,-0.066,-0.005,0.053,-0.01,0.066,0.033,-0.116,-0.061,-0.03,-0.118,-0.071,-0.011,0.014,-0.024,-0.02,-0.019,0.036,0.037,0.069,0.059,0.025,0.003,0.022,0.041,0.061,0.025,0.03,-0.011,-0.007,-0.074,0.0
ctx-rh-17Networks_RH_DorsAttnB_PrCv,,,,,,,,,,,,,,,,,,,,,,,,,,,,,,,,,,,,,,,,,,,,,,,,,,,,,,,,,,,,,,,,,,,,,,,,,,,,,-0.019,0.005,0.014,0.031,0.073,-0.019,0.023,-0.019,0.028,-0.017,0.037,0.014,0.069,0.08,0.058,-0.071,0.007,0.025,-0.004,-0.023,0.005,0.035,0.036,0.019,-0.023,0.126,0.092,0.068,0.011,0.044,-0.018,0.019,0.049,0.027,-0.003,0.011,0.028,0.037,0.052,0.008
ctx-rh-17Networks_RH_SalVentAttnA_ParOper,,,,,,,,,,,,,,,,,,,,,,,,,,,,,,,,,,,,,,,,,,,,,,,,,,,,,,,,,,,,,,,,,,,,,,,,,,,,,,-0.082,-0.101,-0.129,-0.046,-0.042,-0.041,-0.045,-0.039,-0.117,-0.046,-0.026,0.02,0.022,0.017,-0.103,-0.009,0.012,-0.104,0.025,0.032,0.042,0.037,-0.001,-0.007,0.007,0.039,0.15,0.077,0.039,-0.0,0.086,0.04,0.132,0.084,0.025,-0.003,-0.01,0.012,-0.075
ctx-rh-17Networks_RH_SalVentAttnA_PrC,,,,,,,,,,,,,,,,,,,,,,,,,,,,,,,,,,,,,,,,,,,,,,,,,,,,,,,,,,,,,,,,,,,,,,,,,,,,,,,-0.076,-0.084,-0.077,-0.068,-0.057,-0.071,-0.107,-0.1,-0.076,-0.062,0.006,0.075,0.071,-0.073,-0.055,0.021,-0.066,0.036,-0.0,0.04,0.051,0.061,-0.025,-0.038,0.053,0.141,0.123,0.075,0.076,0.08,0.085,0.131,0.109,0.047,0.011,0.037,-0.04,0.009
ctx-rh-17Networks_RH_SalVentAttnA_PrCv,,,,,,,,,,,,,,,,,,,,,,,,,,,,,,,,,,,,,,,,,,,,,,,,,,,,,,,,,,,,,,,,,,,,,,,,,,,,,,,,-0.151,-0.038,-0.059,-0.099,-0.081,-0.028,-0.088,-0.048,-0.041,0.042,0.066,0.024,-0.099,-0.037,0.009,-0.119,0.031,0.013,-0.04,-0.022,0.047,-0.05,-0.004,0.02,0.155,0.01,0.034,-0.032,0.04,0.014,0.14,0.047,0.02,-0.052,-0.004,-0.034,-0.082
ctx-rh-17Networks_RH_SalVentAttnA_Ins,,,,,,,,,,,,,,,,,,,,,,,,,,,,,,,,,,,,,,,,,,,,,,,,,,,,,,,,,,,,,,,,,,,,,,,,,,,,,,,,,-0.059,-0.09,-0.1,-0.096,-0.047,-0.083,-0.038,-0.123,-0.008,0.064,0.028,-0.089,-0.035,0.059,-0.069,0.008,-0.012,-0.02,0.011,-0.003,-0.056,-0.029,-0.049,0.137,0.059,0.075,0.008,0.052,0.022,0.165,0.077,0.017,-0.032,0.01,0.005,-0.064
ctx-rh-17Networks_RH_SalVentAttnA_ParMed,,,,,,,,,,,,,,,,,,,,,,,,,,,,,,,,,,,,,,,,,,,,,,,,,,,,,,,,,,,,,,,,,,,,,,,,,,,,,,,,,,-0.049,-0.047,-0.058,0.013,-0.119,0.018,-0.059,-0.016,-0.033,0.015,-0.104,0.017,-0.001,-0.126,0.016,-0.009,-0.03,-0.031,0.033,-0.02,0.039,-0.004,0.009,-0.016,0.007,-0.064,-0.026,-0.028,-0.017,-0.043,0.0,-0.022,0.02,0.046,-0.146
ctx-rh-17Networks_RH_SalVentAttnA_FrMed,,,,,,,,,,,,,,,,,,,,,,,,,,,,,,,,,,,,,,,,,,,,,,,,,,,,,,,,,,,,,,,,,,,,,,,,,,,,,,,,,,,-0.074,-0.046,-0.06,-0.153,-0.082,-0.045,0.002,0.043,-0.01,-0.091,-0.068,-0.006,-0.132,-0.051,0.032,-0.036,-0.033,0.005,-0.068,-0.037,0.002,0.122,0.063,0.027,-0.037,0.03,0.044,0.076,0.076,0.046,-0.034,-0.041,-0.056,-0.054
ctx-rh-17Networks_RH_SalVentAttnB_IPL,,,,,,,,,,,,,,,,,,,,,,,,,,,,,,,,,,,,,,,,,,,,,,,,,,,,,,,,,,,,,,,,,,,,,,,,,,,,,,,,,,,,-0.093,-0.107,-0.112,-0.096,-0.127,-0.0,-0.081,-0.069,-0.057,-0.025,0.026,-0.137,0.04,-0.007,0.005,-0.013,-0.025,-0.036,-0.024,-0.02,0.08,0.076,0.066,0.065,0.08,0.01,0.004,0.012,-0.088,-0.017,0.066,0.031,-0.032
ctx-rh-17Networks_RH_SalVentAttnB_PFCd,,,,,,,,,,,,,,,,,,,,,,,,,,,,,,,,,,,,,,,,,,,,,,,,,,,,,,,,,,,,,,,,,,,,,,,,,,,,,,,,,,,,,-0.005,-0.079,-0.068,-0.057,0.033,-0.033,-0.026,-0.038,-0.06,0.054,-0.082,0.022,0.038,-0.01,0.006,0.009,-0.002,-0.054,-0.064,0.078,0.014,0.056,-0.029,0.022,0.044,0.03,0.043,-0.025,-0.055,-0.049,-0.026,-0.096
ctx-rh-17Networks_RH_SalVentAttnB_PFCl,,,,,,,,,,,,,,,,,,,,,,,,,,,,,,,,,,,,,,,,,,,,,,,,,,,,,,,,,,,,,,,,,,,,,,,,,,,,,,,,,,,,,,-0.114,0.024,-0.021,0.069,-0.072,-0.052,-0.09,-0.026,0.077,-0.079,0.044,-0.044,-0.017,-0.01,-0.019,0.084,0.078,-0.022,0.017,0.035,0.108,0.0,0.092,-0.032,0.002,0.025,-0.006,-0.047,0.092,0.061,-0.069
ctx-rh-17Networks_RH_SalVentAttnB_PFClv,,,,,,,,,,,,,,,,,,,,,,,,,,,,,,,,,,,,,,,,,,,,,,,,,,,,,,,,,,,,,,,,,,,,,,,,,,,,,,,,,,,,,,,-0.046,-0.144,0.032,-0.069,0.027,-0.074,-0.001,0.037,-0.024,-0.013,0.013,0.059,0.063,0.064,0.022,0.008,-0.109,0.115,0.149,0.143,0.15,0.114,0.016,0.103,0.11,0.063,0.022,0.093,0.023,-0.025
ctx-rh-17Networks_RH_SalVentAttnB_PFCv,,,,,,,,,,,,,,,,,,,,,,,,,,,,,,,,,,,,,,,,,,,,,,,,,,,,,,,,,,,,,,,,,,,,,,,,,,,,,,,,,,,,,,,,-0.106,0.005,-0.048,-0.017,-0.069,-0.025,0.069,-0.175,0.049,-0.028,-0.015,0.001,0.037,-0.026,0.042,0.002,0.061,0.021,0.088,-0.002,0.111,-0.048,0.04,0.034,-0.08,-0.018,-0.006,-0.036,-0.108
ctx-rh-17Networks_RH_SalVentAttnB_PFCmp,,,,,,,,,,,,,,,,,,,,,,,,,,,,,,,,,,,,,,,,,,,,,,,,,,,,,,,,,,,,,,,,,,,,,,,,,,,,,,,,,,,,,,,,,0.01,0.014,-0.031,-0.131,-0.074,0.081,-0.136,-0.047,-0.041,-0.049,-0.033,-0.025,-0.059,-0.017,-0.073,0.101,0.027,0.021,-0.003,0.015,0.023,0.07,0.016,-0.028,-0.059,0.001,-0.01,-0.027
ctx-rh-17Networks_RH_SalVentAttnB_Cinga,,,,,,,,,,,,,,,,,,,,,,,,,,,,,,,,,,,,,,,,,,,,,,,,,,,,,,,,,,,,,,,,,,,,,,,,,,,,,,,,,,,,,,,,,,-0.006,0.021,0.028,0.032,0.001,0.055,0.006,0.049,0.007,0.062,0.053,0.016,-0.019,0.011,0.014,0.008,0.009,-0.049,-0.019,-0.015,-0.018,0.033,0.002,-0.066,-0.092,-0.08,0.013
ctx-rh-17Networks_RH_Limbic_TempPole,,,,,,,,,,,,,,,,,,,,,,,,,,,,,,,,,,,,,,,,,,,,,,,,,,,,,,,,,,,,,,,,,,,,,,,,,,,,,,,,,,,,,,,,,,,0.001,0.065,0.033,0.04,0.075,-0.016,0.052,-0.093,-0.049,-0.038,-0.024,-0.059,-0.055,0.038,-0.064,-0.124,-0.026,-0.076,0.004,0.081,-0.084,-0.066,-0.029,-0.044,0.088,0.071
ctx-rh-17Networks_RH_Limbic_OFC,,,,,,,,,,,,,,,,,,,,,,,,,,,,,,,,,,,,,,,,,,,,,,,,,,,,,,,,,,,,,,,,,,,,,,,,,,,,,,,,,,,,,,,,,,,,0.058,0.023,0.094,0.104,0.043,0.007,-0.085,-0.045,0.039,-0.015,-0.048,-0.078,-0.029,-0.035,-0.047,-0.0,-0.01,-0.021,0.024,-0.054,0.048,0.027,0.029,0.118,0.085
ctx-rh-17Networks_RH_ContA_Temp,,,,,,,,,,,,,,,,,,,,,,,,,,,,,,,,,,,,,,,,,,,,,,,,,,,,,,,,,,,,,,,,,,,,,,,,,,,,,,,,,,,,,,,,,,,,,-0.152,-0.124,-0.09,-0.026,0.02,-0.013,-0.023,-0.037,-0.002,-0.037,-0.018,0.128,0.134,0.117,0.14,0.163,0.069,0.087,0.16,0.103,0.086,0.093,0.051,0.056
ctx-rh-17Networks_RH_ContA_IPS,,,,,,,,,,,,,,,,,,,,,,,,,,,,,,,,,,,,,,,,,,,,,,,,,,,,,,,,,,,,,,,,,,,,,,,,,,,,,,,,,,,,,,,,,,,,,,0.001,-0.107,-0.01,-0.07,0.094,-0.004,0.003,0.045,0.111,0.071,0.046,0.074,0.081,0.073,0.066,-0.017,0.046,0.008,0.028,-0.006,0.083,0.009,-0.029
ctx-rh-17Networks_RH_ContA_PFCd,,,,,,,,,,,,,,,,,,,,,,,,,,,,,,,,,,,,,,,,,,,,,,,,,,,,,,,,,,,,,,,,,,,,,,,,,,,,,,,,,,,,,,,,,,,,,,,-0.023,-0.028,-0.071,0.005,0.005,0.043,0.059,0.059,0.034,0.012,-0.001,0.059,-0.013,0.068,0.002,0.021,0.037,0.064,-0.062,0.002,-0.031,-0.001
ctx-rh-17Networks_RH_ContA_PFCl,,,,,,,,,,,,,,,,,,,,,,,,,,,,,,,,,,,,,,,,,,,,,,,,,,,,,,,,,,,,,,,,,,,,,,,,,,,,,,,,,,,,,,,,,,,,,,,,-0.003,-0.036,0.034,0.023,0.058,-0.034,-0.004,-0.014,0.182,0.177,0.159,0.219,0.208,0.047,0.169,0.173,0.103,0.02,0.031,-0.007,0.07
ctx-rh-17Networks_RH_ContA_Cinga,,,,,,,,,,,,,,,,,,,,,,,,,,,,,,,,,,,,,,,,,,,,,,,,,,,,,,,,,,,,,,,,,,,,,,,,,,,,,,,,,,,,,,,,,,,,,,,,,0.017,0.102,0.022,0.043,0.008,0.017,0.037,-0.004,0.078,-0.008,0.007,0.012,0.056,0.01,0.027,0.035,-0.0,-0.068,-0.126,0.077
ctx-rh-17Networks_RH_ContB_Temp,,,,,,,,,,,,,,,,,,,,,,,,,,,,,,,,,,,,,,,,,,,,,,,,,,,,,,,,,,,,,,,,,,,,,,,,,,,,,,,,,,,,,,,,,,,,,,,,,,-0.06,-0.076,-0.072,-0.008,-0.034,0.008,0.02,0.025,0.035,0.038,0.049,-0.027,0.02,0.021,0.007,0.028,0.021,0.084,0.059
ctx-rh-17Networks_RH_ContB_IPL,,,,,,,,,,,,,,,,,,,,,,,,,,,,,,,,,,,,,,,,,,,,,,,,,,,,,,,,,,,,,,,,,,,,,,,,,,,,,,,,,,,,,,,,,,,,,,,,,,,-0.031,-0.04,0.033,0.042,-0.02,-0.092,0.019,0.004,0.044,-0.046,-0.05,-0.115,-0.041,-0.08,-0.002,0.052,0.021,0.019
ctx-rh-17Networks_RH_ContB_PFCld,,,,,,,,,,,,,,,,,,,,,,,,,,,,,,,,,,,,,,,,,,,,,,,,,,,,,,,,,,,,,,,,,,,,,,,,,,,,,,,,,,,,,,,,,,,,,,,,,,,,-0.044,0.07,0.006,-0.068,-0.012,0.023,0.056,0.04,0.088,0.012,0.004,0.071,0.004,-0.033,0.008,-0.004,0.108
ctx-rh-17Networks_RH_ContB_PFClv,,,,,,,,,,,,,,,,,,,,,,,,,,,,,,,,,,,,,,,,,,,,,,,,,,,,,,,,,,,,,,,,,,,,,,,,,,,,,,,,,,,,,,,,,,,,,,,,,,,,,-0.002,0.063,-0.009,0.005,0.014,0.072,0.088,0.09,-0.054,0.013,-0.014,0.056,-0.022,0.084,0.092,0.051
ctx-rh-17Networks_RH_ContB_PFCmp,,,,,,,,,,,,,,,,,,,,,,,,,,,,,,,,,,,,,,,,,,,,,,,,,,,,,,,,,,,,,,,,,,,,,,,,,,,,,,,,,,,,,,,,,,,,,,,,,,,,,,0.064,-0.039,-0.015,0.001,0.065,0.028,0.048,-0.036,-0.014,0.027,-0.08,0.008,0.038,0.049,0.016
ctx-rh-17Networks_RH_ContC_pCun,,,,,,,,,,,,,,,,,,,,,,,,,,,,,,,,,,,,,,,,,,,,,,,,,,,,,,,,,,,,,,,,,,,,,,,,,,,,,,,,,,,,,,,,,,,,,,,,,,,,,,,0.006,-0.107,-0.076,0.019,-0.1,-0.066,-0.077,-0.11,-0.053,-0.055,-0.087,-0.007,0.006,-0.098
ctx-rh-17Networks_RH_ContC_Cingp,,,,,,,,,,,,,,,,,,,,,,,,,,,,,,,,,,,,,,,,,,,,,,,,,,,,,,,,,,,,,,,,,,,,,,,,,,,,,,,,,,,,,,,,,,,,,,,,,,,,,,,,-0.035,-0.061,-0.12,-0.118,-0.197,-0.047,-0.065,-0.149,-0.125,-0.035,0.007,0.004,0.113
ctx-rh-17Networks_RH_DefaultA_Temp,,,,,,,,,,,,,,,,,,,,,,,,,,,,,,,,,,,,,,,,,,,,,,,,,,,,,,,,,,,,,,,,,,,,,,,,,,,,,,,,,,,,,,,,,,,,,,,,,,,,,,,,,-0.088,-0.123,-0.1,-0.179,0.046,0.03,-0.05,-0.007,-0.029,-0.161,-0.011,0.239
ctx-rh-17Networks_RH_DefaultA_IPL,,,,,,,,,,,,,,,,,,,,,,,,,,,,,,,,,,,,,,,,,,,,,,,,,,,,,,,,,,,,,,,,,,,,,,,,,,,,,,,,,,,,,,,,,,,,,,,,,,,,,,,,,,-0.087,0.024,-0.081,0.026,-0.107,0.002,-0.005,-0.014,-0.1,-0.018,0.15
ctx-rh-17Networks_RH_DefaultA_PFCd,,,,,,,,,,,,,,,,,,,,,,,,,,,,,,,,,,,,,,,,,,,,,,,,,,,,,,,,,,,,,,,,,,,,,,,,,,,,,,,,,,,,,,,,,,,,,,,,,,,,,,,,,,,-0.092,-0.038,0.014,-0.148,0.017,0.046,-0.021,-0.058,0.013,0.113
ctx-rh-17Networks_RH_DefaultA_PCC,,,,,,,,,,,,,,,,,,,,,,,,,,,,,,,,,,,,,,,,,,,,,,,,,,,,,,,,,,,,,,,,,,,,,,,,,,,,,,,,,,,,,,,,,,,,,,,,,,,,,,,,,,,,-0.163,0.031,-0.082,-0.02,0.03,0.057,-0.08,0.01,0.163
ctx-rh-17Networks_RH_DefaultA_PFCm,,,,,,,,,,,,,,,,,,,,,,,,,,,,,,,,,,,,,,,,,,,,,,,,,,,,,,,,,,,,,,,,,,,,,,,,,,,,,,,,,,,,,,,,,,,,,,,,,,,,,,,,,,,,,-0.021,-0.127,0.029,0.053,0.029,-0.101,0.021,0.143
ctx-rh-17Networks_RH_DefaultB_Temp,,,,,,,,,,,,,,,,,,,,,,,,,,,,,,,,,,,,,,,,,,,,,,,,,,,,,,,,,,,,,,,,,,,,,,,,,,,,,,,,,,,,,,,,,,,,,,,,,,,,,,,,,,,,,,-0.042,0.025,-0.114,0.033,-0.086,0.036,0.065
ctx-rh-17Networks_RH_DefaultB_AntTemp,,,,,,,,,,,,,,,,,,,,,,,,,,,,,,,,,,,,,,,,,,,,,,,,,,,,,,,,,,,,,,,,,,,,,,,,,,,,,,,,,,,,,,,,,,,,,,,,,,,,,,,,,,,,,,,-0.135,-0.053,-0.021,-0.102,-0.006,0.172
ctx-rh-17Networks_RH_DefaultB_PFCd,,,,,,,,,,,,,,,,,,,,,,,,,,,,,,,,,,,,,,,,,,,,,,,,,,,,,,,,,,,,,,,,,,,,,,,,,,,,,,,,,,,,,,,,,,,,,,,,,,,,,,,,,,,,,,,,-0.0,0.045,-0.041,0.03,0.15
ctx-rh-17Networks_RH_DefaultB_PFCv,,,,,,,,,,,,,,,,,,,,,,,,,,,,,,,,,,,,,,,,,,,,,,,,,,,,,,,,,,,,,,,,,,,,,,,,,,,,,,,,,,,,,,,,,,,,,,,,,,,,,,,,,,,,,,,,,0.036,-0.036,0.036,0.087
ctx-rh-17Networks_RH_DefaultC_IPL,,,,,,,,,,,,,,,,,,,,,,,,,,,,,,,,,,,,,,,,,,,,,,,,,,,,,,,,,,,,,,,,,,,,,,,,,,,,,,,,,,,,,,,,,,,,,,,,,,,,,,,,,,,,,,,,,,-0.017,0.018,0.026
ctx-rh-17Networks_RH_DefaultC_Rsp,,,,,,,,,,,,,,,,,,,,,,,,,,,,,,,,,,,,,,,,,,,,,,,,,,,,,,,,,,,,,,,,,,,,,,,,,,,,,,,,,,,,,,,,,,,,,,,,,,,,,,,,,,,,,,,,,,,-0.025,-0.056
ctx-rh-17Networks_RH_DefaultC_PHC,,,,,,,,,,,,,,,,,,,,,,,,,,,,,,,,,,,,,,,,,,,,,,,,,,,,,,,,,,,,,,,,,,,,,,,,,,,,,,,,,,,,,,,,,,,,,,,,,,,,,,,,,,,,,,,,,,,,-0.012
ctx-rh-17Networks_RH_TempPar,,,,,,,,,,,,,,,,,,,,,,,,,,,,,,,,,,,,,,,,,,,,,,,,,,,,,,,,,,,,,,,,,,,,,,,,,,,,,,,,,,,,,,,,,,,,,,,,,,,,,,,,,,,,,,,,,,,,
