,ctx-lh-7Networks_LH_Vis_1,ctx-lh-7Networks_LH_Vis_2,ctx-lh-7Networks_LH_Vis_3,ctx-lh-7Networks_LH_Vis_4,ctx-lh-7Networks_LH_Vis_5,ctx-lh-7Networks_LH_Vis_6,ctx-lh-7Networks_LH_Vis_7,ctx-lh-7Networks_LH_Vis_8,ctx-lh-7Networks_LH_Vis_9,ctx-lh-7Networks_LH_SomMot_1,ctx-lh-7Networks_LH_SomMot_2,ctx-lh-7Networks_LH_SomMot_3,ctx-lh-7Networks_LH_SomMot_4,ctx-lh-7Networks_LH_SomMot_5,ctx-lh-7Networks_LH_SomMot_6,ctx-lh-7Networks_LH_DorsAttn_Post_1,ctx-lh-7Networks_LH_DorsAttn_Post_2,ctx-lh-7Networks_LH_DorsAttn_Post_3,ctx-lh-7Networks_LH_DorsAttn_Post_4,ctx-lh-7Networks_LH_DorsAttn_Post_5,ctx-lh-7Networks_LH_DorsAttn_Post_6,ctx-lh-7Networks_LH_DorsAttn_PrCv_1,ctx-lh-7Networks_LH_DorsAttn_FEF_1,ctx-lh-7Networks_LH_SalVentAttn_ParOper_1,ctx-lh-7Networks_LH_SalVentAttn_FrOperIns_1,ctx-lh-7Networks_LH_SalVentAttn_FrOperIns_2,ctx-lh-7Networks_LH_SalVentAttn_PFCl_1,ctx-lh-7Networks_LH_SalVentAttn_Med_1,ctx-lh-7Networks_LH_SalVentAttn_Med_2,ctx-lh-7Networks_LH_SalVentAttn_Med_3,ctx-lh-7Networks_LH_Limbic_OFC_1,ctx-lh-7Networks_LH_Limbic_TempPole_1,ctx-lh-7Networks_LH_Limbic_TempPole_2,ctx-lh-7Networks_LH_Cont_Par_1,ctx-lh-7Networks_LH_Cont_PFCl_1,ctx-lh-7Networks_LH_Cont_pCun_1,ctx-lh-7Networks_LH_Cont_Cing_1,ctx-lh-7Networks_LH_Default_Temp_1,ctx-lh-7Networks_LH_Default_Temp_2,ctx-lh-7Networks_LH_Default_Par_1,ctx-lh-7Networks_LH_Default_Par_2,ctx-lh-7Networks_LH_Default_PFC_1,ctx-lh-7Networks_LH_Default_PFC_2,ctx-lh-7Networks_LH_Default_PFC_3,ctx-lh-7Networks_LH_Default_PFC_4,ctx-lh-7Networks_LH_Default_PFC_5,ctx-lh-7Networks_LH_Default_PFC_6,ctx-lh-7Networks_LH_Default_PFC_7,ctx-lh-7Networks_LH_Default_pCunPCC_1,ctx-lh-7Networks_LH_Default_pCunPCC_2,ctx-rh-7Networks_RH_Vis_1,ctx-rh-7Networks_RH_Vis_2,ctx-rh-7Networks_RH_Vis_3,ctx-rh-7Networks_RH_Vis_4,ctx-rh-7Networks_RH_Vis_5,ctx-rh-7Networks_RH_Vis_6,ctx-rh-7Networks_RH_Vis_7,ctx-rh-7Networks_RH_Vis_8,ctx-rh-7Networks_RH_SomMot_1,ctx-rh-7Networks_RH_SomMot_2,ctx-rh-7Networks_RH_SomMot_3,ctx-rh-7Networks_RH_SomMot_4,ctx-rh-7Networks_RH_SomMot_5,ctx-rh-7Networks_RH_SomMot_6,ctx-rh-7Networks_RH_SomMot_7,ctx-rh-7Networks_RH_SomMot_8,ctx-rh-7Networks_RH_DorsAttn_Post_1,ctx-rh-7Networks_RH_DorsAttn_Post_2,ctx-rh-7Networks_RH_DorsAttn_Post_3,ctx-rh-7Networks_RH_DorsAttn_Post_4,ctx-rh-7Networks_RH_DorsAttn_Post_5,ctx-rh-7Networks_RH_DorsAttn_PrCv_1,ctx-rh-7Networks_RH_DorsAttn_FEF_1,ctx-rh-7Networks_RH_SalVentAttn_TempOccPar_1,ctx-rh-7Networks_RH_SalVentAttn_TempOccPar_2,ctx-rh-7Networks_RH_SalVentAttn_FrOperIns_1,ctx-rh-7Networks_RH_SalVentAttn_Med_1,ctx-rh-7Networks_RH_SalVentAttn_Med_2,ctx-rh-7Networks_RH_Limbic_OFC_1,ctx-rh-7Networks_RH_Limbic_TempPole_1,ctx-rh-7Networks_RH_Cont_Par_1,ctx-rh-7Networks_RH_Cont_Par_2,ctx-rh-7Networks_RH_Cont_PFCl_1,ctx-rh-7Networks_RH_Cont_PFCl_2,ctx-rh-7Networks_RH_Cont_PFCl_3,ctx-rh-7Networks_RH_Cont_PFCl_4,ctx-rh-7Networks_RH_Cont_Cing_1,ctx-rh-7Networks_RH_Cont_PFCmp_1,ctx-rh-7Networks_RH_Cont_pCun_1,ctx-rh-7Networks_RH_Default_Par_1,ctx-rh-7Networks_RH_Default_Temp_1,ctx-rh-7Networks_RH_Default_Temp_2,ctx-rh-7Networks_RH_Default_Temp_3,ctx-rh-7Networks_RH_Default_PFCv_1,ctx-rh-7Networks_RH_Default_PFCv_2,ctx-rh-7Networks_RH_Default_PFCdPFCm_1,ctx-rh-7Networks_RH_Default_PFCdPFCm_2,ctx-rh-7Networks_RH_Default_PFCdPFCm_3,ctx-rh-7Networks_RH_Default_pCunPCC_1,ctx-rh-7Networks_RH_Default_pCunPCC_2
ctx-lh-7Networks_LH_Vis_1,,0.043,-0.03,0.054,0.147,-0.15,-0.245,-0.046,-0.166,-0.336,-0.213,-0.261,-0.284,-0.41,-0.302,-0.174,-0.304,-0.353,-0.237,-0.417,-0.378,-0.346,-0.417,-0.185,-0.2,-0.272,-0.215,-0.168,-0.421,-0.245,-0.306,-0.178,-0.213,-0.399,-0.348,-0.166,-0.309,-0.197,-0.267,-0.267,-0.393,-0.377,-0.267,-0.344,-0.209,-0.268,-0.271,-0.471,-0.254,-0.298,-0.271,-0.009,-0.091,0.034,0.081,-0.113,-0.047,-0.086,-0.389,-0.297,-0.098,-0.1,-0.363,-0.308,-0.32,-0.28,-0.338,-0.274,-0.308,-0.293,-0.314,-0.359,-0.391,-0.27,-0.163,-0.285,-0.307,-0.337,-0.121,-0.244,-0.272,-0.321,-0.311,-0.307,-0.34,-0.413,-0.245,-0.3,-0.269,-0.408,-0.248,-0.435,-0.33,-0.349,-0.314,-0.385,-0.153,-0.462,-0.257,-0.257
ctx-lh-7Networks_LH_Vis_2,,,-0.384,-0.209,-0.112,-0.317,-0.347,-0.324,-0.393,-0.449,-0.364,-0.397,-0.462,-0.468,-0.387,0.003,-0.142,-0.25,-0.261,-0.317,-0.365,-0.324,-0.371,-0.068,-0.313,-0.208,-0.355,-0.264,-0.424,-0.268,-0.073,0.039,-0.096,-0.236,-0.275,-0.107,-0.306,-0.225,-0.414,-0.241,-0.199,-0.203,-0.297,-0.216,-0.175,-0.353,-0.338,-0.306,-0.074,-0.272,0.057,-0.277,-0.101,-0.224,-0.108,-0.365,-0.3,-0.362,-0.45,-0.355,-0.158,-0.277,-0.405,-0.462,-0.349,-0.334,-0.087,-0.335,-0.304,-0.238,-0.326,-0.348,-0.391,-0.173,-0.032,-0.19,-0.254,-0.332,0.012,0.035,-0.123,-0.122,-0.136,-0.113,-0.28,-0.319,-0.362,-0.205,-0.262,-0.181,0.009,-0.234,-0.332,-0.221,-0.2,-0.273,-0.294,-0.145,-0.214,-0.223
ctx-lh-7Networks_LH_Vis_3,,,,-0.283,-0.092,-0.245,-0.427,-0.361,-0.344,-0.467,-0.231,-0.407,-0.425,-0.525,-0.375,-0.166,-0.201,-0.283,-0.282,-0.217,-0.329,-0.297,-0.334,-0.011,-0.307,-0.152,-0.111,-0.069,-0.247,-0.305,-0.077,-0.148,-0.092,-0.187,-0.296,-0.053,0.036,-0.166,-0.288,-0.195,-0.082,-0.182,-0.292,-0.176,-0.014,-0.233,-0.235,-0.205,-0.019,-0.057,-0.101,-0.348,-0.269,-0.295,-0.158,-0.31,-0.378,-0.406,-0.436,-0.395,-0.143,-0.235,-0.383,-0.509,-0.387,-0.414,-0.139,-0.293,-0.154,-0.273,-0.235,-0.235,-0.318,-0.119,0.043,-0.155,-0.112,-0.205,-0.154,-0.072,0.05,-0.028,-0.064,-0.165,-0.038,-0.244,-0.141,-0.121,-0.126,-0.057,-0.053,-0.243,-0.256,-0.286,-0.245,-0.311,-0.275,-0.114,-0.129,-0.051
ctx-lh-7Networks_LH_Vis_4,,,,,-0.201,-0.254,-0.188,-0.177,-0.28,-0.208,-0.206,-0.303,-0.131,-0.196,-0.123,0.154,-0.027,-0.007,-0.128,-0.151,-0.271,-0.072,-0.13,-0.148,-0.178,-0.154,-0.424,-0.244,-0.318,-0.241,0.01,0.205,-0.161,-0.114,-0.149,-0.229,-0.286,-0.182,-0.313,-0.175,-0.129,-0.142,-0.117,-0.237,-0.103,-0.18,-0.277,-0.141,-0.03,-0.254,0.11,-0.068,0.052,-0.221,-0.103,-0.185,-0.121,-0.268,-0.242,-0.086,-0.054,-0.126,-0.088,-0.233,-0.135,-0.101,0.04,-0.186,-0.086,-0.063,-0.239,-0.082,-0.234,-0.096,0.093,-0.02,-0.188,-0.149,0.048,0.139,-0.139,-0.079,-0.152,-0.056,-0.256,-0.172,-0.374,-0.083,-0.112,-0.172,-0.062,-0.221,-0.322,-0.16,-0.138,-0.213,-0.183,-0.017,-0.117,-0.23
ctx-lh-7Networks_LH_Vis_5,,,,,,-0.228,-0.172,-0.189,-0.173,-0.245,-0.189,-0.364,-0.291,-0.306,-0.205,0.023,-0.089,-0.142,-0.173,-0.217,-0.292,-0.213,-0.266,-0.079,-0.049,-0.141,-0.28,-0.231,-0.349,-0.169,0.073,0.127,0.003,-0.132,-0.193,-0.096,-0.221,-0.173,-0.371,-0.209,-0.184,-0.269,-0.187,-0.197,0.012,-0.218,-0.317,-0.13,-0.108,-0.312,0.149,-0.02,-0.035,-0.238,-0.061,-0.159,-0.191,-0.166,-0.283,-0.181,-0.087,-0.179,-0.193,-0.271,-0.258,-0.269,-0.092,-0.231,-0.146,-0.18,-0.375,-0.175,-0.331,-0.071,0.04,-0.024,-0.199,-0.203,0.148,0.079,0.011,-0.049,-0.029,-0.072,-0.183,-0.164,-0.318,-0.219,-0.148,-0.129,-0.01,-0.143,-0.289,-0.177,-0.09,-0.229,-0.203,-0.049,-0.193,-0.303
ctx-lh-7Networks_LH_Vis_6,,,,,,,-0.329,-0.235,-0.252,-0.404,-0.215,-0.281,-0.393,-0.417,-0.358,-0.19,-0.029,-0.103,-0.171,-0.125,-0.31,-0.329,-0.304,0.019,-0.212,-0.134,-0.161,-0.08,-0.308,-0.2,-0.026,-0.058,-0.031,-0.12,-0.288,0.037,0.035,-0.096,-0.201,-0.222,0.024,-0.254,-0.188,-0.114,0.169,-0.22,-0.31,-0.112,-0.012,0.019,-0.106,-0.261,-0.204,-0.308,-0.31,-0.249,-0.296,-0.202,-0.358,-0.209,-0.095,-0.204,-0.271,-0.34,-0.317,-0.381,-0.106,-0.198,-0.117,-0.215,-0.288,-0.176,-0.216,-0.174,0.082,-0.068,-0.164,-0.169,-0.018,-0.005,0.084,0.071,-0.06,-0.104,-0.001,-0.07,-0.098,-0.103,-0.044,0.001,-0.024,-0.221,-0.239,-0.159,-0.134,-0.327,-0.158,-0.002,-0.195,-0.004
ctx-lh-7Networks_LH_Vis_7,,,,,,,,-0.12,-0.413,-0.493,-0.414,-0.542,-0.341,-0.437,-0.276,-0.105,-0.143,-0.118,-0.264,-0.208,-0.34,-0.17,-0.345,-0.225,-0.54,-0.428,-0.38,-0.362,-0.363,-0.362,-0.064,-0.146,-0.139,-0.064,-0.326,-0.247,-0.106,-0.321,-0.278,-0.188,0.011,-0.183,-0.138,-0.261,-0.052,-0.296,-0.301,-0.193,-0.113,-0.091,-0.143,-0.277,-0.12,-0.159,-0.275,-0.379,-0.279,-0.326,-0.476,-0.438,-0.339,-0.294,-0.283,-0.465,-0.371,-0.334,-0.15,-0.303,-0.12,-0.181,-0.287,-0.244,-0.287,-0.226,-0.066,-0.232,-0.18,-0.32,-0.05,-0.108,0.038,0.019,-0.192,-0.276,-0.172,-0.216,-0.208,-0.335,-0.211,-0.091,-0.189,-0.365,-0.422,-0.27,-0.249,-0.338,-0.369,-0.19,-0.261,-0.114
ctx-lh-7Networks_LH_Vis_8,,,,,,,,,-0.259,-0.333,-0.275,-0.323,-0.235,-0.292,-0.14,-0.045,-0.028,-0.005,-0.185,-0.017,-0.174,-0.176,-0.108,0.026,-0.402,-0.279,-0.287,-0.247,-0.129,-0.232,-0.034,-0.099,-0.126,0.063,-0.205,0.047,0.047,-0.247,-0.251,0.009,0.116,-0.149,-0.254,-0.177,-0.026,-0.204,-0.273,-0.054,0.121,0.084,0.065,-0.241,-0.097,-0.266,-0.134,-0.21,-0.256,-0.306,-0.304,-0.312,-0.081,-0.1,-0.156,-0.322,-0.136,-0.171,0.067,-0.136,-0.065,-0.094,-0.143,-0.145,-0.236,0.007,0.138,-0.165,-0.026,-0.197,-0.099,-0.003,0.124,0.116,-0.189,-0.086,-0.163,-0.089,-0.087,-0.164,0.017,0.074,-0.078,-0.258,-0.246,-0.19,-0.203,-0.285,-0.23,0.076,-0.031,0.029
ctx-lh-7Networks_LH_Vis_9,,,,,,,,,,-0.362,-0.323,-0.392,-0.368,-0.307,-0.224,-0.191,-0.05,-0.065,-0.17,0.041,-0.145,-0.239,-0.176,-0.05,-0.333,-0.252,-0.233,-0.186,-0.219,-0.167,-0.035,-0.184,-0.011,0.089,-0.278,-0.03,-0.004,-0.147,-0.224,-0.139,0.134,-0.202,-0.264,-0.257,0.092,-0.221,-0.233,-0.051,-0.076,0.096,-0.149,-0.427,-0.303,-0.408,-0.31,-0.329,-0.365,-0.166,-0.34,-0.344,-0.156,-0.186,-0.275,-0.317,-0.18,-0.3,-0.048,-0.177,-0.026,-0.164,-0.09,-0.145,-0.228,-0.206,0.075,-0.155,-0.104,-0.193,-0.029,-0.097,0.149,0.137,-0.103,-0.156,-0.025,-0.034,-0.15,-0.117,-0.093,0.024,-0.045,-0.31,-0.192,-0.174,-0.177,-0.35,-0.233,0.07,-0.179,0.031
ctx-lh-7Networks_LH_SomMot_1,,,,,,,,,,,-0.699,-0.743,-0.516,-0.524,-0.486,-0.234,-0.328,-0.246,-0.449,-0.444,-0.464,-0.436,-0.495,-0.394,-0.415,-0.693,-0.435,-0.538,-0.564,-0.454,-0.111,-0.141,-0.141,-0.074,-0.414,-0.268,-0.271,-0.189,-0.318,-0.396,-0.104,-0.341,-0.264,-0.387,-0.219,-0.418,-0.293,-0.318,-0.358,-0.21,-0.255,-0.378,-0.2,-0.261,-0.343,-0.403,-0.243,-0.271,-0.602,-0.652,-0.661,-0.508,-0.577,-0.575,-0.579,-0.525,-0.283,-0.449,-0.323,-0.252,-0.372,-0.544,-0.465,-0.67,-0.456,-0.444,-0.497,-0.565,-0.031,-0.166,-0.157,-0.084,-0.181,-0.513,-0.301,-0.342,-0.34,-0.58,-0.375,-0.181,-0.094,-0.313,-0.458,-0.346,-0.363,-0.383,-0.413,-0.433,-0.457,-0.228
ctx-lh-7Networks_LH_SomMot_2,,,,,,,,,,,,-0.519,-0.437,-0.54,-0.531,-0.265,-0.277,-0.132,-0.367,-0.213,-0.451,-0.26,-0.266,-0.324,-0.471,-0.388,-0.302,-0.515,-0.332,-0.403,-0.169,-0.25,-0.042,-0.09,-0.262,-0.045,0.037,-0.291,-0.194,-0.144,0.03,-0.432,-0.19,-0.426,-0.07,-0.281,-0.181,-0.075,-0.044,-0.025,-0.219,-0.319,-0.221,-0.158,-0.243,-0.278,-0.19,-0.297,-0.672,-0.551,-0.49,-0.38,-0.424,-0.502,-0.462,-0.521,-0.082,-0.39,-0.282,-0.283,-0.396,-0.232,-0.288,-0.339,-0.276,-0.391,-0.323,-0.376,-0.199,-0.247,-0.176,0.009,-0.211,-0.27,-0.147,-0.064,-0.146,-0.385,-0.111,-0.003,-0.186,-0.411,-0.326,-0.383,-0.354,-0.435,-0.349,-0.127,-0.152,-0.021
ctx-lh-7Networks_LH_SomMot_3,,,,,,,,,,,,,-0.514,-0.399,-0.431,-0.378,-0.298,-0.199,-0.364,-0.354,-0.4,-0.364,-0.255,-0.445,-0.738,-0.461,-0.455,-0.536,-0.432,-0.413,-0.234,-0.4,-0.164,-0.187,-0.388,-0.221,-0.065,-0.311,-0.231,-0.323,-0.028,-0.379,-0.296,-0.28,-0.257,-0.177,-0.232,-0.146,-0.059,0.011,-0.238,-0.367,-0.344,-0.247,-0.317,-0.357,-0.27,-0.315,-0.74,-0.573,-0.66,-0.46,-0.423,-0.379,-0.398,-0.461,-0.302,-0.434,-0.309,-0.28,-0.407,-0.295,-0.256,-0.468,-0.431,-0.571,-0.485,-0.476,-0.169,-0.198,-0.275,-0.039,-0.317,-0.39,-0.305,-0.072,-0.167,-0.466,-0.277,0.038,-0.139,-0.515,-0.416,-0.329,-0.411,-0.266,-0.14,-0.078,-0.219,-0.026
ctx-lh-7Networks_LH_SomMot_4,,,,,,,,,,,,,,-0.512,-0.52,-0.267,-0.144,-0.123,-0.275,-0.134,-0.532,-0.22,-0.31,-0.231,-0.497,-0.347,-0.257,-0.298,-0.296,-0.547,-0.105,-0.254,-0.158,0.07,-0.257,-0.08,-0.063,-0.324,-0.195,-0.275,0.013,-0.354,-0.313,-0.211,-0.156,-0.339,-0.287,-0.084,-0.126,-0.013,-0.234,-0.505,-0.334,-0.248,-0.45,-0.422,-0.194,-0.312,-0.518,-0.474,-0.46,-0.536,-0.516,-0.47,-0.451,-0.557,-0.129,-0.409,-0.109,-0.175,-0.303,-0.132,-0.237,-0.3,-0.27,-0.17,-0.217,-0.305,-0.014,-0.219,0.004,0.069,-0.066,-0.037,-0.012,-0.175,-0.105,-0.203,-0.067,-0.008,-0.092,-0.273,-0.336,-0.311,-0.233,-0.207,-0.286,0.004,-0.237,-0.019
ctx-lh-7Networks_LH_SomMot_5,,,,,,,,,,,,,,,-0.378,-0.313,-0.147,-0.117,-0.269,-0.016,-0.208,-0.219,-0.044,-0.12,-0.418,-0.321,-0.188,-0.268,-0.337,-0.25,-0.149,-0.142,-0.06,0.183,-0.251,0.084,0.004,-0.201,-0.242,-0.258,0.07,-0.276,-0.233,-0.34,-0.067,-0.336,-0.125,-0.121,-0.308,-0.11,-0.25,-0.456,-0.331,-0.335,-0.484,-0.434,-0.328,-0.32,-0.569,-0.433,-0.359,-0.531,-0.343,-0.505,-0.328,-0.42,-0.216,-0.292,-0.011,-0.177,-0.056,-0.158,-0.032,-0.222,-0.171,-0.121,-0.164,-0.238,-0.198,-0.07,0.134,0.049,-0.14,-0.098,-0.045,-0.11,-0.032,-0.294,-0.082,-0.019,-0.056,-0.419,-0.316,-0.275,-0.307,-0.425,-0.293,-0.07,-0.322,-0.197
ctx-lh-7Networks_LH_SomMot_6,,,,,,,,,,,,,,,,-0.2,-0.142,0.146,-0.267,0.111,-0.115,-0.152,-0.088,-0.083,-0.482,-0.327,-0.27,-0.242,-0.319,-0.182,-0.123,-0.189,-0.062,0.275,-0.232,0.096,-0.078,-0.267,-0.208,-0.255,0.237,-0.355,-0.209,-0.44,-0.073,-0.235,-0.062,-0.072,-0.171,-0.055,-0.22,-0.406,-0.251,-0.248,-0.349,-0.355,-0.175,-0.159,-0.466,-0.422,-0.272,-0.506,-0.483,-0.406,-0.265,-0.349,-0.171,-0.258,0.012,0.012,-0.018,-0.149,-0.037,-0.275,-0.128,-0.191,-0.151,-0.206,-0.153,-0.14,0.129,0.182,-0.152,-0.087,-0.068,0.058,-0.186,-0.31,-0.017,-0.05,-0.008,-0.371,-0.386,-0.284,-0.255,-0.463,-0.251,-0.135,-0.293,-0.178
ctx-lh-7Networks_LH_DorsAttn_Post_1,,,,,,,,,,,,,,,,,-0.34,-0.328,-0.308,-0.432,-0.346,-0.364,-0.403,-0.246,-0.237,-0.361,-0.484,-0.34,-0.47,-0.415,-0.141,-0.02,-0.227,-0.46,-0.501,-0.292,-0.273,-0.03,-0.127,-0.13,-0.228,-0.185,-0.231,-0.307,-0.284,-0.272,-0.338,-0.407,-0.086,-0.206,-0.045,0.062,-0.05,0.01,0.035,-0.175,-0.049,-0.06,-0.314,-0.274,-0.193,-0.114,-0.367,-0.388,-0.317,-0.242,-0.13,-0.295,-0.407,-0.345,-0.374,-0.388,-0.513,-0.081,-0.011,-0.21,-0.251,-0.27,-0.009,0.079,-0.317,-0.198,-0.261,-0.407,-0.426,-0.383,-0.324,-0.32,-0.352,-0.201,-0.021,-0.156,-0.153,-0.284,-0.119,-0.267,-0.208,-0.323,-0.232,-0.164
ctx-lh-7Networks_LH_DorsAttn_Post_2,,,,,,,,,,,,,,,,,,-0.163,-0.407,-0.198,-0.269,-0.29,-0.297,-0.207,-0.582,-0.446,-0.429,-0.253,-0.233,-0.316,-0.262,-0.179,-0.138,-0.116,-0.388,-0.173,-0.096,0.003,0.005,-0.018,0.153,-0.161,-0.177,-0.042,-0.051,-0.12,-0.102,-0.212,-0.027,0.154,-0.156,-0.085,-0.099,-0.064,-0.052,-0.012,-0.008,0.053,-0.483,-0.337,-0.318,-0.21,-0.283,-0.223,-0.192,-0.22,-0.066,-0.383,-0.296,-0.215,-0.249,-0.234,-0.364,-0.169,-0.27,-0.336,-0.123,-0.278,-0.166,-0.084,-0.1,0.062,-0.203,-0.295,-0.355,-0.16,-0.045,-0.215,-0.165,0.079,-0.007,-0.231,-0.173,-0.195,-0.089,-0.208,-0.196,-0.038,-0.129,0.088
ctx-lh-7Networks_LH_DorsAttn_Post_3,,,,,,,,,,,,,,,,,,,-0.185,-0.154,-0.089,-0.305,-0.309,0.027,-0.366,-0.28,-0.383,-0.272,-0.189,-0.254,-0.038,0.028,-0.144,-0.106,-0.409,-0.06,-0.176,-0.059,-0.182,-0.105,0.082,-0.099,-0.218,-0.229,-0.118,-0.197,-0.225,-0.358,-0.178,0.014,-0.16,-0.219,-0.2,-0.187,-0.106,-0.15,-0.117,-0.066,-0.323,-0.129,-0.086,-0.013,-0.069,-0.14,-0.123,0.083,-0.237,-0.048,-0.177,-0.327,-0.13,-0.186,-0.329,-0.087,0.048,-0.075,-0.003,-0.089,-0.008,0.057,0.096,-0.11,-0.231,-0.182,-0.32,-0.183,-0.178,-0.191,-0.105,-0.061,-0.077,-0.271,-0.153,-0.136,-0.083,-0.32,-0.192,-0.208,-0.26,-0.075
ctx-lh-7Networks_LH_DorsAttn_Post_4,,,,,,,,,,,,,,,,,,,,-0.241,-0.294,-0.155,-0.28,-0.104,-0.57,-0.423,-0.466,-0.29,-0.273,-0.277,-0.213,-0.054,-0.151,-0.07,-0.362,-0.164,-0.159,-0.097,-0.104,-0.028,0.087,-0.136,-0.168,-0.322,-0.123,-0.294,-0.129,-0.215,-0.152,-0.058,-0.205,-0.288,-0.229,-0.25,-0.172,-0.189,-0.158,-0.196,-0.524,-0.345,-0.264,-0.261,-0.35,-0.466,-0.382,-0.33,-0.22,-0.564,-0.332,-0.312,-0.339,-0.185,-0.369,-0.206,-0.235,-0.205,-0.171,-0.232,-0.253,-0.057,-0.025,-0.048,-0.235,-0.192,-0.337,-0.008,-0.157,-0.201,-0.131,-0.027,-0.184,-0.312,-0.267,-0.209,-0.194,-0.42,-0.361,-0.119,-0.222,-0.051
ctx-lh-7Networks_LH_DorsAttn_Post_5,,,,,,,,,,,,,,,,,,,,,-0.093,-0.24,-0.233,-0.181,-0.42,-0.374,-0.4,-0.403,-0.334,-0.175,-0.033,-0.057,-0.098,-0.155,-0.378,-0.261,-0.221,-0.001,-0.092,-0.147,0.112,-0.116,-0.151,-0.2,-0.016,-0.127,-0.171,-0.349,-0.106,0.033,-0.235,-0.243,-0.298,-0.197,-0.124,-0.14,-0.125,0.013,-0.388,-0.336,-0.157,-0.024,-0.067,-0.055,-0.111,-0.032,-0.289,-0.009,-0.306,-0.32,-0.291,-0.289,-0.328,-0.185,-0.281,-0.291,-0.294,-0.313,-0.11,-0.105,-0.095,-0.063,-0.223,-0.261,-0.428,-0.121,-0.285,-0.364,-0.248,-0.049,-0.048,-0.249,-0.203,-0.097,-0.153,-0.225,-0.143,-0.305,-0.161,-0.069
ctx-lh-7Networks_LH_DorsAttn_Post_6,,,,,,,,,,,,,,,,,,,,,,-0.243,-0.308,-0.218,-0.561,-0.439,-0.388,-0.351,-0.338,-0.177,-0.212,-0.225,-0.111,0.143,-0.373,-0.1,-0.135,-0.163,-0.28,-0.279,0.169,-0.183,-0.187,-0.278,-0.083,-0.24,-0.08,-0.137,-0.153,0.011,-0.249,-0.273,-0.372,-0.347,-0.257,-0.288,-0.237,-0.117,-0.486,-0.361,-0.322,-0.32,-0.351,-0.328,-0.267,-0.197,-0.337,-0.302,-0.112,-0.212,-0.196,-0.176,-0.327,-0.32,-0.299,-0.233,-0.35,-0.356,-0.256,-0.151,0.08,0.131,-0.202,-0.271,-0.295,-0.127,-0.225,-0.41,-0.184,-0.052,-0.051,-0.332,-0.334,-0.25,-0.337,-0.426,-0.248,-0.099,-0.239,-0.117
ctx-lh-7Networks_LH_DorsAttn_PrCv_1,,,,,,,,,,,,,,,,,,,,,,,-0.302,-0.265,-0.42,-0.483,-0.078,-0.354,-0.116,-0.444,-0.197,-0.338,-0.353,-0.373,-0.395,-0.18,-0.092,-0.24,-0.318,-0.38,-0.163,-0.388,-0.465,-0.005,-0.117,-0.124,-0.119,-0.08,-0.177,-0.048,-0.323,-0.266,-0.143,-0.121,-0.319,-0.242,-0.241,-0.209,-0.468,-0.331,-0.411,-0.191,-0.383,-0.269,-0.31,-0.214,-0.169,-0.384,-0.364,-0.307,-0.287,-0.448,-0.464,-0.29,-0.066,-0.354,-0.123,-0.21,-0.13,-0.204,-0.213,-0.127,-0.105,-0.268,-0.058,-0.174,-0.116,-0.211,-0.158,-0.082,-0.198,-0.442,-0.205,-0.325,-0.334,-0.022,-0.056,-0.001,-0.226,-0.012
ctx-lh-7Networks_LH_DorsAttn_FEF_1,,,,,,,,,,,,,,,,,,,,,,,,-0.301,-0.475,-0.348,-0.388,-0.406,-0.257,-0.339,-0.294,-0.237,-0.323,-0.235,-0.461,-0.259,-0.187,-0.203,-0.204,-0.313,-0.063,-0.293,-0.264,-0.267,-0.17,-0.152,0.024,-0.156,-0.258,-0.081,-0.295,-0.318,-0.297,-0.23,-0.345,-0.261,-0.213,-0.117,-0.478,-0.284,-0.191,-0.203,-0.289,-0.116,-0.212,-0.166,-0.273,-0.245,-0.271,-0.347,-0.17,-0.409,-0.489,-0.215,-0.19,-0.313,-0.275,-0.349,-0.284,-0.199,-0.119,-0.027,-0.276,-0.296,-0.255,-0.102,-0.232,-0.387,-0.212,-0.167,-0.086,-0.324,-0.206,-0.35,-0.293,-0.407,-0.089,-0.072,-0.245,-0.174
ctx-lh-7Networks_LH_SalVentAttn_ParOper_1,,,,,,,,,,,,,,,,,,,,,,,,,-0.713,-0.648,-0.526,-0.544,-0.356,-0.417,-0.079,-0.325,-0.068,-0.021,-0.365,-0.319,-0.129,-0.122,-0.033,-0.244,0.031,-0.309,-0.247,-0.12,-0.16,-0.19,-0.264,-0.254,0.004,0.052,-0.102,-0.065,-0.104,-0.107,0.123,-0.018,-0.049,0.072,-0.5,-0.448,-0.538,-0.136,-0.327,-0.152,-0.156,-0.152,-0.225,-0.137,-0.14,-0.047,-0.222,-0.303,-0.352,-0.515,-0.522,-0.598,-0.272,-0.467,0.006,-0.252,-0.264,0.065,-0.35,-0.428,-0.463,-0.222,-0.167,-0.64,-0.298,-0.043,0.077,-0.284,-0.21,-0.217,-0.358,-0.127,-0.211,-0.165,-0.096,-0.013
ctx-lh-7Networks_LH_SalVentAttn_FrOperIns_1,,,,,,,,,,,,,,,,,,,,,,,,,,-0.658,-0.374,-0.55,-0.57,-0.535,-0.007,-0.092,-0.039,-0.254,-0.384,-0.384,-0.277,0.045,-0.196,-0.47,0.053,-0.307,-0.13,-0.127,0.073,-0.053,-0.075,-0.092,0.053,0.111,-0.097,-0.242,-0.262,-0.058,-0.075,-0.195,-0.303,-0.195,-0.62,-0.609,-0.604,-0.389,-0.527,-0.413,-0.385,-0.443,-0.248,-0.532,-0.491,-0.391,-0.467,-0.483,-0.514,-0.593,-0.745,-0.792,-0.575,-0.663,0.068,-0.103,-0.462,0.07,-0.081,-0.406,-0.325,-0.064,-0.332,-0.65,-0.335,0.121,0.085,-0.246,-0.316,-0.216,-0.372,-0.139,-0.055,-0.125,-0.072,0.053
ctx-lh-7Networks_LH_SalVentAttn_FrOperIns_2,,,,,,,,,,,,,,,,,,,,,,,,,,,-0.413,-0.69,-0.465,-0.446,-0.243,-0.342,-0.166,-0.359,-0.415,-0.407,-0.159,-0.175,-0.199,-0.381,-0.085,-0.335,-0.265,-0.114,-0.145,0.009,-0.1,-0.094,-0.025,0.083,-0.261,-0.208,-0.245,-0.122,-0.121,-0.161,-0.224,-0.249,-0.699,-0.586,-0.659,-0.301,-0.425,-0.332,-0.348,-0.361,-0.335,-0.409,-0.421,-0.335,-0.457,-0.387,-0.414,-0.475,-0.564,-0.786,-0.485,-0.582,-0.118,-0.214,-0.471,-0.022,-0.258,-0.387,-0.297,0.012,-0.132,-0.61,-0.33,0.024,-0.078,-0.319,-0.22,-0.288,-0.422,-0.042,0.112,-0.052,-0.065,0.096
ctx-lh-7Networks_LH_SalVentAttn_PFCl_1,,,,,,,,,,,,,,,,,,,,,,,,,,,,-0.497,-0.603,-0.415,-0.207,-0.168,-0.238,-0.378,-0.055,-0.512,-0.408,-0.171,-0.242,-0.507,-0.196,-0.322,-0.221,-0.004,-0.258,0.187,-0.0,0.056,-0.11,-0.13,-0.167,-0.267,-0.407,-0.37,-0.147,-0.123,-0.289,-0.175,-0.585,-0.343,-0.5,-0.206,-0.364,-0.215,-0.237,-0.292,-0.294,-0.396,-0.522,-0.392,-0.459,-0.336,-0.514,-0.395,-0.409,-0.488,-0.593,-0.49,-0.179,-0.139,-0.443,-0.144,-0.221,-0.131,-0.399,-0.096,-0.446,-0.327,-0.317,-0.118,-0.075,-0.294,-0.265,-0.19,-0.025,0.009,0.146,0.008,-0.038,-0.057
ctx-lh-7Networks_LH_SalVentAttn_Med_1,,,,,,,,,,,,,,,,,,,,,,,,,,,,,-0.481,-0.46,-0.063,-0.241,-0.179,-0.354,-0.334,-0.554,-0.352,-0.279,-0.366,-0.359,-0.17,-0.558,-0.321,-0.208,-0.233,-0.038,-0.211,-0.11,-0.162,-0.164,-0.195,-0.243,-0.315,-0.251,-0.06,-0.04,-0.225,-0.09,-0.486,-0.407,-0.533,-0.178,-0.305,-0.257,-0.225,-0.307,-0.311,-0.316,-0.325,-0.285,-0.394,-0.354,-0.522,-0.415,-0.364,-0.588,-0.549,-0.536,-0.03,-0.192,-0.439,-0.144,-0.23,-0.184,-0.187,-0.042,-0.544,-0.542,-0.363,-0.093,0.026,-0.386,-0.372,-0.336,-0.385,-0.262,0.022,-0.097,-0.161,-0.151
ctx-lh-7Networks_LH_SalVentAttn_Med_2,,,,,,,,,,,,,,,,,,,,,,,,,,,,,,-0.378,-0.125,-0.225,-0.245,-0.009,-0.385,-0.381,-0.279,-0.238,-0.342,-0.342,-0.011,-0.343,-0.154,-0.279,-0.083,-0.203,-0.181,-0.251,-0.212,-0.135,-0.279,-0.379,-0.403,-0.28,-0.248,-0.215,-0.234,-0.195,-0.455,-0.325,-0.321,-0.09,-0.269,-0.199,-0.363,-0.3,-0.4,-0.133,-0.233,-0.248,-0.316,-0.274,-0.307,-0.353,-0.312,-0.462,-0.469,-0.441,-0.19,-0.193,-0.165,-0.015,-0.307,-0.283,-0.46,-0.08,-0.463,-0.525,-0.373,-0.16,-0.109,-0.332,-0.318,-0.25,-0.268,-0.365,-0.192,-0.172,-0.28,-0.181
ctx-lh-7Networks_LH_SalVentAttn_Med_3,,,,,,,,,,,,,,,,,,,,,,,,,,,,,,,-0.089,-0.317,-0.138,-0.143,-0.322,-0.093,-0.056,-0.301,-0.277,-0.386,-0.033,-0.39,-0.411,-0.189,-0.148,-0.172,-0.159,-0.025,-0.147,-0.083,-0.277,-0.414,-0.417,-0.244,-0.279,-0.209,-0.336,-0.217,-0.46,-0.311,-0.416,-0.453,-0.5,-0.275,-0.339,-0.188,-0.293,-0.319,-0.244,-0.307,-0.219,-0.321,-0.377,-0.458,-0.267,-0.349,-0.399,-0.442,-0.033,-0.269,-0.222,0.033,-0.137,-0.199,-0.181,-0.03,-0.22,-0.329,-0.103,-0.111,-0.054,-0.387,-0.29,-0.2,-0.322,-0.245,-0.076,0.041,-0.14,-0.099
ctx-lh-7Networks_LH_Limbic_OFC_1,,,,,,,,,,,,,,,,,,,,,,,,,,,,,,,,-0.21,-0.208,-0.095,-0.194,0.178,-0.069,-0.124,-0.113,-0.094,0.066,-0.104,0.005,-0.21,-0.223,-0.213,-0.211,-0.231,-0.068,-0.011,-0.126,-0.111,-0.108,-0.021,0.038,-0.109,-0.005,-0.081,-0.132,-0.294,-0.115,-0.101,-0.244,-0.142,-0.195,-0.141,-0.01,-0.217,-0.136,-0.006,-0.08,-0.172,-0.28,-0.101,-0.037,-0.163,-0.138,-0.208,-0.226,-0.169,0.009,0.083,0.006,-0.164,-0.129,-0.211,-0.073,-0.115,0.213,0.008,0.03,-0.081,-0.011,-0.142,0.034,-0.176,-0.199,-0.056,0.07,0.052
ctx-lh-7Networks_LH_Limbic_TempPole_1,,,,,,,,,,,,,,,,,,,,,,,,,,,,,,,,,-0.166,-0.07,-0.336,0.012,-0.052,-0.026,-0.074,-0.255,-0.166,-0.37,-0.219,-0.267,-0.245,-0.238,-0.12,-0.139,-0.084,-0.101,-0.208,0.005,0.025,0.146,0.074,-0.183,-0.068,-0.064,-0.19,-0.376,-0.344,-0.227,-0.231,-0.196,-0.136,-0.189,-0.17,-0.153,-0.033,0.009,-0.12,-0.237,-0.244,-0.286,-0.205,-0.297,-0.163,-0.387,-0.084,-0.513,-0.209,-0.005,-0.072,-0.196,-0.037,-0.231,-0.071,-0.195,0.012,-0.256,0.005,-0.254,-0.197,-0.169,-0.169,-0.26,-0.213,-0.178,-0.018,-0.034
ctx-lh-7Networks_LH_Limbic_TempPole_2,,,,,,,,,,,,,,,,,,,,,,,,,,,,,,,,,,-0.372,-0.474,0.012,-0.31,-0.145,-0.049,-0.195,-0.175,-0.197,-0.286,-0.33,-0.271,-0.312,-0.418,-0.394,-0.074,-0.151,-0.178,-0.093,-0.166,-0.172,0.036,-0.066,-0.175,-0.0,-0.246,-0.22,-0.073,-0.072,-0.291,-0.243,-0.167,-0.117,-0.113,-0.2,-0.283,-0.188,-0.039,-0.388,-0.347,-0.17,0.049,-0.064,-0.028,-0.184,-0.131,-0.196,-0.271,-0.254,-0.27,-0.34,-0.244,-0.565,-0.255,-0.191,0.016,-0.227,-0.283,-0.296,-0.184,-0.267,-0.244,-0.213,-0.197,-0.365,-0.072,-0.113
ctx-lh-7Networks_LH_Cont_Par_1,,,,,,,,,,,,,,,,,,,,,,,,,,,,,,,,,,,-0.558,-0.194,-0.256,-0.026,-0.095,-0.027,0.148,-0.142,-0.236,-0.029,-0.224,-0.147,-0.256,-0.364,-0.256,0.086,-0.252,-0.186,-0.215,-0.174,-0.021,0.006,-0.101,0.06,-0.142,-0.058,-0.078,0.188,-0.052,0.099,-0.048,0.176,-0.197,0.216,-0.276,-0.17,0.005,-0.237,-0.255,-0.125,-0.023,-0.036,0.034,0.03,-0.051,-0.107,-0.08,-0.174,-0.258,-0.371,-0.404,-0.261,-0.18,-0.227,-0.194,0.01,-0.28,-0.109,-0.091,-0.161,0.018,-0.119,-0.1,-0.218,-0.183,0.028
ctx-lh-7Networks_LH_Cont_PFCl_1,,,,,,,,,,,,,,,,,,,,,,,,,,,,,,,,,,,,-0.296,-0.285,-0.222,-0.427,-0.476,-0.248,-0.223,-0.358,-0.014,-0.187,-0.023,-0.288,-0.122,-0.177,-0.096,-0.254,-0.272,-0.344,-0.24,-0.234,-0.244,-0.254,-0.267,-0.451,-0.411,-0.439,-0.157,-0.37,-0.285,-0.337,-0.243,-0.192,-0.248,-0.434,-0.414,-0.343,-0.458,-0.518,-0.372,-0.279,-0.317,-0.198,-0.234,-0.177,-0.183,-0.323,-0.227,-0.125,-0.367,-0.141,-0.217,-0.277,-0.155,-0.261,-0.07,-0.216,-0.448,-0.296,-0.226,-0.172,0.047,0.111,-0.037,-0.162,-0.048
ctx-lh-7Networks_LH_Cont_pCun_1,,,,,,,,,,,,,,,,,,,,,,,,,,,,,,,,,,,,,-0.432,-0.03,-0.117,-0.209,0.196,-0.199,-0.015,0.029,-0.104,0.108,-0.166,-0.158,0.063,0.257,-0.12,-0.141,-0.208,-0.19,0.132,-0.028,-0.068,0.083,-0.216,-0.061,-0.096,0.018,0.037,0.147,-0.026,0.053,-0.108,0.116,-0.31,-0.139,-0.256,-0.168,-0.197,-0.244,-0.352,-0.397,-0.329,-0.315,0.097,-0.029,-0.286,0.011,-0.198,-0.308,-0.476,-0.113,-0.397,-0.5,-0.482,0.091,0.026,-0.149,-0.093,-0.0,-0.156,0.076,0.032,-0.163,-0.015,0.188
ctx-lh-7Networks_LH_Cont_Cing_1,,,,,,,,,,,,,,,,,,,,,,,,,,,,,,,,,,,,,,-0.147,-0.11,-0.177,-0.069,-0.261,-0.025,-0.229,-0.219,-0.229,-0.404,-0.284,-0.028,-0.103,-0.181,-0.194,-0.204,-0.17,-0.027,0.072,-0.014,0.068,-0.268,-0.007,-0.083,0.115,-0.054,0.112,-0.034,-0.016,-0.095,0.075,-0.271,-0.159,-0.13,-0.14,-0.102,-0.124,-0.138,-0.135,-0.294,-0.168,-0.127,-0.078,-0.221,-0.267,-0.331,-0.288,-0.376,-0.325,-0.689,-0.406,-0.302,-0.021,-0.316,-0.265,-0.134,-0.242,-0.119,-0.243,-0.175,-0.203,-0.072,-0.1
ctx-lh-7Networks_LH_Default_Temp_1,,,,,,,,,,,,,,,,,,,,,,,,,,,,,,,,,,,,,,,-0.524,-0.377,-0.465,-0.491,-0.372,-0.46,-0.311,-0.476,-0.427,-0.191,-0.267,-0.453,-0.213,-0.298,-0.14,-0.231,-0.12,-0.172,-0.202,-0.183,-0.264,-0.368,-0.188,-0.187,-0.286,-0.377,-0.169,-0.233,-0.194,-0.161,0.084,-0.114,-0.028,-0.196,-0.176,-0.281,0.089,-0.042,-0.205,-0.24,-0.047,-0.212,-0.07,-0.199,-0.11,-0.024,-0.003,-0.301,-0.219,-0.188,-0.054,-0.391,-0.261,-0.488,-0.529,-0.281,-0.301,-0.497,-0.4,-0.225,-0.261,-0.433
ctx-lh-7Networks_LH_Default_Temp_2,,,,,,,,,,,,,,,,,,,,,,,,,,,,,,,,,,,,,,,,-0.392,-0.437,-0.543,-0.563,-0.342,-0.3,-0.441,-0.523,-0.285,-0.257,-0.407,-0.243,-0.445,-0.252,-0.443,-0.303,-0.226,-0.327,-0.296,-0.287,-0.321,-0.143,-0.18,-0.247,-0.336,-0.284,-0.223,-0.208,-0.122,-0.081,-0.165,-0.164,-0.202,-0.169,-0.247,0.032,0.027,-0.207,-0.124,-0.095,-0.042,0.029,-0.2,-0.238,-0.085,-0.039,-0.348,-0.197,-0.223,-0.094,-0.307,-0.305,-0.459,-0.519,-0.275,-0.34,-0.309,-0.337,-0.192,-0.35,-0.359
ctx-lh-7Networks_LH_Default_Par_1,,,,,,,,,,,,,,,,,,,,,,,,,,,,,,,,,,,,,,,,,-0.087,-0.447,-0.467,-0.258,-0.308,-0.365,-0.447,-0.2,-0.156,-0.14,-0.158,-0.202,-0.129,-0.204,-0.172,-0.202,-0.147,-0.014,-0.374,-0.346,-0.337,-0.257,-0.243,-0.359,-0.324,-0.245,-0.193,-0.069,-0.067,-0.098,-0.183,-0.337,-0.255,-0.308,-0.057,-0.2,-0.148,-0.3,-0.116,-0.256,-0.035,-0.074,-0.317,-0.246,-0.215,-0.296,-0.31,-0.331,-0.209,-0.209,-0.248,-0.434,-0.398,-0.255,-0.314,-0.264,-0.352,-0.206,-0.25,-0.156
ctx-lh-7Networks_LH_Default_Par_2,,,,,,,,,,,,,,,,,,,,,,,,,,,,,,,,,,,,,,,,,,-0.351,-0.275,-0.244,-0.229,-0.419,-0.509,-0.274,-0.071,-0.216,-0.195,-0.195,-0.077,-0.22,-0.09,-0.047,-0.134,-0.01,-0.073,-0.103,0.037,0.117,0.108,0.074,0.134,0.206,-0.142,0.191,0.032,-0.014,0.217,-0.13,0.001,0.002,0.194,0.156,0.019,0.12,-0.019,-0.187,0.063,-0.133,-0.255,0.005,-0.092,-0.32,-0.053,-0.119,0.099,-0.209,-0.434,-0.401,-0.369,-0.272,-0.104,-0.226,-0.333,-0.174,-0.103,-0.215
ctx-lh-7Networks_LH_Default_PFC_1,,,,,,,,,,,,,,,,,,,,,,,,,,,,,,,,,,,,,,,,,,,-0.453,-0.35,-0.107,-0.43,-0.419,-0.177,-0.257,-0.32,-0.353,-0.233,-0.23,-0.159,-0.13,-0.205,-0.16,-0.228,-0.393,-0.521,-0.379,-0.375,-0.255,-0.328,-0.203,-0.345,-0.16,-0.225,-0.121,-0.087,-0.072,-0.239,-0.328,-0.26,-0.175,-0.349,-0.233,-0.338,-0.095,-0.317,-0.149,-0.092,-0.118,-0.029,-0.059,-0.171,-0.175,-0.384,-0.085,-0.254,-0.306,-0.436,-0.5,-0.449,-0.452,-0.352,-0.325,-0.089,-0.206,-0.287
ctx-lh-7Networks_LH_Default_PFC_2,,,,,,,,,,,,,,,,,,,,,,,,,,,,,,,,,,,,,,,,,,,,-0.068,-0.142,-0.382,-0.461,-0.206,-0.073,-0.11,-0.137,-0.331,-0.189,-0.215,-0.277,-0.225,-0.276,-0.32,-0.373,-0.354,-0.254,-0.183,-0.265,-0.284,-0.175,-0.316,-0.145,-0.206,-0.145,-0.136,-0.165,-0.225,-0.344,-0.218,-0.005,-0.094,-0.078,-0.211,0.024,-0.14,-0.174,-0.049,-0.075,-0.02,-0.026,-0.338,0.012,-0.223,0.032,-0.13,-0.228,-0.448,-0.401,-0.182,-0.312,0.011,-0.26,-0.043,-0.045,-0.016
ctx-lh-7Networks_LH_Default_PFC_3,,,,,,,,,,,,,,,,,,,,,,,,,,,,,,,,,,,,,,,,,,,,,0.071,-0.265,-0.301,-0.064,-0.214,-0.295,-0.186,-0.204,-0.22,-0.156,-0.198,-0.201,-0.19,-0.304,-0.363,-0.324,-0.228,-0.195,-0.204,-0.2,-0.139,-0.418,-0.321,-0.231,-0.085,-0.189,-0.218,-0.175,-0.274,-0.209,-0.13,-0.103,-0.321,-0.319,-0.232,-0.289,-0.124,-0.142,0.063,0.102,0.01,-0.133,-0.328,-0.202,0.087,-0.197,-0.33,-0.483,-0.363,-0.339,-0.175,-0.484,-0.259,-0.156,-0.183,-0.299
ctx-lh-7Networks_LH_Default_PFC_4,,,,,,,,,,,,,,,,,,,,,,,,,,,,,,,,,,,,,,,,,,,,,,-0.186,-0.448,-0.113,0.043,-0.158,-0.138,-0.166,-0.162,-0.15,0.037,0.045,-0.063,-0.003,-0.251,-0.1,-0.217,-0.04,-0.086,-0.077,0.026,-0.106,-0.064,-0.146,-0.188,-0.112,-0.099,-0.087,-0.304,-0.088,-0.012,-0.01,-0.168,-0.103,-0.041,-0.077,-0.209,-0.139,-0.079,-0.029,-0.183,-0.174,-0.19,-0.166,0.048,-0.077,-0.216,-0.333,-0.097,-0.118,0.053,0.08,-0.185,-0.108,0.055,-0.087
ctx-lh-7Networks_LH_Default_PFC_5,,,,,,,,,,,,,,,,,,,,,,,,,,,,,,,,,,,,,,,,,,,,,,,-0.5,0.045,-0.19,-0.4,-0.215,-0.348,-0.374,-0.198,-0.314,-0.296,-0.316,-0.287,-0.41,-0.257,-0.195,-0.293,-0.218,-0.228,-0.178,-0.285,-0.281,-0.244,-0.111,-0.288,-0.221,-0.169,-0.233,-0.199,-0.064,0.028,-0.142,-0.108,-0.275,-0.258,-0.178,-0.222,-0.165,0.191,0.175,-0.183,-0.23,-0.051,0.044,-0.305,-0.31,-0.437,-0.341,-0.372,-0.266,-0.336,-0.241,-0.081,-0.17,-0.321
ctx-lh-7Networks_LH_Default_PFC_6,,,,,,,,,,,,,,,,,,,,,,,,,,,,,,,,,,,,,,,,,,,,,,,,-0.249,-0.385,-0.464,-0.188,-0.379,-0.333,-0.331,-0.352,-0.306,-0.374,-0.43,-0.371,-0.21,-0.243,-0.222,-0.226,-0.296,-0.109,-0.114,-0.272,-0.145,-0.066,-0.278,-0.031,-0.178,-0.183,-0.245,-0.024,0.037,-0.038,0.053,-0.257,-0.198,-0.217,-0.333,-0.251,-0.022,0.027,-0.392,-0.322,-0.108,-0.141,-0.41,-0.365,-0.365,-0.306,-0.289,-0.411,-0.331,-0.405,-0.169,-0.228,-0.386
ctx-lh-7Networks_LH_Default_PFC_7,,,,,,,,,,,,,,,,,,,,,,,,,,,,,,,,,,,,,,,,,,,,,,,,,-0.166,-0.267,-0.221,-0.243,-0.28,-0.157,-0.163,-0.127,-0.199,-0.081,-0.223,-0.14,-0.109,-0.064,-0.109,-0.115,-0.043,-0.079,-0.209,-0.104,-0.3,-0.377,-0.174,-0.196,-0.185,-0.205,-0.095,-0.007,-0.129,0.044,-0.171,-0.129,-0.243,-0.279,-0.262,-0.075,-0.008,-0.186,-0.316,-0.166,-0.192,-0.152,-0.329,-0.337,-0.175,-0.353,-0.14,-0.107,0.049,-0.268,-0.147,-0.316
ctx-lh-7Networks_LH_Default_pCunPCC_1,,,,,,,,,,,,,,,,,,,,,,,,,,,,,,,,,,,,,,,,,,,,,,,,,,-0.076,-0.098,-0.024,-0.066,-0.124,-0.078,-0.037,-0.054,-0.033,-0.261,-0.165,0.056,-0.084,-0.022,-0.111,-0.087,-0.181,-0.114,-0.013,-0.209,-0.17,-0.14,-0.116,-0.111,-0.062,0.112,-0.004,-0.196,-0.101,-0.095,-0.123,0.058,-0.08,-0.103,0.004,-0.084,-0.13,-0.064,-0.131,-0.036,-0.062,-0.188,-0.325,-0.192,-0.302,-0.068,-0.325,-0.159,-0.185,-0.217,-0.196
ctx-lh-7Networks_LH_Default_pCunPCC_2,,,,,,,,,,,,,,,,,,,,,,,,,,,,,,,,,,,,,,,,,,,,,,,,,,,-0.264,-0.196,-0.128,-0.293,-0.163,-0.028,-0.061,0.025,-0.087,-0.106,0.101,0.103,0.087,-0.02,0.02,0.016,-0.054,0.074,0.02,-0.047,0.019,-0.028,0.015,0.026,0.16,0.125,-0.087,-0.015,-0.186,-0.203,0.092,-0.089,-0.119,0.107,-0.022,-0.256,-0.073,-0.109,0.1,-0.092,-0.415,-0.43,-0.362,-0.307,-0.122,-0.351,-0.317,-0.203,-0.071,-0.24
ctx-rh-7Networks_RH_Vis_1,,,,,,,,,,,,,,,,,,,,,,,,,,,,,,,,,,,,,,,,,,,,,,,,,,,,0.013,-0.053,0.02,0.018,-0.155,-0.015,-0.045,-0.269,-0.29,-0.163,-0.211,-0.308,-0.351,-0.287,-0.228,-0.143,-0.229,-0.192,-0.183,-0.144,-0.307,-0.254,-0.146,-0.057,-0.17,-0.123,-0.283,-0.079,-0.155,-0.118,-0.176,-0.184,-0.206,-0.249,-0.352,-0.246,-0.329,-0.229,-0.284,-0.23,-0.247,-0.237,-0.325,-0.174,-0.311,-0.268,-0.358,-0.162,-0.207
ctx-rh-7Networks_RH_Vis_2,,,,,,,,,,,,,,,,,,,,,,,,,,,,,,,,,,,,,,,,,,,,,,,,,,,,,-0.043,-0.131,-0.128,-0.339,-0.256,-0.405,-0.46,-0.402,-0.201,-0.325,-0.421,-0.465,-0.312,-0.355,-0.029,-0.347,-0.149,-0.2,-0.25,-0.256,-0.305,-0.188,0.08,-0.219,-0.18,-0.362,-0.054,0.067,-0.029,-0.096,-0.161,-0.12,-0.222,-0.23,-0.296,-0.149,-0.159,-0.162,-0.046,-0.365,-0.408,-0.315,-0.253,-0.343,-0.316,-0.094,-0.153,-0.166
ctx-rh-7Networks_RH_Vis_3,,,,,,,,,,,,,,,,,,,,,,,,,,,,,,,,,,,,,,,,,,,,,,,,,,,,,,-0.004,-0.056,-0.212,-0.16,-0.221,-0.369,-0.226,-0.19,-0.222,-0.226,-0.377,-0.187,-0.263,-0.001,-0.254,-0.191,-0.221,-0.278,-0.194,-0.28,-0.033,0.066,-0.158,-0.146,-0.268,0.037,0.003,-0.029,-0.1,-0.143,-0.223,-0.313,-0.265,-0.273,-0.291,-0.131,-0.132,-0.068,-0.3,-0.311,-0.208,-0.169,-0.306,-0.339,-0.208,-0.147,-0.143
ctx-rh-7Networks_RH_Vis_4,,,,,,,,,,,,,,,,,,,,,,,,,,,,,,,,,,,,,,,,,,,,,,,,,,,,,,,-0.15,-0.224,-0.245,-0.366,-0.312,-0.177,-0.05,-0.188,-0.196,-0.314,-0.208,-0.24,-0.068,-0.32,-0.153,-0.156,-0.347,-0.055,-0.295,-0.099,0.077,0.023,-0.22,-0.228,0.017,0.077,-0.083,-0.121,-0.142,-0.025,-0.267,-0.128,-0.272,-0.069,-0.119,-0.174,-0.137,-0.239,-0.342,-0.181,-0.174,-0.223,-0.19,-0.037,-0.198,-0.241
ctx-rh-7Networks_RH_Vis_5,,,,,,,,,,,,,,,,,,,,,,,,,,,,,,,,,,,,,,,,,,,,,,,,,,,,,,,,-0.286,-0.121,-0.162,-0.312,-0.279,-0.099,-0.321,-0.382,-0.459,-0.35,-0.409,-0.033,-0.337,-0.032,-0.127,-0.269,-0.15,-0.258,-0.109,0.14,0.041,-0.1,-0.135,0.037,0.052,0.205,0.023,0.003,0.057,-0.042,-0.088,-0.124,-0.021,0.033,-0.099,0.019,-0.182,-0.225,-0.139,-0.1,-0.262,-0.222,0.044,-0.171,-0.142
ctx-rh-7Networks_RH_Vis_6,,,,,,,,,,,,,,,,,,,,,,,,,,,,,,,,,,,,,,,,,,,,,,,,,,,,,,,,,-0.279,-0.249,-0.364,-0.347,-0.132,-0.276,-0.312,-0.395,-0.432,-0.382,-0.06,-0.199,-0.044,-0.212,-0.274,-0.149,-0.146,-0.181,0.048,-0.025,-0.12,-0.196,-0.125,-0.146,0.084,0.091,-0.079,-0.025,0.003,-0.164,-0.119,-0.081,-0.106,-0.068,-0.056,-0.281,-0.263,-0.269,-0.172,-0.393,-0.276,-0.012,-0.189,-0.056
ctx-rh-7Networks_RH_Vis_7,,,,,,,,,,,,,,,,,,,,,,,,,,,,,,,,,,,,,,,,,,,,,,,,,,,,,,,,,,-0.406,-0.361,-0.357,-0.152,-0.069,-0.183,-0.287,-0.113,-0.194,0.016,-0.087,-0.01,-0.081,-0.122,-0.19,-0.209,-0.099,0.089,-0.189,-0.012,-0.213,-0.065,-0.05,0.018,-0.051,-0.17,-0.126,-0.203,-0.214,-0.177,-0.165,-0.061,-0.111,-0.218,-0.37,-0.38,-0.26,-0.219,-0.249,-0.303,-0.022,-0.082,-0.101
ctx-rh-7Networks_RH_Vis_8,,,,,,,,,,,,,,,,,,,,,,,,,,,,,,,,,,,,,,,,,,,,,,,,,,,,,,,,,,,-0.331,-0.346,-0.1,-0.148,-0.254,-0.317,-0.102,-0.214,-0.016,-0.111,-0.012,-0.135,-0.048,-0.106,-0.184,-0.084,0.172,-0.14,-0.039,-0.181,-0.125,-0.05,0.233,0.101,-0.11,-0.078,-0.063,-0.052,-0.103,-0.084,0.029,-0.027,-0.089,-0.376,-0.26,-0.195,-0.273,-0.386,-0.244,0.095,-0.108,-0.032
ctx-rh-7Networks_RH_SomMot_1,,,,,,,,,,,,,,,,,,,,,,,,,,,,,,,,,,,,,,,,,,,,,,,,,,,,,,,,,,,,-0.569,-0.664,-0.426,-0.55,-0.52,-0.526,-0.433,-0.271,-0.518,-0.328,-0.316,-0.44,-0.378,-0.424,-0.584,-0.466,-0.511,-0.452,-0.53,0.032,-0.117,-0.147,0.043,-0.139,-0.372,-0.336,-0.243,-0.266,-0.496,-0.284,-0.082,-0.011,-0.331,-0.383,-0.262,-0.326,-0.227,-0.384,-0.288,-0.354,-0.144
ctx-rh-7Networks_RH_SomMot_2,,,,,,,,,,,,,,,,,,,,,,,,,,,,,,,,,,,,,,,,,,,,,,,,,,,,,,,,,,,,,-0.423,-0.437,-0.336,-0.431,-0.376,-0.425,-0.326,-0.461,-0.323,-0.262,-0.415,-0.3,-0.236,-0.52,-0.301,-0.402,-0.363,-0.365,-0.095,-0.264,-0.185,-0.103,-0.236,-0.312,-0.061,0.054,-0.116,-0.37,-0.245,-0.132,-0.219,-0.538,-0.496,-0.319,-0.409,-0.418,-0.299,-0.074,-0.261,-0.152
ctx-rh-7Networks_RH_SomMot_3,,,,,,,,,,,,,,,,,,,,,,,,,,,,,,,,,,,,,,,,,,,,,,,,,,,,,,,,,,,,,,-0.281,-0.363,-0.275,-0.269,-0.322,-0.209,-0.372,-0.296,-0.164,-0.353,-0.313,-0.24,-0.406,-0.375,-0.404,-0.376,-0.408,-0.091,-0.217,-0.247,0.013,-0.367,-0.372,-0.298,-0.068,-0.171,-0.534,-0.208,0.022,-0.054,-0.405,-0.359,-0.226,-0.341,-0.247,-0.245,-0.04,-0.131,0.052
ctx-rh-7Networks_RH_SomMot_4,,,,,,,,,,,,,,,,,,,,,,,,,,,,,,,,,,,,,,,,,,,,,,,,,,,,,,,,,,,,,,,-0.427,-0.353,-0.31,-0.587,-0.087,-0.343,-0.001,-0.032,-0.146,-0.069,-0.091,-0.241,-0.138,-0.024,-0.143,-0.256,-0.136,-0.102,0.235,0.217,-0.022,0.132,0.077,0.03,0.07,-0.137,0.117,0.082,-0.08,-0.269,-0.354,-0.223,-0.137,-0.316,-0.239,0.159,-0.127,0.081
ctx-rh-7Networks_RH_SomMot_5,,,,,,,,,,,,,,,,,,,,,,,,,,,,,,,,,,,,,,,,,,,,,,,,,,,,,,,,,,,,,,,,-0.216,-0.232,-0.468,-0.007,-0.223,-0.107,-0.09,-0.22,-0.298,-0.064,-0.278,-0.269,-0.224,-0.213,-0.45,-0.266,-0.142,-0.062,0.131,-0.199,-0.081,-0.184,-0.098,-0.181,-0.394,-0.045,0.109,-0.145,-0.252,-0.322,-0.237,-0.286,-0.322,-0.142,0.018,-0.081,-0.001
ctx-rh-7Networks_RH_SomMot_6,,,,,,,,,,,,,,,,,,,,,,,,,,,,,,,,,,,,,,,,,,,,,,,,,,,,,,,,,,,,,,,,,-0.235,-0.457,-0.171,-0.486,-0.026,-0.228,-0.113,-0.135,0.025,-0.24,-0.087,-0.06,-0.159,-0.239,-0.252,-0.181,0.11,0.216,-0.175,-0.03,-0.063,0.007,0.048,-0.262,0.02,-0.069,-0.276,-0.411,-0.416,-0.292,-0.265,-0.422,-0.239,0.093,-0.161,-0.069
ctx-rh-7Networks_RH_SomMot_7,,,,,,,,,,,,,,,,,,,,,,,,,,,,,,,,,,,,,,,,,,,,,,,,,,,,,,,,,,,,,,,,,,-0.329,-0.177,-0.36,-0.125,-0.092,-0.212,-0.207,-0.131,-0.247,-0.14,-0.132,-0.273,-0.313,-0.233,-0.118,0.079,0.17,-0.112,-0.184,-0.066,-0.095,-0.13,-0.225,-0.141,-0.049,-0.098,-0.338,-0.355,-0.245,-0.214,-0.288,-0.106,0.045,-0.237,-0.07
ctx-rh-7Networks_RH_SomMot_8,,,,,,,,,,,,,,,,,,,,,,,,,,,,,,,,,,,,,,,,,,,,,,,,,,,,,,,,,,,,,,,,,,,-0.197,-0.373,-0.053,-0.054,-0.043,-0.152,-0.092,-0.306,-0.148,-0.182,-0.198,-0.074,-0.172,-0.128,0.074,0.201,-0.234,-0.202,-0.176,0.0,-0.093,-0.285,-0.036,-0.069,-0.035,-0.318,-0.394,-0.298,-0.361,-0.451,-0.255,-0.061,-0.256,-0.148
ctx-rh-7Networks_RH_DorsAttn_Post_1,,,,,,,,,,,,,,,,,,,,,,,,,,,,,,,,,,,,,,,,,,,,,,,,,,,,,,,,,,,,,,,,,,,,-0.177,-0.107,-0.164,-0.246,-0.194,-0.27,-0.21,-0.09,-0.184,-0.189,-0.207,-0.036,-0.205,-0.023,-0.132,-0.236,-0.298,-0.26,-0.273,-0.177,-0.273,-0.156,-0.169,-0.287,-0.436,-0.32,-0.279,-0.278,-0.329,-0.314,-0.281,-0.134,-0.122
ctx-rh-7Networks_RH_DorsAttn_Post_2,,,,,,,,,,,,,,,,,,,,,,,,,,,,,,,,,,,,,,,,,,,,,,,,,,,,,,,,,,,,,,,,,,,,,0.0,-0.105,-0.255,-0.292,-0.257,-0.226,-0.08,-0.256,-0.132,-0.281,-0.188,-0.088,0.086,0.125,-0.221,-0.159,-0.186,-0.146,0.004,-0.383,0.067,-0.037,-0.099,-0.349,-0.35,-0.284,-0.189,-0.382,-0.294,0.011,-0.109,0.021
ctx-rh-7Networks_RH_DorsAttn_Post_3,,,,,,,,,,,,,,,,,,,,,,,,,,,,,,,,,,,,,,,,,,,,,,,,,,,,,,,,,,,,,,,,,,,,,,-0.153,-0.212,-0.324,-0.262,-0.154,-0.062,-0.327,-0.161,-0.204,-0.057,-0.065,-0.074,-0.098,-0.247,-0.502,-0.488,-0.193,-0.278,-0.328,-0.272,-0.078,-0.194,-0.154,-0.156,-0.215,-0.102,-0.253,-0.104,-0.189,-0.244,-0.044
ctx-rh-7Networks_RH_DorsAttn_Post_4,,,,,,,,,,,,,,,,,,,,,,,,,,,,,,,,,,,,,,,,,,,,,,,,,,,,,,,,,,,,,,,,,,,,,,,-0.25,-0.219,-0.364,-0.044,-0.036,-0.132,-0.11,-0.096,-0.065,-0.023,0.123,-0.08,-0.29,-0.302,-0.341,-0.21,-0.206,-0.215,-0.146,-0.121,-0.151,-0.287,-0.25,-0.203,-0.172,-0.307,-0.271,-0.222,-0.183,-0.073
ctx-rh-7Networks_RH_DorsAttn_Post_5,,,,,,,,,,,,,,,,,,,,,,,,,,,,,,,,,,,,,,,,,,,,,,,,,,,,,,,,,,,,,,,,,,,,,,,,-0.193,-0.245,-0.175,-0.24,-0.321,-0.343,-0.298,-0.134,-0.129,0.053,0.026,-0.23,-0.311,-0.428,-0.147,-0.316,-0.478,-0.283,-0.092,0.032,-0.213,-0.185,-0.166,-0.286,-0.319,-0.263,-0.146,-0.219,-0.113
ctx-rh-7Networks_RH_DorsAttn_PrCv_1,,,,,,,,,,,,,,,,,,,,,,,,,,,,,,,,,,,,,,,,,,,,,,,,,,,,,,,,,,,,,,,,,,,,,,,,,-0.357,-0.395,-0.095,-0.074,-0.273,-0.173,-0.219,-0.113,-0.242,-0.19,-0.26,-0.247,-0.169,-0.133,-0.266,-0.291,-0.219,-0.25,-0.305,-0.323,-0.362,-0.231,-0.319,-0.192,-0.222,-0.081,-0.218,-0.173
ctx-rh-7Networks_RH_DorsAttn_FEF_1,,,,,,,,,,,,,,,,,,,,,,,,,,,,,,,,,,,,,,,,,,,,,,,,,,,,,,,,,,,,,,,,,,,,,,,,,,-0.226,-0.212,-0.26,-0.348,-0.41,-0.278,-0.181,-0.192,-0.075,-0.279,-0.313,-0.373,-0.054,-0.174,-0.539,-0.319,-0.152,-0.203,-0.276,-0.261,-0.287,-0.295,-0.416,-0.21,-0.185,-0.196,-0.108
ctx-rh-7Networks_RH_SalVentAttn_TempOccPar_1,,,,,,,,,,,,,,,,,,,,,,,,,,,,,,,,,,,,,,,,,,,,,,,,,,,,,,,,,,,,,,,,,,,,,,,,,,,-0.311,-0.421,-0.317,-0.461,-0.103,-0.26,-0.187,0.016,-0.249,-0.443,-0.272,-0.118,-0.182,-0.456,-0.176,-0.009,-0.178,-0.36,-0.459,-0.24,-0.351,-0.192,-0.293,-0.207,-0.136,-0.029
ctx-rh-7Networks_RH_SalVentAttn_TempOccPar_2,,,,,,,,,,,,,,,,,,,,,,,,,,,,,,,,,,,,,,,,,,,,,,,,,,,,,,,,,,,,,,,,,,,,,,,,,,,,-0.497,-0.262,-0.418,0.064,-0.172,-0.095,0.137,-0.191,-0.277,-0.268,0.007,-0.181,-0.484,-0.258,0.032,0.26,-0.204,-0.108,-0.092,-0.17,-0.163,-0.08,-0.043,-0.061,0.043
ctx-rh-7Networks_RH_SalVentAttn_FrOperIns_1,,,,,,,,,,,,,,,,,,,,,,,,,,,,,,,,,,,,,,,,,,,,,,,,,,,,,,,,,,,,,,,,,,,,,,,,,,,,,-0.478,-0.46,0.06,-0.253,-0.369,0.068,-0.156,-0.34,-0.252,0.1,-0.214,-0.54,-0.308,0.062,0.061,-0.327,-0.204,-0.188,-0.218,-0.09,0.077,0.042,-0.126,0.051
ctx-rh-7Networks_RH_SalVentAttn_Med_1,,,,,,,,,,,,,,,,,,,,,,,,,,,,,,,,,,,,,,,,,,,,,,,,,,,,,,,,,,,,,,,,,,,,,,,,,,,,,,-0.45,-0.103,-0.141,-0.186,0.008,-0.325,-0.277,-0.45,-0.083,-0.367,-0.552,-0.254,-0.139,-0.017,-0.288,-0.334,-0.262,-0.186,-0.389,-0.2,-0.19,-0.215,-0.143
ctx-rh-7Networks_RH_SalVentAttn_Med_2,,,,,,,,,,,,,,,,,,,,,,,,,,,,,,,,,,,,,,,,,,,,,,,,,,,,,,,,,,,,,,,,,,,,,,,,,,,,,,,-0.064,-0.376,-0.307,0.053,-0.17,-0.243,-0.331,-0.072,-0.285,-0.51,-0.237,-0.114,0.037,-0.348,-0.359,-0.238,-0.34,-0.293,-0.098,0.0,-0.196,-0.092
ctx-rh-7Networks_RH_Limbic_OFC_1,,,,,,,,,,,,,,,,,,,,,,,,,,,,,,,,,,,,,,,,,,,,,,,,,,,,,,,,,,,,,,,,,,,,,,,,,,,,,,,,-0.101,0.005,0.041,0.032,-0.195,-0.247,-0.292,-0.181,-0.048,0.093,-0.05,0.067,-0.077,-0.021,-0.11,0.034,-0.274,-0.381,-0.23,-0.086,-0.174
ctx-rh-7Networks_RH_Limbic_TempPole_1,,,,,,,,,,,,,,,,,,,,,,,,,,,,,,,,,,,,,,,,,,,,,,,,,,,,,,,,,,,,,,,,,,,,,,,,,,,,,,,,,-0.311,-0.139,-0.104,-0.137,-0.125,-0.319,-0.202,-0.173,-0.06,-0.399,-0.036,-0.08,-0.119,-0.163,-0.131,-0.282,-0.335,-0.34,-0.113,-0.195
ctx-rh-7Networks_RH_Cont_Par_1,,,,,,,,,,,,,,,,,,,,,,,,,,,,,,,,,,,,,,,,,,,,,,,,,,,,,,,,,,,,,,,,,,,,,,,,,,,,,,,,,,0.003,-0.269,-0.367,-0.414,-0.28,-0.181,-0.668,-0.151,-0.046,-0.073,-0.193,-0.207,-0.117,-0.219,-0.182,-0.234,-0.236,-0.015,0.053
ctx-rh-7Networks_RH_Cont_Par_2,,,,,,,,,,,,,,,,,,,,,,,,,,,,,,,,,,,,,,,,,,,,,,,,,,,,,,,,,,,,,,,,,,,,,,,,,,,,,,,,,,,-0.327,-0.25,-0.237,-0.28,-0.176,-0.21,-0.036,-0.188,-0.501,-0.175,-0.165,-0.271,-0.061,-0.179,-0.222,-0.318,-0.101,-0.103
ctx-rh-7Networks_RH_Cont_PFCl_1,,,,,,,,,,,,,,,,,,,,,,,,,,,,,,,,,,,,,,,,,,,,,,,,,,,,,,,,,,,,,,,,,,,,,,,,,,,,,,,,,,,,-0.219,-0.26,-0.411,-0.4,-0.318,-0.257,-0.239,-0.298,-0.214,-0.258,-0.266,-0.171,0.079,-0.178,-0.341,-0.144,-0.192
ctx-rh-7Networks_RH_Cont_PFCl_2,,,,,,,,,,,,,,,,,,,,,,,,,,,,,,,,,,,,,,,,,,,,,,,,,,,,,,,,,,,,,,,,,,,,,,,,,,,,,,,,,,,,,-0.142,-0.047,-0.261,-0.329,-0.325,-0.119,-0.189,-0.174,-0.284,-0.224,0.003,0.106,0.111,-0.007,-0.115,-0.024
ctx-rh-7Networks_RH_Cont_PFCl_3,,,,,,,,,,,,,,,,,,,,,,,,,,,,,,,,,,,,,,,,,,,,,,,,,,,,,,,,,,,,,,,,,,,,,,,,,,,,,,,,,,,,,,-0.017,-0.457,-0.251,-0.372,-0.16,-0.073,-0.118,-0.07,-0.16,0.043,-0.017,0.172,-0.128,-0.108,-0.103
ctx-rh-7Networks_RH_Cont_PFCl_4,,,,,,,,,,,,,,,,,,,,,,,,,,,,,,,,,,,,,,,,,,,,,,,,,,,,,,,,,,,,,,,,,,,,,,,,,,,,,,,,,,,,,,,-0.387,-0.268,-0.203,-0.439,-0.473,-0.244,-0.229,-0.338,-0.217,-0.343,-0.189,-0.143,-0.207,-0.365
ctx-rh-7Networks_RH_Cont_Cing_1,,,,,,,,,,,,,,,,,,,,,,,,,,,,,,,,,,,,,,,,,,,,,,,,,,,,,,,,,,,,,,,,,,,,,,,,,,,,,,,,,,,,,,,,-0.534,-0.285,-0.146,-0.36,-0.289,-0.283,-0.279,-0.22,-0.274,-0.249,-0.371,-0.113,-0.109
ctx-rh-7Networks_RH_Cont_PFCmp_1,,,,,,,,,,,,,,,,,,,,,,,,,,,,,,,,,,,,,,,,,,,,,,,,,,,,,,,,,,,,,,,,,,,,,,,,,,,,,,,,,,,,,,,,,-0.343,-0.273,-0.052,-0.349,-0.3,-0.363,-0.413,-0.161,0.042,-0.286,-0.149,-0.178
ctx-rh-7Networks_RH_Cont_pCun_1,,,,,,,,,,,,,,,,,,,,,,,,,,,,,,,,,,,,,,,,,,,,,,,,,,,,,,,,,,,,,,,,,,,,,,,,,,,,,,,,,,,,,,,,,,0.063,-0.1,-0.281,-0.164,-0.061,-0.166,-0.011,-0.044,-0.303,-0.1,0.119
ctx-rh-7Networks_RH_Default_Par_1,,,,,,,,,,,,,,,,,,,,,,,,,,,,,,,,,,,,,,,,,,,,,,,,,,,,,,,,,,,,,,,,,,,,,,,,,,,,,,,,,,,,,,,,,,,-0.464,-0.332,-0.469,-0.256,-0.28,-0.222,-0.391,-0.372,-0.105,-0.172
ctx-rh-7Networks_RH_Default_Temp_1,,,,,,,,,,,,,,,,,,,,,,,,,,,,,,,,,,,,,,,,,,,,,,,,,,,,,,,,,,,,,,,,,,,,,,,,,,,,,,,,,,,,,,,,,,,,-0.36,-0.311,-0.384,-0.248,-0.278,-0.258,-0.251,-0.33,-0.473
ctx-rh-7Networks_RH_Default_Temp_2,,,,,,,,,,,,,,,,,,,,,,,,,,,,,,,,,,,,,,,,,,,,,,,,,,,,,,,,,,,,,,,,,,,,,,,,,,,,,,,,,,,,,,,,,,,,,-0.508,-0.281,-0.421,-0.405,-0.394,-0.311,-0.403,-0.399
ctx-rh-7Networks_RH_Default_Temp_3,,,,,,,,,,,,,,,,,,,,,,,,,,,,,,,,,,,,,,,,,,,,,,,,,,,,,,,,,,,,,,,,,,,,,,,,,,,,,,,,,,,,,,,,,,,,,,-0.374,-0.505,-0.29,-0.326,-0.157,-0.301,-0.377
ctx-rh-7Networks_RH_Default_PFCv_1,,,,,,,,,,,,,,,,,,,,,,,,,,,,,,,,,,,,,,,,,,,,,,,,,,,,,,,,,,,,,,,,,,,,,,,,,,,,,,,,,,,,,,,,,,,,,,,-0.274,-0.416,-0.366,-0.234,-0.232,-0.362
ctx-rh-7Networks_RH_Default_PFCv_2,,,,,,,,,,,,,,,,,,,,,,,,,,,,,,,,,,,,,,,,,,,,,,,,,,,,,,,,,,,,,,,,,,,,,,,,,,,,,,,,,,,,,,,,,,,,,,,,-0.27,-0.331,-0.138,-0.192,-0.209
ctx-rh-7Networks_RH_Default_PFCdPFCm_1,,,,,,,,,,,,,,,,,,,,,,,,,,,,,,,,,,,,,,,,,,,,,,,,,,,,,,,,,,,,,,,,,,,,,,,,,,,,,,,,,,,,,,,,,,,,,,,,,-0.323,-0.352,-0.273,-0.343
ctx-rh-7Networks_RH_Default_PFCdPFCm_2,,,,,,,,,,,,,,,,,,,,,,,,,,,,,,,,,,,,,,,,,,,,,,,,,,,,,,,,,,,,,,,,,,,,,,,,,,,,,,,,,,,,,,,,,,,,,,,,,,-0.253,-0.139,-0.341
ctx-rh-7Networks_RH_Default_PFCdPFCm_3,,,,,,,,,,,,,,,,,,,,,,,,,,,,,,,,,,,,,,,,,,,,,,,,,,,,,,,,,,,,,,,,,,,,,,,,,,,,,,,,,,,,,,,,,,,,,,,,,,,-0.254,-0.322
ctx-rh-7Networks_RH_Default_pCunPCC_1,,,,,,,,,,,,,,,,,,,,,,,,,,,,,,,,,,,,,,,,,,,,,,,,,,,,,,,,,,,,,,,,,,,,,,,,,,,,,,,,,,,,,,,,,,,,,,,,,,,,-0.114
ctx-rh-7Networks_RH_Default_pCunPCC_2,,,,,,,,,,,,,,,,,,,,,,,,,,,,,,,,,,,,,,,,,,,,,,,,,,,,,,,,,,,,,,,,,,,,,,,,,,,,,,,,,,,,,,,,,,,,,,,,,,,,
