,ctx-lh-K1_3a_3b,ctx-lh-K2,ctx-lh-K4,ctx-lh-K5,ctx-lh-K6aa,ctx-lh-K6ab_1,ctx-lh-K6ab_2,ctx-lh-K7,ctx-lh-K8_1,ctx-lh-K8_2,ctx-lh-K9,ctx-lh-K10,ctx-lh-K11_12,ctx-lh-K13,ctx-lh-K16,ctx-lh-K17_1,ctx-lh-K17_2,ctx-lh-K17_3,ctx-lh-K18_1,ctx-lh-K18_2,ctx-lh-K18_3,ctx-lh-K19_1,ctx-lh-K19_2,ctx-lh-K19_3,ctx-lh-K20,ctx-lh-K21,ctx-lh-K22a_1,ctx-lh-K22a_2,ctx-lh-K22b_1,ctx-lh-K22b_2,ctx-lh-K23_24_26_29_30_31_32_33,ctx-lh-K25,ctx-lh-K27,ctx-lh-K28_34,ctx-lh-K35_36,ctx-lh-K37,ctx-lh-K38,ctx-lh-K39_1,ctx-lh-K39_40,ctx-lh-K40_1,ctx-lh-K40_2,ctx-lh-K40_3,ctx-lh-K41_42_52,ctx-lh-K43,ctx-lh-K44a,ctx-lh-K44b,ctx-lh-K45,ctx-lh-K46,ctx-lh-K47,ctx-rh-K1_3a_3b,ctx-rh-K2,ctx-rh-K4,ctx-rh-K5,ctx-rh-K6aa,ctx-rh-K6ab_1,ctx-rh-K6ab_2,ctx-rh-K7,ctx-rh-K8_1,ctx-rh-K8_2,ctx-rh-K9,ctx-rh-K10,ctx-rh-K11_12,ctx-rh-K13,ctx-rh-K16,ctx-rh-K17_1,ctx-rh-K17_2,ctx-rh-K17_3,ctx-rh-K18_1,ctx-rh-K18_2,ctx-rh-K18_3,ctx-rh-K19_1,ctx-rh-K19_2,ctx-rh-K19_3,ctx-rh-K20,ctx-rh-K21,ctx-rh-K22a_1,ctx-rh-K22a_2,ctx-rh-K22b_1,ctx-rh-K22b_2,ctx-rh-K23_24_26_29_30_31_32_33,ctx-rh-K25,ctx-rh-K27,ctx-rh-K28_34,ctx-rh-K35_36,ctx-rh-K37,ctx-rh-K38,ctx-rh-K39_1,ctx-rh-K39_40,ctx-rh-K40_1,ctx-rh-K40_2,ctx-rh-K40_3,ctx-rh-K41_42_52,ctx-rh-K43,ctx-rh-K44a,ctx-rh-K44b,ctx-rh-K45,ctx-rh-K46,ctx-rh-K47
ctx-lh-K1_3a_3b,,-0.425,-0.217,-0.271,-0.274,-0.134,-0.022,-0.063,-0.124,-0.243,-0.24,-0.075,-0.026,0.061,-0.029,-0.006,-0.129,0.112,0.141,-0.196,0.267,-0.005,-0.193,0.11,0.236,0.021,0.04,0.093,-0.174,-0.189,-0.139,0.186,0.255,0.078,0.211,0.069,0.068,0.074,-0.156,-0.012,-0.079,-0.196,-0.117,0.096,-0.114,-0.121,-0.074,0.037,0.08,-0.058,-0.195,-0.145,-0.139,0.015,0.044,0.105,-0.069,-0.189,-0.111,-0.261,-0.058,-0.006,0.028,-0.112,0.06,-0.062,0.033,0.105,-0.23,0.043,0.03,-0.34,0.01,0.144,-0.154,0.065,-0.096,-0.138,-0.137,-0.069,-0.068,0.059,-0.133,0.105,0.049,-0.05,-0.195,-0.193,0.055,-0.296,-0.194,-0.136,-0.036,-0.043,-0.214,-0.112,-0.172,-0.022
ctx-lh-K2,,,-0.069,0.002,0.134,0.2,0.474,0.094,-0.086,-0.158,0.068,0.081,0.058,0.361,0.104,-0.089,-0.378,-0.192,0.039,-0.502,-0.013,-0.094,-0.455,-0.047,0.154,-0.064,-0.008,0.023,-0.033,-0.157,-0.133,0.212,-0.047,0.033,0.097,0.008,0.08,-0.03,-0.044,0.029,0.11,0.179,-0.048,0.074,0.112,0.165,0.115,0.062,0.2,-0.274,0.081,-0.155,-0.007,0.075,0.158,0.377,0.023,-0.111,-0.139,0.03,0.084,0.108,0.287,-0.057,-0.045,-0.303,-0.28,-0.022,-0.26,-0.065,0.042,-0.476,-0.156,0.121,-0.128,0.157,-0.057,0.04,0.053,-0.121,0.096,-0.231,-0.269,-0.042,0.035,-0.15,-0.145,0.114,0.196,-0.058,0.156,-0.081,0.172,0.15,-0.113,0.003,0.014,0.121
ctx-lh-K4,,,,0.19,-0.217,-0.099,0.027,-0.057,-0.096,-0.247,-0.105,-0.01,-0.092,0.227,0.068,-0.212,-0.059,-0.022,-0.115,-0.231,0.033,-0.299,-0.364,-0.1,0.139,-0.036,0.133,-0.013,-0.018,-0.127,-0.07,0.17,0.042,0.08,0.006,-0.065,-0.007,-0.351,-0.069,-0.134,0.225,0.149,0.028,-0.04,0.084,0.05,0.028,0.011,0.122,-0.263,-0.058,-0.159,0.161,0.196,0.143,0.221,-0.066,-0.015,0.008,0.002,0.057,0.071,0.228,0.177,-0.181,-0.079,-0.165,-0.099,-0.296,-0.125,-0.148,-0.229,-0.072,0.192,0.012,0.27,0.036,0.131,0.285,0.116,-0.133,-0.131,-0.018,0.021,0.045,-0.006,-0.245,0.156,0.154,0.132,0.057,-0.002,-0.042,0.117,-0.045,0.056,-0.027,0.006
ctx-lh-K5,,,,,0.258,-0.085,0.184,-0.011,-0.267,-0.143,-0.1,-0.069,-0.055,0.547,0.372,-0.146,-0.04,0.03,-0.129,-0.136,-0.033,-0.096,-0.273,-0.027,0.061,0.195,0.183,0.054,0.139,0.143,-0.086,0.217,0.088,0.138,0.277,0.126,0.146,-0.186,0.17,-0.034,0.232,0.246,0.131,0.295,0.311,0.289,0.027,-0.021,-0.016,-0.365,-0.021,-0.107,0.08,0.303,0.277,0.313,-0.107,-0.053,0.005,0.046,0.008,0.135,0.349,0.361,-0.244,-0.015,-0.261,-0.285,-0.118,-0.132,-0.159,-0.159,-0.146,0.339,0.034,0.255,0.087,0.211,0.377,0.024,0.024,-0.024,0.018,0.17,0.036,0.113,-0.334,0.255,0.072,0.326,0.265,0.129,0.218,0.444,0.013,0.041,0.044,0.052
ctx-lh-K6aa,,,,,,0.083,0.166,0.238,-0.021,-0.344,-0.068,0.077,0.162,-0.046,0.014,-0.13,0.122,0.131,-0.081,-0.094,0.121,-0.041,-0.068,0.051,0.193,-0.125,-0.1,-0.267,-0.104,-0.197,-0.004,0.155,-0.127,0.113,0.18,0.228,-0.279,0.061,-0.193,-0.05,0.05,0.197,-0.189,-0.261,-0.184,0.046,0.093,0.185,0.192,-0.125,0.275,-0.0,0.268,-0.085,0.032,0.1,0.261,-0.127,-0.195,-0.225,-0.092,-0.017,0.121,-0.142,-0.151,0.074,-0.024,0.001,-0.055,0.039,0.015,-0.016,0.128,-0.077,-0.26,-0.072,-0.167,-0.006,-0.089,-0.017,-0.036,0.108,-0.12,-0.017,0.237,-0.373,-0.099,0.011,0.108,0.013,0.186,-0.083,-0.111,-0.087,-0.305,-0.159,0.021,0.008
ctx-lh-K6ab_1,,,,,,,0.17,-0.03,-0.111,-0.198,0.069,0.293,0.133,-0.093,-0.017,0.025,0.085,0.183,0.141,-0.009,0.099,-0.033,-0.015,0.126,0.003,0.183,-0.013,-0.011,0.35,0.125,0.026,0.075,-0.022,-0.05,0.041,0.089,0.035,-0.209,0.08,-0.017,-0.123,0.036,-0.098,0.007,-0.023,0.297,0.219,0.136,0.147,-0.278,0.073,-0.271,-0.012,-0.137,-0.198,-0.102,0.009,-0.258,-0.384,-0.288,-0.108,-0.045,-0.158,-0.119,0.051,0.146,0.045,0.142,-0.026,0.097,-0.037,-0.068,0.048,-0.155,-0.05,0.196,0.333,0.317,-0.092,-0.2,0.024,0.161,-0.054,0.079,0.13,0.07,-0.266,-0.073,-0.053,0.021,0.047,-0.092,-0.145,-0.196,0.034,-0.072,-0.042,-0.05
ctx-lh-K6ab_2,,,,,,,,0.238,0.007,-0.01,-0.018,0.158,0.016,-0.109,0.064,-0.168,-0.071,-0.16,-0.033,-0.216,-0.047,-0.31,-0.165,-0.001,-0.072,0.07,0.04,-0.046,0.335,0.074,-0.146,0.003,-0.211,-0.033,-0.101,0.072,-0.03,-0.05,-0.02,0.063,0.21,0.242,-0.134,-0.093,-0.129,0.22,0.279,0.151,0.049,-0.136,0.324,-0.041,0.073,-0.036,-0.208,0.019,0.094,-0.043,-0.236,-0.088,0.057,-0.1,-0.019,-0.195,-0.056,-0.024,-0.111,-0.103,-0.142,0.02,-0.138,-0.132,-0.105,-0.124,-0.107,0.087,0.247,0.187,0.048,-0.089,-0.15,-0.07,-0.078,-0.164,-0.05,-0.139,-0.112,-0.069,0.026,0.075,0.067,-0.062,0.019,-0.04,-0.051,0.099,0.018,0.073
ctx-lh-K7,,,,,,,,,-0.057,-0.123,0.085,0.064,-0.337,0.183,0.369,-0.102,0.095,-0.004,-0.107,0.041,-0.083,-0.035,-0.147,-0.04,-0.084,0.113,0.035,-0.044,0.163,0.306,0.028,0.206,0.306,0.207,0.11,0.219,-0.079,-0.219,0.142,-0.086,0.241,0.263,0.032,0.258,0.096,0.13,-0.076,-0.038,-0.213,-0.147,0.038,-0.094,-0.04,0.145,0.078,0.076,0.006,0.099,-0.005,0.212,0.122,-0.129,0.19,0.082,-0.109,0.251,0.062,-0.196,0.334,-0.005,0.101,0.149,0.07,0.169,0.092,0.107,-0.058,0.126,0.245,0.116,-0.034,0.198,0.071,-0.038,0.091,-0.081,-0.269,0.137,-0.107,0.228,0.235,0.045,0.274,0.119,0.057,0.181,0.082,-0.205
ctx-lh-K8_1,,,,,,,,,,0.201,0.238,0.182,0.077,-0.212,-0.121,-0.172,-0.147,-0.053,0.049,-0.016,-0.149,-0.184,0.115,-0.058,0.091,0.369,0.045,0.08,0.39,-0.016,0.223,-0.094,0.054,-0.033,-0.025,-0.104,0.042,0.36,0.304,0.294,-0.16,-0.108,-0.12,-0.157,-0.176,-0.019,0.157,0.092,0.263,-0.084,-0.106,-0.197,-0.127,-0.25,-0.451,-0.229,-0.119,-0.079,-0.06,-0.049,0.012,-0.043,-0.187,-0.026,0.03,-0.122,-0.085,0.143,-0.157,-0.135,-0.071,-0.153,-0.056,-0.214,0.12,0.057,0.2,0.031,-0.187,-0.041,-0.102,0.081,0.059,0.009,-0.115,0.213,0.066,-0.047,-0.194,-0.143,-0.017,0.09,-0.112,-0.37,-0.027,-0.099,-0.126,0.122
ctx-lh-K8_2,,,,,,,,,,,0.296,0.215,0.32,-0.326,-0.333,-0.072,-0.325,-0.298,0.002,-0.221,-0.311,-0.272,-0.1,-0.19,0.25,0.377,-0.014,0.09,0.369,-0.013,0.29,-0.141,-0.029,-0.092,0.07,-0.258,0.187,0.444,0.314,0.253,-0.173,-0.312,-0.229,-0.272,-0.367,-0.11,0.113,0.031,0.25,-0.038,-0.16,-0.265,-0.085,-0.551,-0.617,-0.456,-0.138,-0.086,-0.131,-0.074,-0.007,0.213,-0.252,-0.279,0.182,-0.306,-0.219,0.127,-0.19,-0.161,-0.107,-0.219,-0.208,-0.015,0.238,0.003,0.061,-0.044,-0.275,0.095,-0.005,-0.006,-0.056,0.008,-0.218,0.407,0.3,-0.025,-0.126,-0.378,-0.252,-0.094,-0.298,-0.454,-0.003,-0.096,-0.221,0.151
ctx-lh-K9,,,,,,,,,,,,-0.002,0.126,-0.027,-0.017,-0.03,-0.16,-0.166,0.095,-0.002,-0.048,-0.028,0.26,-0.067,0.028,0.109,-0.18,-0.025,0.19,0.087,0.084,-0.277,-0.057,-0.056,-0.037,-0.267,0.028,0.471,0.322,0.283,-0.142,-0.05,-0.128,-0.118,-0.031,0.006,0.066,-0.01,0.11,-0.236,-0.063,-0.256,0.001,-0.249,-0.404,-0.278,0.028,-0.14,-0.085,-0.211,-0.104,-0.066,-0.145,-0.033,-0.015,-0.183,-0.113,0.119,-0.233,0.023,-0.03,-0.068,0.075,-0.201,0.123,0.005,0.045,0.058,-0.032,-0.094,-0.262,0.037,0.024,0.056,-0.002,0.17,0.255,0.148,0.043,-0.056,0.017,-0.005,-0.262,-0.209,-0.006,-0.238,-0.126,-0.037
ctx-lh-K10,,,,,,,,,,,,,0.065,0.048,-0.045,-0.083,0.016,-0.104,0.016,-0.055,-0.009,-0.078,0.162,-0.077,-0.043,0.031,0.03,0.279,0.42,0.277,-0.144,0.023,0.026,-0.185,-0.249,-0.067,-0.013,0.168,0.161,0.335,0.19,0.126,-0.051,0.009,0.121,0.227,-0.069,-0.008,-0.108,0.032,-0.135,-0.179,-0.136,-0.145,-0.153,-0.278,0.138,-0.054,-0.136,-0.276,-0.181,0.087,-0.102,0.043,-0.039,-0.153,-0.172,0.008,-0.139,0.018,-0.113,-0.042,0.077,-0.244,0.006,0.116,0.057,0.207,0.034,-0.179,-0.068,0.054,-0.08,-0.227,-0.042,-0.071,0.19,0.097,0.187,-0.14,-0.162,-0.058,-0.126,-0.088,-0.115,-0.191,-0.207,-0.038
ctx-lh-K11_12,,,,,,,,,,,,,,0.167,0.073,-0.037,-0.001,-0.145,-0.113,-0.028,-0.244,-0.125,0.034,-0.139,-0.058,-0.067,-0.044,0.133,0.207,-0.008,0.001,0.168,0.28,-0.064,0.024,-0.185,0.232,0.053,-0.041,-0.043,-0.012,0.131,0.108,0.096,-0.087,0.241,0.32,0.236,0.207,-0.059,-0.083,-0.128,-0.172,-0.248,0.065,-0.119,-0.304,-0.083,-0.08,-0.053,-0.134,0.058,0.124,0.003,-0.088,-0.171,-0.215,-0.103,-0.008,-0.295,-0.014,-0.012,-0.03,-0.185,0.073,0.007,0.135,0.147,-0.066,0.006,0.128,0.106,0.166,0.088,-0.194,0.078,-0.111,-0.282,-0.226,-0.294,-0.261,-0.123,0.131,0.007,0.109,0.134,0.172,0.197
ctx-lh-K13,,,,,,,,,,,,,,,0.168,-0.047,0.028,-0.01,-0.068,0.01,0.08,-0.104,0.002,-0.03,-0.069,0.026,-0.044,-0.204,-0.178,-0.048,0.145,-0.023,-0.262,-0.159,-0.092,-0.018,-0.126,0.025,-0.18,0.009,-0.083,0.119,-0.154,0.13,-0.047,-0.246,-0.186,-0.198,-0.123,0.056,0.259,0.101,0.36,-0.043,0.014,-0.008,0.131,0.023,-0.161,-0.066,0.018,-0.011,-0.067,-0.137,-0.075,0.014,-0.098,-0.054,-0.153,-0.038,-0.087,0.051,0.023,-0.03,-0.1,-0.198,-0.177,-0.047,0.066,0.139,-0.127,-0.144,-0.17,-0.228,0.0,-0.189,0.016,0.33,0.122,0.073,0.162,-0.048,0.025,0.097,-0.232,-0.247,-0.159,-0.145
ctx-lh-K16,,,,,,,,,,,,,,,,0.054,-0.011,-0.022,0.249,-0.082,0.118,0.224,-0.108,0.062,-0.052,-0.16,-0.159,-0.204,-0.365,-0.165,-0.116,0.058,-0.356,-0.156,-0.265,-0.067,-0.194,0.118,-0.129,0.003,0.125,0.165,-0.206,0.03,-0.091,-0.234,-0.246,-0.131,-0.17,0.146,0.262,0.133,0.393,0.129,0.129,0.307,0.234,-0.035,0.04,-0.107,0.111,-0.055,0.016,-0.119,0.214,-0.012,0.075,0.261,-0.193,-0.044,0.214,-0.078,0.085,-0.27,-0.316,-0.113,-0.232,-0.183,0.096,-0.039,-0.104,-0.322,-0.378,-0.308,0.079,-0.359,-0.02,0.246,0.292,0.164,0.166,-0.148,-0.096,0.203,-0.024,-0.049,0.048,-0.081
ctx-lh-K17_1,,,,,,,,,,,,,,,,,0.162,0.162,-0.084,0.088,0.302,0.007,0.127,0.223,0.291,0.116,-0.091,0.115,0.03,0.208,0.023,0.039,0.33,0.525,0.412,0.163,0.013,-0.146,0.088,-0.193,0.005,0.022,0.032,0.093,-0.028,0.004,-0.165,-0.201,-0.261,-0.05,-0.216,-0.247,-0.075,-0.214,-0.036,-0.286,-0.191,-0.063,-0.209,0.072,-0.028,0.099,0.009,0.023,-0.03,0.149,0.273,-0.091,0.321,0.277,-0.122,0.131,0.124,0.257,-0.064,0.029,-0.139,0.031,0.069,0.069,-0.157,0.164,0.186,0.228,-0.118,-0.082,-0.034,-0.12,-0.042,-0.027,-0.047,0.017,-0.005,-0.119,-0.154,-0.329,-0.16,-0.259
ctx-lh-K17_2,,,,,,,,,,,,,,,,,,0.059,-0.152,0.225,0.174,0.141,0.208,0.128,0.199,-0.131,-0.01,-0.064,-0.196,0.011,-0.119,-0.094,0.04,0.149,0.083,0.151,-0.028,-0.196,-0.152,-0.363,0.016,-0.031,-0.152,-0.139,-0.019,0.09,0.059,0.042,0.025,-0.132,-0.168,0.044,0.102,0.148,0.128,0.148,0.278,-0.267,-0.24,-0.253,-0.06,0.001,0.128,-0.001,-0.096,0.152,0.038,-0.156,0.288,0.114,0.147,0.197,0.021,0.054,-0.175,0.172,-0.084,-0.159,0.13,-0.084,-0.11,-0.019,0.091,0.148,-0.023,0.171,-0.13,0.043,0.125,0.053,-0.075,-0.305,-0.092,0.064,0.001,-0.053,-0.174,-0.23
ctx-lh-K17_3,,,,,,,,,,,,,,,,,,,-0.221,0.315,0.15,0.066,0.301,0.122,-0.006,0.023,0.035,0.121,-0.214,0.014,-0.134,-0.072,0.208,0.383,0.279,0.108,0.247,-0.334,-0.107,-0.387,0.099,0.056,-0.114,-0.138,-0.016,0.14,0.013,-0.056,-0.042,0.065,-0.059,0.093,0.208,0.03,0.117,-0.054,0.174,-0.461,-0.402,-0.365,-0.231,-0.175,0.05,0.039,-0.042,0.09,0.027,-0.191,0.23,0.066,0.096,0.16,0.068,0.076,-0.114,0.154,0.01,-0.197,0.063,-0.139,-0.12,0.117,0.136,0.145,-0.043,0.441,-0.335,-0.226,-0.136,0.071,-0.187,-0.109,0.033,-0.094,-0.056,-0.199,-0.177,-0.227
ctx-lh-K18_1,,,,,,,,,,,,,,,,,,,,-0.083,-0.225,-0.3,-0.097,-0.065,0.089,0.099,0.146,0.089,-0.038,0.137,-0.02,0.08,0.385,0.486,0.384,0.013,0.219,-0.067,0.156,-0.121,-0.001,-0.073,0.27,0.177,-0.001,0.037,0.093,-0.052,-0.134,-0.074,-0.198,-0.154,-0.111,-0.183,-0.031,-0.239,-0.051,0.048,-0.026,0.131,-0.026,-0.115,-0.085,-0.057,0.095,-0.181,-0.005,0.179,-0.098,-0.267,-0.168,-0.106,0.061,0.23,-0.027,-0.03,-0.054,-0.225,-0.012,0.01,0.033,0.181,0.2,0.221,-0.139,0.075,0.043,-0.133,-0.063,-0.127,-0.291,0.045,-0.077,-0.141,-0.146,-0.059,-0.033,-0.242
ctx-lh-K18_2,,,,,,,,,,,,,,,,,,,,,0.265,0.186,0.249,0.173,0.095,-0.104,0.005,-0.086,-0.158,0.101,-0.014,-0.009,0.021,0.103,0.096,0.144,-0.084,-0.079,0.069,-0.361,-0.011,-0.173,-0.148,-0.194,-0.151,-0.029,0.016,-0.161,-0.069,-0.192,-0.366,-0.149,-0.077,0.057,0.099,0.016,0.177,0.01,-0.172,-0.024,0.028,-0.019,0.101,0.178,-0.119,0.334,0.258,-0.102,0.19,0.213,0.114,0.234,0.067,0.213,-0.029,0.294,-0.046,-0.023,0.226,0.036,0.024,0.054,0.063,0.196,0.017,0.156,-0.017,0.182,-0.032,0.02,-0.144,-0.175,-0.078,-0.078,-0.017,0.046,-0.168,-0.211
ctx-lh-K18_3,,,,,,,,,,,,,,,,,,,,,,0.002,0.152,-0.141,0.037,-0.162,0.144,0.09,-0.246,-0.04,-0.108,0.096,0.337,0.422,0.403,-0.09,0.144,-0.335,-0.033,-0.271,0.214,0.135,0.08,0.066,0.11,0.144,-0.02,-0.097,-0.123,0.052,-0.013,0.071,0.101,0.015,0.21,-0.086,-0.075,-0.231,-0.314,-0.05,-0.049,-0.25,0.145,0.15,-0.006,0.282,0.383,-0.261,0.343,0.217,-0.222,0.142,-0.036,0.188,-0.239,0.029,-0.058,-0.053,0.081,-0.089,-0.098,0.248,0.194,0.135,-0.244,0.223,-0.273,-0.138,-0.052,0.314,0.118,0.02,0.094,-0.097,0.013,-0.17,-0.147,-0.193
ctx-lh-K19_1,,,,,,,,,,,,,,,,,,,,,,,0.092,0.22,-0.055,-0.13,0.049,0.213,-0.104,-0.083,-0.029,0.083,0.367,0.452,0.238,0.147,0.126,-0.329,-0.099,-0.415,0.038,-0.012,0.052,0.097,-0.052,0.039,0.089,-0.152,-0.098,-0.053,-0.111,-0.077,0.052,-0.069,-0.055,-0.186,0.059,-0.193,-0.257,-0.039,-0.12,-0.195,-0.002,0.034,-0.139,0.203,0.189,-0.091,0.319,-0.024,0.235,0.214,0.284,0.218,-0.056,-0.008,-0.034,-0.075,0.077,-0.016,-0.05,0.355,0.407,0.225,-0.006,0.215,-0.201,-0.095,-0.291,0.098,-0.059,-0.021,0.037,-0.144,0.059,0.027,-0.216,-0.236
ctx-lh-K19_2,,,,,,,,,,,,,,,,,,,,,,,,0.134,0.08,0.166,0.007,0.054,-0.059,0.029,0.021,0.012,0.024,-0.056,-0.016,0.097,0.09,-0.172,0.084,-0.201,0.144,-0.086,-0.175,-0.148,-0.012,0.237,0.24,-0.048,0.077,-0.269,-0.343,-0.187,-0.113,-0.064,0.061,-0.048,0.06,0.095,-0.129,0.056,0.087,-0.048,-0.141,-0.013,-0.147,0.262,0.089,-0.101,0.342,0.045,0.108,0.268,0.061,0.124,0.033,0.162,-0.143,-0.057,0.116,0.038,-0.205,0.069,0.025,0.142,-0.042,0.099,-0.079,0.127,-0.186,0.046,-0.135,-0.217,-0.034,-0.093,0.123,0.138,-0.243,-0.317
ctx-lh-K19_3,,,,,,,,,,,,,,,,,,,,,,,,,0.064,-0.107,0.029,0.062,-0.362,-0.202,-0.247,0.126,0.237,0.326,0.278,-0.018,0.094,-0.27,-0.071,-0.295,0.057,-0.038,-0.04,-0.014,0.056,0.095,0.026,-0.094,-0.13,0.017,-0.025,0.069,0.014,-0.08,0.046,-0.087,0.037,-0.152,-0.253,-0.097,-0.115,-0.069,-0.041,-0.036,0.109,0.216,0.291,-0.035,0.285,-0.13,0.186,0.044,0.245,0.245,-0.312,-0.008,-0.078,-0.215,-0.123,-0.184,0.061,0.182,0.123,0.11,0.018,0.23,-0.228,-0.189,-0.191,0.068,-0.133,-0.084,-0.037,-0.098,-0.069,-0.076,-0.14,-0.097
ctx-lh-K20,,,,,,,,,,,,,,,,,,,,,,,,,,0.133,0.035,0.036,0.275,0.102,0.106,-0.048,0.164,0.293,0.195,-0.068,0.182,-0.047,0.076,-0.017,-0.024,-0.071,0.113,0.043,0.022,0.024,-0.081,0.018,-0.022,0.028,0.106,0.215,-0.069,-0.095,-0.003,-0.123,-0.253,-0.069,-0.033,-0.047,-0.135,-0.135,-0.073,0.02,0.209,0.132,0.203,0.049,0.132,-0.084,-0.005,0.006,0.012,0.008,0.047,0.013,-0.12,0.111,-0.175,-0.037,-0.111,0.239,0.287,0.331,-0.133,-0.096,-0.274,-0.274,-0.358,-0.236,-0.101,0.137,0.024,-0.175,-0.074,-0.159,-0.187,0.046
ctx-lh-K21,,,,,,,,,,,,,,,,,,,,,,,,,,,-0.136,-0.101,0.23,0.042,0.111,-0.226,-0.097,-0.11,0.021,-0.19,-0.082,0.451,0.068,0.215,0.046,-0.014,0.019,-0.062,-0.069,-0.077,0.1,0.056,0.043,0.052,-0.09,0.106,0.029,-0.168,-0.06,-0.082,-0.024,-0.057,0.074,-0.035,-0.043,0.009,-0.167,0.002,0.191,-0.156,0.067,0.153,-0.134,-0.007,-0.001,-0.159,-0.148,-0.044,-0.021,-0.163,-0.045,-0.004,-0.346,0.002,-0.223,0.004,-0.127,-0.034,-0.041,0.018,0.189,-0.143,-0.042,-0.16,-0.09,-0.03,-0.208,-0.167,-0.091,-0.005,0.083,0.135
ctx-lh-K22a_1,,,,,,,,,,,,,,,,,,,,,,,,,,,,-0.303,-0.423,-0.444,-0.175,-0.117,-0.4,-0.106,-0.103,-0.046,-0.017,-0.056,-0.318,0.054,-0.135,-0.169,-0.05,0.033,-0.179,-0.382,-0.244,-0.074,-0.07,0.17,0.094,0.142,0.155,0.045,0.121,0.261,0.047,0.079,0.074,0.022,0.08,-0.063,-0.12,-0.119,-0.177,-0.037,-0.065,-0.046,-0.195,0.002,-0.039,0.029,-0.1,0.196,-0.048,-0.1,-0.127,-0.014,-0.074,0.031,-0.17,-0.324,-0.29,-0.059,0.206,-0.328,0.191,0.259,0.303,0.026,-0.015,-0.061,0.137,0.045,-0.238,-0.153,-0.053,-0.113
ctx-lh-K22a_2,,,,,,,,,,,,,,,,,,,,,,,,,,,,,0.038,-0.096,0.051,-0.062,-0.114,-0.048,-0.046,-0.022,0.095,0.348,0.009,0.072,-0.069,-0.168,-0.16,-0.026,-0.067,-0.126,0.141,0.114,0.157,0.1,-0.033,0.087,-0.009,-0.09,-0.166,-0.092,-0.091,-0.28,-0.06,-0.135,-0.064,-0.005,-0.39,-0.247,0.027,-0.019,0.016,0.075,-0.196,-0.016,0.014,-0.16,-0.073,0.067,-0.164,-0.178,-0.009,-0.143,-0.497,-0.146,-0.138,0.061,-0.122,0.052,0.061,0.087,0.247,-0.202,-0.078,-0.095,-0.022,-0.122,-0.043,-0.227,-0.085,-0.131,-0.105,-0.006
ctx-lh-K22b_1,,,,,,,,,,,,,,,,,,,,,,,,,,,,,,-0.105,0.2,-0.143,-0.164,-0.203,-0.158,-0.315,0.098,0.465,0.161,0.373,0.056,-0.205,-0.384,-0.318,0.114,0.225,0.156,0.204,0.225,-0.17,0.055,-0.107,-0.042,-0.254,-0.021,0.078,0.007,0.039,0.282,0.127,0.243,0.087,-0.308,-0.262,-0.049,-0.254,-0.234,0.007,-0.3,-0.259,-0.049,-0.259,-0.321,0.07,0.129,-0.036,0.042,-0.067,-0.339,0.039,-0.166,-0.171,-0.467,-0.209,-0.164,0.079,0.327,0.042,0.069,-0.268,-0.153,-0.227,-0.355,-0.105,-0.034,0.03,0.002,0.164
ctx-lh-K22b_2,,,,,,,,,,,,,,,,,,,,,,,,,,,,,,,0.104,0.087,-0.059,-0.084,-0.112,-0.242,0.022,0.291,-0.109,0.034,-0.05,-0.05,-0.318,-0.219,-0.028,0.115,0.076,0.013,0.071,-0.248,-0.058,-0.11,0.174,-0.231,-0.141,0.052,0.114,-0.155,-0.239,-0.12,0.025,-0.085,0.001,-0.111,0.037,0.048,0.148,0.056,-0.066,0.11,0.08,0.096,-0.178,0.044,0.033,-0.115,-0.029,-0.054,-0.252,0.007,-0.183,-0.02,-0.169,-0.013,-0.098,0.016,0.157,-0.073,-0.051,-0.022,0.043,-0.226,-0.195,-0.028,0.056,-0.186,0.008,0.024
ctx-lh-K23_24_26_29_30_31_32_33,,,,,,,,,,,,,,,,,,,,,,,,,,,,,,,,-0.129,0.09,0.135,0.233,-0.158,0.194,0.198,0.136,0.082,-0.051,0.029,-0.092,-0.104,-0.002,0.157,0.231,-0.002,0.214,0.069,-0.097,-0.045,0.028,0.07,0.003,0.073,0.084,-0.03,0.052,-0.162,-0.153,-0.164,-0.115,0.104,-0.113,-0.138,-0.017,-0.063,-0.133,-0.041,-0.137,0.031,-0.225,0.151,0.289,0.063,0.122,0.18,0.015,-0.047,-0.035,-0.006,0.153,0.382,-0.048,0.352,0.188,0.172,-0.136,-0.013,-0.076,0.073,0.021,0.047,0.078,0.03,-0.218,0.05
ctx-lh-K25,,,,,,,,,,,,,,,,,,,,,,,,,,,,,,,,,0.121,0.1,0.02,-0.072,0.004,-0.203,-0.108,-0.055,-0.041,0.108,0.038,-0.104,-0.204,-0.222,-0.235,-0.272,-0.117,-0.049,0.004,-0.005,0.151,0.094,0.285,0.222,0.049,-0.185,0.008,-0.157,0.02,-0.007,-0.022,-0.006,0.001,-0.127,-0.111,-0.015,-0.052,0.091,-0.018,-0.058,0.036,-0.076,-0.339,-0.201,-0.08,-0.106,-0.215,-0.137,-0.025,0.145,0.2,0.038,-0.098,-0.086,-0.125,-0.116,0.044,0.001,-0.065,0.067,0.02,0.076,-0.052,-0.07,-0.08,-0.045
ctx-lh-K27,,,,,,,,,,,,,,,,,,,,,,,,,,,,,,,,,,-0.187,-0.059,0.169,-0.334,0.203,-0.094,0.141,-0.263,-0.128,-0.265,-0.104,-0.331,-0.456,-0.103,-0.011,-0.032,-0.121,-0.189,-0.006,-0.12,-0.011,-0.088,0.076,0.245,-0.062,0.125,-0.2,-0.039,0.119,-0.483,-0.215,0.143,0.071,0.096,0.214,0.086,0.086,0.058,0.045,-0.095,-0.008,-0.016,-0.271,-0.306,-0.058,-0.216,0.003,0.151,-0.131,-0.369,-0.254,0.123,-0.298,0.081,-0.259,-0.228,-0.206,-0.149,-0.164,-0.186,-0.265,-0.236,-0.234,-0.176,-0.372
ctx-lh-K28_34,,,,,,,,,,,,,,,,,,,,,,,,,,,,,,,,,,,0.055,0.285,-0.145,0.197,-0.106,0.129,-0.007,0.134,-0.186,0.046,0.003,0.036,-0.053,-0.055,-0.167,-0.195,-0.071,0.075,0.149,0.116,-0.187,0.181,0.135,-0.116,0.185,-0.165,-0.159,0.096,-0.202,-0.106,0.211,0.14,0.287,0.298,0.165,0.221,0.153,0.022,0.052,0.076,-0.124,-0.237,-0.246,-0.137,-0.024,0.02,0.021,-0.363,-0.168,-0.073,0.199,-0.243,-0.064,-0.114,-0.123,0.095,-0.072,0.028,-0.006,-0.053,0.058,-0.162,-0.073,-0.224
ctx-lh-K35_36,,,,,,,,,,,,,,,,,,,,,,,,,,,,,,,,,,,,0.358,-0.097,0.028,-0.104,0.013,-0.026,0.126,-0.104,0.101,-0.091,-0.049,0.047,-0.087,-0.02,-0.071,-0.116,0.188,0.037,0.035,-0.078,0.113,-0.024,-0.06,0.108,-0.012,-0.08,0.07,-0.147,-0.006,0.125,0.045,0.33,0.193,0.202,0.246,0.16,0.062,0.136,0.19,0.035,-0.265,-0.257,-0.058,-0.159,0.177,0.167,-0.13,-0.237,0.054,0.237,-0.234,-0.069,-0.171,-0.34,0.034,0.048,0.08,0.074,-0.06,0.014,-0.064,-0.077,-0.164
ctx-lh-K37,,,,,,,,,,,,,,,,,,,,,,,,,,,,,,,,,,,,,-0.118,-0.22,-0.328,-0.247,0.054,0.046,-0.146,-0.062,0.098,0.127,0.109,0.081,-0.082,0.014,0.082,0.086,0.101,0.066,0.118,0.168,0.32,-0.229,-0.083,-0.181,-0.174,-0.238,-0.015,-0.128,0.071,0.236,0.378,0.025,0.293,0.06,0.225,0.178,0.203,0.19,-0.177,-0.15,-0.031,-0.138,-0.281,-0.121,-0.117,0.37,0.216,0.086,0.229,-0.032,-0.109,-0.28,-0.097,0.018,0.054,-0.142,-0.005,0.02,0.048,0.118,0.101,-0.12
ctx-lh-K38,,,,,,,,,,,,,,,,,,,,,,,,,,,,,,,,,,,,,,0.268,-0.008,-0.014,-0.229,-0.182,-0.092,-0.054,-0.127,-0.241,0.078,0.105,0.022,-0.074,-0.01,-0.041,0.09,-0.177,-0.148,-0.118,0.017,-0.031,0.018,-0.088,0.012,0.24,-0.298,-0.284,-0.055,-0.16,0.018,0.121,-0.118,0.129,-0.023,-0.103,-0.064,-0.003,-0.313,-0.166,0.009,0.033,-0.304,0.128,0.056,-0.102,-0.049,-0.043,0.016,-0.128,0.084,-0.264,-0.001,-0.134,-0.107,-0.078,-0.116,-0.099,-0.132,-0.132,0.054,-0.022
ctx-lh-K39_1,,,,,,,,,,,,,,,,,,,,,,,,,,,,,,,,,,,,,,,0.051,0.079,-0.132,0.013,-0.045,0.068,0.026,0.174,0.252,0.097,0.04,0.256,0.002,-0.076,-0.201,-0.066,-0.3,-0.241,-0.2,0.264,0.161,0.346,0.198,-0.092,-0.147,0.214,-0.025,-0.087,-0.165,-0.206,0.033,-0.258,-0.249,-0.001,-0.362,0.054,0.407,0.188,0.296,0.239,-0.177,0.106,-0.248,0.218,0.057,-0.078,-0.199,0.42,0.011,-0.058,-0.173,0.13,0.092,0.241,0.195,-0.161,0.165,0.229,0.088,0.169
ctx-lh-K39_40,,,,,,,,,,,,,,,,,,,,,,,,,,,,,,,,,,,,,,,,-0.04,-0.041,-0.066,-0.206,-0.205,0.113,0.163,0.04,-0.081,0.004,0.061,0.081,-0.071,0.169,-0.11,-0.066,0.067,0.052,0.066,0.077,0.274,0.06,-0.185,-0.108,0.164,0.107,0.015,0.125,0.115,0.049,0.115,0.021,0.113,-0.082,0.173,0.097,-0.03,0.149,0.258,-0.208,-0.092,-0.475,0.084,-0.126,-0.08,-0.048,0.248,-0.091,-0.031,-0.101,0.075,0.104,-0.06,-0.15,-0.039,0.206,0.026,0.089,-0.053
ctx-lh-K40_1,,,,,,,,,,,,,,,,,,,,,,,,,,,,,,,,,,,,,,,,,-0.067,-0.054,0.119,-0.033,0.04,0.124,0.012,0.159,-0.008,0.064,0.07,-0.13,-0.107,-0.152,-0.178,-0.15,-0.232,0.3,-0.027,0.264,0.224,-0.14,-0.009,0.066,0.059,-0.18,-0.082,-0.036,-0.112,-0.196,-0.263,-0.273,-0.286,-0.04,0.177,0.243,0.205,0.334,-0.131,0.019,-0.152,0.166,-0.017,-0.07,-0.1,0.134,-0.112,-0.136,0.003,-0.063,0.063,0.048,0.07,-0.019,0.022,0.212,0.235,0.194
ctx-lh-K40_2,,,,,,,,,,,,,,,,,,,,,,,,,,,,,,,,,,,,,,,,,,-0.154,-0.059,-0.005,0.264,-0.095,-0.11,-0.045,-0.158,-0.16,0.133,0.026,0.099,-0.079,0.045,0.168,0.007,-0.087,-0.203,-0.055,0.171,-0.133,0.128,-0.036,-0.091,0.211,0.076,0.006,0.096,0.197,0.016,0.092,0.222,0.04,-0.068,0.118,0.062,0.326,0.297,-0.22,-0.238,-0.037,-0.226,-0.176,0.099,-0.203,-0.195,0.287,0.036,-0.092,0.184,-0.048,-0.056,0.101,-0.154,-0.031,0.064,-0.136
ctx-lh-K40_3,,,,,,,,,,,,,,,,,,,,,,,,,,,,,,,,,,,,,,,,,,,-0.128,-0.01,0.077,-0.165,-0.146,-0.124,0.136,-0.21,0.061,-0.086,0.24,0.078,0.181,0.297,0.067,-0.131,-0.204,-0.042,0.142,-0.101,0.267,-0.077,-0.144,0.026,-0.026,-0.03,-0.14,0.164,0.122,-0.081,0.103,-0.02,-0.074,-0.004,-0.115,0.047,0.216,-0.002,-0.062,-0.024,-0.189,-0.106,0.088,-0.179,-0.109,0.224,-0.141,0.006,0.244,0.039,0.139,0.146,-0.187,-0.196,-0.016,-0.023
ctx-lh-K41_42_52,,,,,,,,,,,,,,,,,,,,,,,,,,,,,,,,,,,,,,,,,,,,-0.113,-0.39,-0.288,-0.235,-0.249,-0.036,-0.074,0.1,-0.119,0.052,0.033,0.021,0.268,-0.045,0.085,0.201,0.12,0.207,0.148,-0.139,-0.123,0.078,-0.276,-0.172,0.131,-0.4,-0.082,0.11,-0.233,-0.08,0.159,0.13,-0.014,-0.121,-0.116,0.039,-0.046,-0.036,-0.365,-0.334,-0.146,0.023,-0.097,0.185,0.269,0.254,-0.069,-0.024,-0.131,-0.152,0.052,-0.194,-0.038,-0.017,0.027
ctx-lh-K43,,,,,,,,,,,,,,,,,,,,,,,,,,,,,,,,,,,,,,,,,,,,,-0.173,-0.201,-0.082,-0.003,-0.012,-0.024,0.11,-0.154,0.163,-0.026,0.013,0.076,0.223,-0.146,-0.107,-0.186,0.113,-0.137,-0.066,-0.031,0.091,-0.132,0.011,0.044,-0.305,-0.125,0.032,-0.098,-0.089,-0.028,-0.127,-0.091,-0.196,-0.012,0.112,-0.085,-0.272,-0.214,-0.153,-0.001,0.012,-0.166,-0.042,0.159,0.289,-0.028,0.036,-0.012,-0.011,-0.123,-0.242,0.084,0.051,0.063
ctx-lh-K44a,,,,,,,,,,,,,,,,,,,,,,,,,,,,,,,,,,,,,,,,,,,,,,-0.259,0.075,0.079,-0.036,-0.011,0.192,0.039,0.298,-0.229,-0.155,-0.365,0.072,-0.287,-0.475,-0.255,-0.094,-0.266,0.098,-0.148,0.066,-0.007,0.006,0.2,-0.191,0.055,0.135,-0.06,0.172,0.012,-0.165,-0.199,-0.186,0.164,0.034,-0.184,-0.241,-0.166,-0.185,-0.08,0.116,-0.114,-0.084,0.248,0.095,0.055,0.098,-0.054,-0.157,0.159,0.075,-0.144,-0.164,-0.246
ctx-lh-K44b,,,,,,,,,,,,,,,,,,,,,,,,,,,,,,,,,,,,,,,,,,,,,,,0.151,-0.006,0.03,0.127,0.231,0.102,0.193,-0.138,-0.186,-0.195,0.219,-0.247,-0.392,-0.197,-0.08,0.022,-0.253,-0.392,-0.034,0.052,-0.002,0.168,-0.244,0.166,0.166,0.1,0.257,0.038,-0.081,-0.303,-0.158,0.233,-0.285,-0.143,-0.133,0.013,-0.178,0.016,0.305,-0.186,0.074,0.092,0.044,-0.057,0.039,-0.044,-0.135,-0.005,-0.055,-0.054,-0.127,-0.252
ctx-lh-K45,,,,,,,,,,,,,,,,,,,,,,,,,,,,,,,,,,,,,,,,,,,,,,,,-0.12,0.042,0.072,0.122,0.017,0.01,-0.165,-0.206,-0.34,0.046,-0.057,-0.322,-0.244,-0.296,-0.015,-0.12,-0.219,-0.163,-0.017,-0.135,0.029,-0.143,0.129,0.023,0.057,0.259,-0.136,0.035,0.024,0.294,0.249,-0.204,0.002,-0.088,0.211,0.069,0.091,0.2,0.193,0.152,0.061,-0.065,-0.008,0.114,-0.057,-0.071,0.068,0.094,-0.064,-0.33,-0.203
ctx-lh-K46,,,,,,,,,,,,,,,,,,,,,,,,,,,,,,,,,,,,,,,,,,,,,,,,,0.012,0.243,0.167,-0.011,-0.04,-0.156,-0.18,-0.232,-0.013,0.04,-0.195,-0.138,-0.078,0.017,-0.053,-0.117,0.03,0.063,-0.025,0.002,-0.117,0.105,-0.217,-0.035,0.229,-0.133,0.112,0.032,0.14,0.158,0.015,-0.093,-0.111,0.17,0.105,-0.01,0.129,0.037,0.093,0.089,0.121,0.009,0.148,0.053,-0.015,-0.069,-0.059,0.043,-0.245,-0.039
ctx-lh-K47,,,,,,,,,,,,,,,,,,,,,,,,,,,,,,,,,,,,,,,,,,,,,,,,,,-0.013,0.095,0.044,-0.064,-0.006,-0.069,-0.12,-0.204,0.12,-0.189,-0.165,-0.248,-0.049,0.097,0.196,-0.193,-0.133,-0.382,-0.139,-0.195,-0.049,-0.233,-0.104,0.013,-0.022,0.172,0.162,0.285,0.371,0.107,0.111,-0.106,0.143,0.296,0.047,-0.051,0.109,0.077,0.006,-0.088,0.185,0.047,0.04,0.108,0.212,0.066,0.045,-0.173,-0.075
ctx-rh-K1_3a_3b,,,,,,,,,,,,,,,,,,,,,,,,,,,,,,,,,,,,,,,,,,,,,,,,,,,-0.105,-0.253,-0.198,-0.206,-0.041,-0.041,-0.187,-0.049,0.184,-0.163,0.052,-0.099,0.098,-0.026,-0.024,-0.102,-0.129,-0.095,-0.286,-0.036,-0.088,-0.247,-0.124,0.116,0.014,0.074,-0.017,-0.149,-0.036,0.017,-0.002,-0.15,0.026,0.062,0.137,0.159,0.126,-0.034,0.089,-0.152,-0.058,0.044,0.089,-0.12,-0.162,-0.035,0.102,-0.035
ctx-rh-K2,,,,,,,,,,,,,,,,,,,,,,,,,,,,,,,,,,,,,,,,,,,,,,,,,,,,0.136,-0.022,0.208,0.239,0.225,-0.107,-0.15,-0.031,-0.009,-0.169,0.051,0.172,-0.04,-0.14,-0.187,-0.252,-0.213,-0.229,-0.06,-0.027,-0.308,-0.158,0.095,0.071,0.249,0.052,0.178,0.165,0.021,0.144,-0.208,-0.209,-0.1,0.158,-0.102,-0.06,0.196,0.109,-0.049,0.15,0.145,0.292,0.125,-0.079,0.018,0.119,-0.038
ctx-rh-K4,,,,,,,,,,,,,,,,,,,,,,,,,,,,,,,,,,,,,,,,,,,,,,,,,,,,,-0.031,0.108,0.03,0.181,-0.09,-0.176,0.044,-0.121,-0.083,-0.02,0.199,0.102,-0.186,0.109,-0.067,-0.112,-0.131,-0.054,-0.08,-0.164,0.06,0.235,0.048,0.271,0.074,-0.024,0.18,-0.034,-0.015,-0.08,0.006,0.304,0.179,0.052,-0.171,0.09,0.103,0.115,0.173,-0.056,0.085,0.03,-0.092,0.087,-0.013,-0.036
ctx-rh-K5,,,,,,,,,,,,,,,,,,,,,,,,,,,,,,,,,,,,,,,,,,,,,,,,,,,,,,0.285,0.321,0.139,-0.152,-0.054,-0.016,0.078,-0.14,0.091,0.26,0.334,-0.135,0.119,-0.085,-0.164,-0.068,0.05,0.037,-0.101,0.049,0.318,0.001,0.111,-0.003,0.155,0.438,0.13,0.06,0.046,0.118,0.191,0.108,0.113,-0.141,0.215,0.039,0.435,0.321,0.174,0.228,0.352,0.175,0.006,-0.016,-0.161
ctx-rh-K6aa,,,,,,,,,,,,,,,,,,,,,,,,,,,,,,,,,,,,,,,,,,,,,,,,,,,,,,,0.015,0.156,0.097,-0.177,-0.232,-0.246,-0.081,-0.121,0.257,0.069,-0.103,0.105,-0.098,-0.052,0.054,-0.108,0.058,0.068,0.118,-0.051,-0.111,-0.157,-0.037,-0.03,0.169,-0.001,0.046,0.059,0.11,0.145,0.163,-0.145,-0.165,0.115,0.066,0.102,0.203,0.071,-0.037,-0.079,-0.181,-0.117,-0.103,0.017
ctx-rh-K6ab_1,,,,,,,,,,,,,,,,,,,,,,,,,,,,,,,,,,,,,,,,,,,,,,,,,,,,,,,,-0.031,0.137,-0.251,-0.341,-0.342,-0.124,0.068,0.104,0.076,-0.145,0.112,0.085,-0.017,0.123,0.128,0.0,0.111,0.105,0.06,-0.14,-0.031,0.026,0.158,0.197,-0.007,0.188,-0.088,-0.017,0.116,0.206,-0.148,-0.263,0.114,0.071,0.196,0.21,0.14,-0.016,-0.028,-0.082,-0.062,0.015,-0.108
ctx-rh-K6ab_2,,,,,,,,,,,,,,,,,,,,,,,,,,,,,,,,,,,,,,,,,,,,,,,,,,,,,,,,,0.166,-0.14,-0.144,-0.118,-0.139,0.126,0.1,0.108,-0.207,0.102,-0.03,-0.133,0.128,-0.168,0.004,0.049,-0.017,-0.085,-0.066,-0.077,0.025,0.117,0.306,0.174,0.27,-0.046,0.06,0.106,0.275,-0.204,-0.127,0.265,0.032,0.159,0.197,0.116,0.125,0.027,-0.18,-0.052,-0.081,0.075
ctx-rh-K7,,,,,,,,,,,,,,,,,,,,,,,,,,,,,,,,,,,,,,,,,,,,,,,,,,,,,,,,,,0.187,-0.002,0.268,0.123,-0.068,0.093,-0.032,-0.102,0.323,0.174,-0.112,0.441,-0.019,0.239,0.223,0.147,0.097,0.018,-0.065,-0.029,-0.034,0.174,0.237,-0.079,0.245,0.082,0.056,0.246,-0.054,-0.131,0.086,-0.248,0.034,0.09,-0.153,0.204,0.132,0.148,0.205,0.076,-0.164
ctx-rh-K8_1,,,,,,,,,,,,,,,,,,,,,,,,,,,,,,,,,,,,,,,,,,,,,,,,,,,,,,,,,,,0.058,0.009,0.081,0.125,-0.039,0.097,-0.144,-0.35,-0.312,0.059,-0.094,-0.211,-0.141,0.081,-0.159,-0.113,0.112,-0.093,0.003,-0.076,0.109,0.044,0.078,-0.172,-0.025,0.004,-0.042,-0.01,0.407,0.16,0.206,-0.109,-0.201,0.158,-0.273,-0.136,-0.023,0.029,0.02,0.236
ctx-rh-K8_2,,,,,,,,,,,,,,,,,,,,,,,,,,,,,,,,,,,,,,,,,,,,,,,,,,,,,,,,,,,,-0.022,-0.029,0.146,-0.023,0.076,-0.128,-0.261,-0.187,-0.002,-0.09,-0.229,-0.068,-0.115,-0.145,-0.016,0.2,0.026,0.031,0.039,0.036,0.251,0.037,-0.153,0.103,0.138,0.07,-0.014,0.357,0.218,0.001,-0.063,-0.085,0.148,-0.048,-0.232,-0.197,-0.205,-0.212,0.12
ctx-rh-K9,,,,,,,,,,,,,,,,,,,,,,,,,,,,,,,,,,,,,,,,,,,,,,,,,,,,,,,,,,,,,0.005,-0.008,-0.227,0.012,-0.031,-0.341,-0.351,0.09,-0.082,-0.097,-0.121,0.049,-0.062,-0.05,0.323,-0.133,0.066,0.018,0.139,0.074,-0.124,-0.106,0.076,-0.046,0.039,-0.041,0.473,0.322,0.243,-0.106,-0.141,0.029,-0.338,-0.216,0.043,-0.158,0.035,0.121
ctx-rh-K10,,,,,,,,,,,,,,,,,,,,,,,,,,,,,,,,,,,,,,,,,,,,,,,,,,,,,,,,,,,,,,0.15,0.033,0.096,0.028,-0.316,-0.255,-0.006,-0.156,-0.165,-0.181,-0.053,-0.068,-0.194,0.104,-0.001,0.083,0.151,0.106,0.0,0.089,-0.002,0.077,-0.109,-0.069,-0.142,0.324,0.111,0.214,-0.105,-0.139,0.028,-0.021,-0.088,0.075,-0.026,0.018,0.223
ctx-rh-K11_12,,,,,,,,,,,,,,,,,,,,,,,,,,,,,,,,,,,,,,,,,,,,,,,,,,,,,,,,,,,,,,,-0.046,-0.091,0.034,-0.021,-0.144,-0.264,0.121,-0.277,-0.166,0.014,-0.081,-0.112,-0.033,-0.076,-0.006,0.111,-0.098,0.033,0.322,-0.034,0.296,0.11,-0.263,0.015,0.084,-0.147,-0.094,-0.227,-0.053,0.026,0.07,-0.007,0.062,0.064,0.176,0.181
ctx-rh-K13,,,,,,,,,,,,,,,,,,,,,,,,,,,,,,,,,,,,,,,,,,,,,,,,,,,,,,,,,,,,,,,,-0.054,-0.08,0.096,0.007,-0.002,-0.097,0.031,-0.013,0.043,0.095,0.095,-0.054,-0.04,-0.165,0.039,0.108,-0.211,-0.085,-0.258,-0.273,-0.155,0.183,-0.241,-0.043,0.248,0.141,0.207,0.341,0.142,0.083,0.142,-0.061,0.055,-0.009,-0.039
ctx-rh-K16,,,,,,,,,,,,,,,,,,,,,,,,,,,,,,,,,,,,,,,,,,,,,,,,,,,,,,,,,,,,,,,,,-0.078,0.025,-0.036,-0.103,-0.188,0.099,-0.119,0.095,-0.003,0.097,0.041,-0.008,-0.269,-0.082,0.07,0.077,-0.131,-0.253,-0.287,-0.173,-0.196,-0.199,0.12,0.368,0.016,0.065,-0.063,0.048,0.022,0.067,-0.154,-0.146,-0.097,0.0
ctx-rh-K17_1,,,,,,,,,,,,,,,,,,,,,,,,,,,,,,,,,,,,,,,,,,,,,,,,,,,,,,,,,,,,,,,,,,-0.105,0.085,0.195,-0.037,0.085,-0.278,-0.107,0.117,0.066,0.002,-0.083,-0.036,-0.136,-0.09,-0.153,-0.092,0.105,0.181,0.197,0.086,-0.044,-0.045,-0.187,0.082,-0.025,-0.264,-0.065,-0.093,-0.11,-0.258,-0.173,-0.059,-0.09
ctx-rh-K17_2,,,,,,,,,,,,,,,,,,,,,,,,,,,,,,,,,,,,,,,,,,,,,,,,,,,,,,,,,,,,,,,,,,,0.125,-0.108,0.369,0.238,0.196,0.193,0.107,0.061,-0.175,0.162,-0.17,-0.135,0.162,-0.093,-0.051,0.033,0.04,0.095,0.126,-0.009,-0.047,-0.029,0.186,0.133,-0.116,-0.329,0.015,0.08,-0.079,-0.134,-0.11,-0.251
ctx-rh-K17_3,,,,,,,,,,,,,,,,,,,,,,,,,,,,,,,,,,,,,,,,,,,,,,,,,,,,,,,,,,,,,,,,,,,,0.044,0.348,0.23,0.142,0.112,0.154,0.147,-0.185,-0.107,-0.33,-0.151,0.073,-0.101,-0.016,0.129,0.045,0.24,0.16,-0.032,-0.169,-0.16,-0.026,0.087,-0.014,-0.115,-0.056,-0.121,-0.054,-0.359,-0.288,-0.399
ctx-rh-K18_1,,,,,,,,,,,,,,,,,,,,,,,,,,,,,,,,,,,,,,,,,,,,,,,,,,,,,,,,,,,,,,,,,,,,,-0.031,-0.229,0.008,-0.029,0.125,0.008,0.008,-0.128,0.041,-0.269,0.005,-0.093,-0.153,0.168,0.187,0.158,0.035,0.292,-0.2,-0.139,0.02,0.104,-0.166,-0.08,-0.134,0.005,0.02,-0.041,-0.013,-0.124
ctx-rh-K18_2,,,,,,,,,,,,,,,,,,,,,,,,,,,,,,,,,,,,,,,,,,,,,,,,,,,,,,,,,,,,,,,,,,,,,,0.288,0.161,0.01,0.094,0.317,-0.145,0.104,-0.235,-0.068,0.136,-0.044,-0.011,-0.057,0.097,0.087,0.16,-0.106,0.157,0.152,0.248,0.185,0.009,-0.388,-0.171,-0.026,-0.058,-0.106,-0.185,-0.276
ctx-rh-K18_3,,,,,,,,,,,,,,,,,,,,,,,,,,,,,,,,,,,,,,,,,,,,,,,,,,,,,,,,,,,,,,,,,,,,,,,-0.101,0.068,-0.03,0.143,-0.091,0.053,-0.0,-0.146,0.165,-0.12,-0.035,0.022,0.082,0.071,-0.227,0.412,-0.212,-0.046,-0.096,0.28,0.07,-0.029,0.006,-0.114,0.121,-0.114,-0.095,-0.187
ctx-rh-K19_1,,,,,,,,,,,,,,,,,,,,,,,,,,,,,,,,,,,,,,,,,,,,,,,,,,,,,,,,,,,,,,,,,,,,,,,,0.218,0.229,0.034,-0.138,-0.061,0.074,-0.134,0.121,-0.153,-0.138,0.262,0.302,0.242,0.148,0.227,-0.234,0.027,-0.098,0.252,-0.024,-0.182,-0.043,-0.017,0.065,0.121,-0.198,-0.254
ctx-rh-K19_2,,,,,,,,,,,,,,,,,,,,,,,,,,,,,,,,,,,,,,,,,,,,,,,,,,,,,,,,,,,,,,,,,,,,,,,,,0.015,0.34,-0.057,0.166,-0.127,-0.055,0.278,0.121,-0.022,0.016,0.103,0.209,0.008,0.052,0.051,0.254,0.033,0.201,0.065,-0.234,-0.099,0.056,0.186,0.17,-0.075,-0.123
ctx-rh-K19_3,,,,,,,,,,,,,,,,,,,,,,,,,,,,,,,,,,,,,,,,,,,,,,,,,,,,,,,,,,,,,,,,,,,,,,,,,,0.23,-0.268,-0.093,-0.059,-0.386,-0.02,-0.182,0.005,-0.047,-0.038,0.007,0.126,0.154,-0.355,-0.182,-0.066,0.219,-0.106,-0.119,-0.07,0.162,0.069,0.134,0.087,-0.16
ctx-rh-K20,,,,,,,,,,,,,,,,,,,,,,,,,,,,,,,,,,,,,,,,,,,,,,,,,,,,,,,,,,,,,,,,,,,,,,,,,,,-0.011,-0.131,-0.076,-0.13,0.074,0.13,0.238,0.085,0.351,0.433,0.071,0.079,-0.141,-0.007,-0.184,-0.069,-0.006,0.274,-0.043,-0.128,-0.004,-0.161,0.007,-0.185
ctx-rh-K21,,,,,,,,,,,,,,,,,,,,,,,,,,,,,,,,,,,,,,,,,,,,,,,,,,,,,,,,,,,,,,,,,,,,,,,,,,,,-0.176,-0.041,-0.011,-0.103,0.277,-0.165,0.018,0.06,0.07,-0.186,-0.082,0.312,0.169,0.061,-0.155,0.009,0.14,-0.096,-0.058,0.018,0.104,0.207,0.332
ctx-rh-K22a_1,,,,,,,,,,,,,,,,,,,,,,,,,,,,,,,,,,,,,,,,,,,,,,,,,,,,,,,,,,,,,,,,,,,,,,,,,,,,,-0.196,-0.088,-0.123,-0.144,-0.203,-0.11,-0.296,-0.296,0.012,-0.132,0.104,-0.152,-0.035,0.015,-0.04,0.07,-0.053,-0.011,-0.111,-0.164,-0.138,-0.084
ctx-rh-K22a_2,,,,,,,,,,,,,,,,,,,,,,,,,,,,,,,,,,,,,,,,,,,,,,,,,,,,,,,,,,,,,,,,,,,,,,,,,,,,,,0.092,-0.09,0.05,-0.014,-0.189,-0.103,-0.129,0.005,-0.023,0.219,0.157,-0.021,-0.067,-0.163,0.034,-0.07,-0.053,-0.062,0.082,0.135,0.178
ctx-rh-K22b_1,,,,,,,,,,,,,,,,,,,,,,,,,,,,,,,,,,,,,,,,,,,,,,,,,,,,,,,,,,,,,,,,,,,,,,,,,,,,,,,0.063,-0.002,-0.225,-0.175,-0.227,-0.073,-0.224,0.024,0.117,0.333,0.159,-0.119,0.005,0.202,0.023,0.113,0.002,0.029,-0.024,0.153
ctx-rh-K22b_2,,,,,,,,,,,,,,,,,,,,,,,,,,,,,,,,,,,,,,,,,,,,,,,,,,,,,,,,,,,,,,,,,,,,,,,,,,,,,,,,0.05,-0.111,0.044,0.044,-0.163,-0.027,-0.229,0.021,0.245,0.076,0.223,0.213,0.154,-0.003,0.217,0.015,-0.054,0.089,0.099
ctx-rh-K23_24_26_29_30_31_32_33,,,,,,,,,,,,,,,,,,,,,,,,,,,,,,,,,,,,,,,,,,,,,,,,,,,,,,,,,,,,,,,,,,,,,,,,,,,,,,,,,0.103,-0.014,0.21,0.361,-0.008,0.124,0.34,0.183,-0.131,-0.13,-0.125,0.014,-0.056,-0.094,0.026,0.019,-0.136,0.089
ctx-rh-K25,,,,,,,,,,,,,,,,,,,,,,,,,,,,,,,,,,,,,,,,,,,,,,,,,,,,,,,,,,,,,,,,,,,,,,,,,,,,,,,,,,-0.016,0.295,0.171,-0.111,0.008,-0.191,-0.244,-0.075,-0.105,-0.061,-0.144,0.017,-0.083,0.049,-0.155,0.152,0.118
ctx-rh-K27,,,,,,,,,,,,,,,,,,,,,,,,,,,,,,,,,,,,,,,,,,,,,,,,,,,,,,,,,,,,,,,,,,,,,,,,,,,,,,,,,,,-0.282,-0.045,0.113,-0.198,-0.055,0.029,-0.066,-0.075,-0.228,-0.469,-0.323,-0.02,0.191,0.142,0.078,-0.111
ctx-rh-K28_34,,,,,,,,,,,,,,,,,,,,,,,,,,,,,,,,,,,,,,,,,,,,,,,,,,,,,,,,,,,,,,,,,,,,,,,,,,,,,,,,,,,,0.125,0.164,-0.017,-0.016,-0.047,-0.166,-0.189,-0.175,-0.102,-0.065,-0.026,0.216,0.074,0.02,0.152
ctx-rh-K35_36,,,,,,,,,,,,,,,,,,,,,,,,,,,,,,,,,,,,,,,,,,,,,,,,,,,,,,,,,,,,,,,,,,,,,,,,,,,,,,,,,,,,,0.169,-0.008,-0.114,-0.286,-0.443,-0.107,-0.033,0.018,0.037,0.083,0.15,0.134,-0.055,-0.109
ctx-rh-K37,,,,,,,,,,,,,,,,,,,,,,,,,,,,,,,,,,,,,,,,,,,,,,,,,,,,,,,,,,,,,,,,,,,,,,,,,,,,,,,,,,,,,,-0.004,-0.182,-0.171,-0.037,0.11,0.024,-0.083,0.045,0.237,0.224,0.259,0.178,-0.152
ctx-rh-K38,,,,,,,,,,,,,,,,,,,,,,,,,,,,,,,,,,,,,,,,,,,,,,,,,,,,,,,,,,,,,,,,,,,,,,,,,,,,,,,,,,,,,,,0.075,-0.083,-0.106,-0.16,-0.259,0.02,-0.021,-0.131,-0.027,-0.191,-0.015,-0.041
ctx-rh-K39_1,,,,,,,,,,,,,,,,,,,,,,,,,,,,,,,,,,,,,,,,,,,,,,,,,,,,,,,,,,,,,,,,,,,,,,,,,,,,,,,,,,,,,,,,-0.082,-0.279,-0.113,-0.031,0.103,0.026,-0.149,0.222,0.208,0.12,0.274
ctx-rh-K39_40,,,,,,,,,,,,,,,,,,,,,,,,,,,,,,,,,,,,,,,,,,,,,,,,,,,,,,,,,,,,,,,,,,,,,,,,,,,,,,,,,,,,,,,,,0.023,0.215,0.275,0.215,0.076,0.299,0.338,0.109,0.224,0.084
ctx-rh-K40_1,,,,,,,,,,,,,,,,,,,,,,,,,,,,,,,,,,,,,,,,,,,,,,,,,,,,,,,,,,,,,,,,,,,,,,,,,,,,,,,,,,,,,,,,,,-0.021,0.185,0.186,0.227,0.132,0.182,0.06,0.209,0.158
ctx-rh-K40_2,,,,,,,,,,,,,,,,,,,,,,,,,,,,,,,,,,,,,,,,,,,,,,,,,,,,,,,,,,,,,,,,,,,,,,,,,,,,,,,,,,,,,,,,,,,0.037,0.053,0.082,0.093,-0.044,-0.16,-0.022,-0.093
ctx-rh-K40_3,,,,,,,,,,,,,,,,,,,,,,,,,,,,,,,,,,,,,,,,,,,,,,,,,,,,,,,,,,,,,,,,,,,,,,,,,,,,,,,,,,,,,,,,,,,,0.155,0.013,0.183,-0.052,-0.017,0.084,-0.155
ctx-rh-K41_42_52,,,,,,,,,,,,,,,,,,,,,,,,,,,,,,,,,,,,,,,,,,,,,,,,,,,,,,,,,,,,,,,,,,,,,,,,,,,,,,,,,,,,,,,,,,,,,0.076,0.157,-0.01,0.04,0.09,-0.025
ctx-rh-K43,,,,,,,,,,,,,,,,,,,,,,,,,,,,,,,,,,,,,,,,,,,,,,,,,,,,,,,,,,,,,,,,,,,,,,,,,,,,,,,,,,,,,,,,,,,,,,0.045,-0.184,-0.041,-0.066,-0.002
ctx-rh-K44a,,,,,,,,,,,,,,,,,,,,,,,,,,,,,,,,,,,,,,,,,,,,,,,,,,,,,,,,,,,,,,,,,,,,,,,,,,,,,,,,,,,,,,,,,,,,,,,-0.098,-0.05,-0.107,0.138
ctx-rh-K44b,,,,,,,,,,,,,,,,,,,,,,,,,,,,,,,,,,,,,,,,,,,,,,,,,,,,,,,,,,,,,,,,,,,,,,,,,,,,,,,,,,,,,,,,,,,,,,,,-0.097,-0.043,0.1
ctx-rh-K45,,,,,,,,,,,,,,,,,,,,,,,,,,,,,,,,,,,,,,,,,,,,,,,,,,,,,,,,,,,,,,,,,,,,,,,,,,,,,,,,,,,,,,,,,,,,,,,,,-0.026,0.082
ctx-rh-K46,,,,,,,,,,,,,,,,,,,,,,,,,,,,,,,,,,,,,,,,,,,,,,,,,,,,,,,,,,,,,,,,,,,,,,,,,,,,,,,,,,,,,,,,,,,,,,,,,,0.14
ctx-rh-K47,,,,,,,,,,,,,,,,,,,,,,,,,,,,,,,,,,,,,,,,,,,,,,,,,,,,,,,,,,,,,,,,,,,,,,,,,,,,,,,,,,,,,,,,,,,,,,,,,,
