,ctx-lh-bankssts_1,ctx-lh-caudalanteriorcingulate_1,ctx-lh-caudalmiddlefrontal_1,ctx-lh-cuneus_1,ctx-lh-entorhinal_1,ctx-lh-fusiform_1,ctx-lh-fusiform_2,ctx-lh-inferiorparietal_1,ctx-lh-inferiorparietal_2,ctx-lh-inferiortemporal_1,ctx-lh-inferiortemporal_2,ctx-lh-isthmuscingulate_1,ctx-lh-lateraloccipital_1,ctx-lh-lateraloccipital_2,ctx-lh-lateralorbitofrontal_1,ctx-lh-lateralorbitofrontal_2,ctx-lh-lingual_1,ctx-lh-lingual_2,ctx-lh-medialorbitofrontal_1,ctx-lh-middletemporal_1,ctx-lh-middletemporal_2,ctx-lh-parahippocampal_1,ctx-lh-paracentral_1,ctx-lh-parsopercularis_1,ctx-lh-parsorbitalis_1,ctx-lh-parstriangularis_1,ctx-lh-pericalcarine_1,ctx-lh-postcentral_1,ctx-lh-postcentral_2,ctx-lh-postcentral_3,ctx-lh-posteriorcingulate_1,ctx-lh-precentral_1,ctx-lh-precentral_2,ctx-lh-precentral_3,ctx-lh-precentral_4,ctx-lh-precuneus_1,ctx-lh-precuneus_2,ctx-lh-rostralanteriorcingulate_1,ctx-lh-rostralmiddlefrontal_1,ctx-lh-rostralmiddlefrontal_2,ctx-lh-rostralmiddlefrontal_3,ctx-lh-superiorfrontal_1,ctx-lh-superiorfrontal_2,ctx-lh-superiorfrontal_3,ctx-lh-superiorfrontal_4,ctx-lh-superiorparietal_1,ctx-lh-superiorparietal_2,ctx-lh-superiorparietal_3,ctx-lh-superiortemporal_1,ctx-lh-superiortemporal_2,ctx-lh-supramarginal_1,ctx-lh-supramarginal_2,ctx-lh-frontalpole_1,ctx-lh-temporalpole_1,ctx-lh-transversetemporal_1,ctx-lh-insula_1,ctx-lh-insula_2,ctx-rh-bankssts_1,ctx-rh-caudalanteriorcingulate_1,ctx-rh-caudalmiddlefrontal_1,ctx-rh-cuneus_1,ctx-rh-entorhinal_1,ctx-rh-fusiform_1,ctx-rh-fusiform_2,ctx-rh-inferiorparietal_1,ctx-rh-inferiorparietal_2,ctx-rh-inferiorparietal_3,ctx-rh-inferiortemporal_1,ctx-rh-inferiortemporal_2,ctx-rh-isthmuscingulate_1,ctx-rh-lateraloccipital_1,ctx-rh-lateraloccipital_2,ctx-rh-lateraloccipital_3,ctx-rh-lateralorbitofrontal_1,ctx-rh-lateralorbitofrontal_2,ctx-rh-lingual_1,ctx-rh-lingual_2,ctx-rh-medialorbitofrontal_1,ctx-rh-medialorbitofrontal_2,ctx-rh-middletemporal_1,ctx-rh-middletemporal_2,ctx-rh-parahippocampal_1,ctx-rh-paracentral_1,ctx-rh-parsopercularis_1,ctx-rh-parsorbitalis_1,ctx-rh-parstriangularis_1,ctx-rh-pericalcarine_1,ctx-rh-postcentral_1,ctx-rh-postcentral_2,ctx-rh-posteriorcingulate_1,ctx-rh-precentral_1,ctx-rh-precentral_2,ctx-rh-precentral_3,ctx-rh-precuneus_1,ctx-rh-precuneus_2,ctx-rh-rostralanteriorcingulate_1,ctx-rh-rostralmiddlefrontal_1,ctx-rh-rostralmiddlefrontal_2,ctx-rh-superiorfrontal_1,ctx-rh-superiorfrontal_2,ctx-rh-superiorfrontal_3,ctx-rh-superiorfrontal_4,ctx-rh-superiorparietal_1,ctx-rh-superiorparietal_2,ctx-rh-superiorparietal_3,ctx-rh-superiortemporal_1,ctx-rh-superiortemporal_2,ctx-rh-supramarginal_1,ctx-rh-supramarginal_2,ctx-rh-frontalpole_1,ctx-rh-temporalpole_1,ctx-rh-transversetemporal_1,ctx-rh-insula_1,ctx-rh-insula_2
ctx-lh-bankssts_1,,-0.059,0.059,0.016,-0.022,0.107,0.054,0.074,0.183,-0.058,-0.03,0.128,0.187,0.141,0.043,0.022,0.066,-0.024,0.031,0.114,0.043,0.102,-0.034,-0.158,0.03,-0.055,0.032,-0.028,0.028,-0.069,-0.006,-0.069,-0.005,-0.094,-0.109,0.108,0.151,0.082,0.04,0.016,0.084,0.045,0.011,0.019,-0.129,-0.023,0.068,0.057,-0.063,-0.125,0.005,-0.044,-0.001,0.079,-0.036,-0.037,-0.039,-0.104,-0.071,0.083,0.007,-0.028,0.074,0.055,0.122,0.151,0.058,-0.049,0.013,0.165,0.146,0.197,0.016,0.014,0.129,0.073,-0.027,0.107,0.08,-0.041,0.011,0.065,-0.056,-0.118,-0.018,-0.102,0.071,-0.1,-0.035,0.002,-0.129,-0.115,-0.011,0.127,0.122,0.097,0.077,0.198,0.059,0.055,-0.157,-0.033,0.047,0.038,0.068,-0.09,-0.007,-0.053,-0.032,0.01,-0.088,-0.09,-0.071,-0.064
ctx-lh-caudalanteriorcingulate_1,,,0.001,-0.023,-0.052,0.036,-0.018,-0.001,0.029,-0.115,0.028,0.058,0.051,0.091,0.018,-0.027,0.018,-0.03,0.02,-0.049,-0.071,-0.028,-0.011,0.02,0.008,0.014,0.004,-0.039,-0.03,0.01,-0.012,-0.083,-0.025,0.036,0.014,0.035,-0.005,0.035,-0.004,0.008,-0.019,0.014,-0.025,0.019,-0.044,-0.003,0.071,0.08,-0.081,-0.042,-0.042,-0.039,0.008,0.019,-0.075,-0.02,0.04,-0.036,0.032,0.041,-0.025,0.006,0.053,0.059,0.004,0.05,0.09,-0.022,0.012,0.031,0.033,0.049,0.059,0.066,0.003,-0.065,-0.055,-0.006,0.021,-0.022,-0.045,-0.071,-0.063,0.005,-0.021,0.008,-0.008,0.024,-0.022,-0.035,-0.016,-0.007,-0.022,-0.006,0.027,0.069,0.012,-0.009,0.028,0.013,-0.005,-0.034,-0.048,0.042,0.04,0.007,-0.003,-0.006,-0.072,-0.05,-0.028,-0.123,-0.104,-0.004
ctx-lh-caudalmiddlefrontal_1,,,,-0.101,-0.06,-0.022,-0.028,-0.025,0.007,-0.063,-0.013,-0.137,-0.106,-0.016,0.056,0.042,-0.082,-0.133,-0.029,0.101,0.031,-0.06,-0.033,0.032,0.013,-0.034,-0.099,-0.056,-0.009,-0.103,-0.023,-0.038,-0.008,-0.061,-0.059,-0.054,-0.082,-0.062,0.067,0.028,-0.031,-0.039,0.003,-0.047,-0.028,-0.107,-0.093,0.0,-0.022,-0.041,-0.066,-0.105,-0.037,0.043,-0.025,-0.022,0.023,-0.126,-0.043,-0.123,-0.091,-0.088,-0.037,0.022,-0.08,0.003,-0.04,-0.123,-0.018,-0.091,-0.025,0.027,-0.01,0.018,0.077,-0.099,-0.131,0.043,0.076,-0.061,-0.018,-0.099,-0.054,-0.088,-0.039,0.003,-0.067,-0.099,-0.057,-0.02,-0.078,-0.1,-0.009,-0.065,-0.009,0.046,0.047,0.113,0.036,0.031,-0.126,-0.057,-0.013,-0.054,0.024,-0.081,-0.021,-0.06,-0.081,-0.051,-0.099,-0.064,-0.063,0.026
ctx-lh-cuneus_1,,,,,-0.112,-0.091,-0.058,-0.073,0.083,0.066,-0.086,-0.019,0.066,0.016,0.037,0.03,-0.123,-0.057,-0.011,-0.061,-0.035,-0.036,-0.051,-0.074,-0.012,-0.051,-0.027,-0.056,-0.068,-0.071,0.002,-0.1,-0.122,-0.085,-0.055,0.003,-0.033,-0.007,-0.064,-0.021,0.034,0.014,-0.049,0.004,-0.112,-0.032,-0.004,0.019,-0.033,-0.037,-0.036,-0.017,0.051,0.126,0.04,-0.04,0.027,-0.058,-0.034,-0.034,-0.016,0.123,-0.002,-0.014,0.067,0.046,0.02,0.063,-0.047,-0.048,0.025,-0.066,-0.033,0.003,0.05,-0.089,-0.02,-0.001,-0.008,-0.045,0.008,-0.01,-0.013,-0.046,-0.056,-0.05,-0.008,-0.026,-0.078,0.045,-0.052,-0.053,-0.073,0.025,0.002,0.032,0.023,-0.021,-0.022,-0.068,-0.013,-0.082,-0.015,-0.057,-0.076,-0.024,0.03,-0.009,-0.002,0.059,0.138,-0.036,-0.025,0.02
ctx-lh-entorhinal_1,,,,,,-0.043,0.082,-0.036,-0.02,0.047,-0.039,-0.05,0.02,-0.049,-0.038,0.029,-0.094,-0.11,-0.008,-0.093,-0.023,0.01,-0.066,-0.056,-0.037,-0.044,-0.102,-0.014,0.012,-0.009,-0.017,-0.034,-0.05,-0.008,-0.056,-0.065,-0.054,0.003,-0.085,-0.114,-0.058,-0.065,-0.086,-0.059,-0.077,-0.032,-0.029,-0.089,-0.12,0.004,-0.075,-0.096,-0.015,-0.044,-0.019,0.034,-0.057,0.005,-0.071,-0.065,-0.087,-0.007,-0.029,0.037,-0.01,-0.001,-0.031,-0.054,-0.0,-0.027,0.052,0.023,-0.024,-0.1,-0.042,0.002,-0.1,-0.021,-0.009,-0.089,-0.047,0.035,-0.064,-0.139,-0.066,-0.151,-0.043,-0.028,-0.081,-0.018,-0.037,-0.076,-0.03,-0.04,-0.096,-0.07,-0.157,-0.06,-0.091,-0.082,-0.175,-0.023,-0.056,-0.076,-0.072,-0.052,-0.025,-0.109,-0.113,-0.109,0.041,-0.106,-0.047,-0.078
ctx-lh-fusiform_1,,,,,,,-0.07,-0.05,0.09,-0.064,-0.015,-0.024,-0.04,0.028,0.076,0.052,-0.065,-0.055,0.0,-0.018,-0.059,-0.043,-0.032,0.047,0.051,0.084,-0.048,0.008,0.039,0.039,0.024,-0.034,0.001,0.026,0.029,-0.06,-0.031,0.016,0.026,0.033,0.059,-0.039,0.033,0.036,0.001,-0.013,0.058,-0.061,0.083,0.013,0.044,0.111,0.017,-0.031,0.117,0.024,0.061,0.021,0.061,0.009,-0.063,0.06,-0.106,0.001,0.089,0.081,-0.038,-0.009,-0.014,-0.044,-0.034,-0.069,0.002,0.064,0.104,-0.069,-0.058,0.081,0.072,-0.018,0.002,0.004,-0.017,0.027,-0.014,-0.025,-0.026,0.078,-0.001,0.104,0.034,-0.014,-0.002,-0.041,-0.034,0.097,0.064,0.064,0.011,0.036,-0.003,0.0,0.079,-0.021,-0.045,0.036,0.023,0.054,0.044,0.023,-0.016,0.048,0.027,0.013
ctx-lh-fusiform_2,,,,,,,,-0.087,0.048,0.022,-0.03,0.002,-0.025,-0.041,0.0,0.08,-0.092,-0.126,0.026,0.0,0.055,-0.067,-0.009,-0.058,0.062,0.016,-0.068,0.013,-0.006,-0.055,0.068,-0.065,-0.032,-0.008,-0.074,-0.028,-0.083,0.026,-0.059,-0.022,0.032,-0.038,-0.012,-0.047,-0.061,-0.039,-0.021,-0.116,0.017,0.055,-0.08,0.022,0.069,0.048,0.043,0.048,0.024,0.003,0.024,-0.073,-0.059,0.047,-0.107,0.042,0.053,0.019,-0.078,0.027,-0.041,0.021,0.03,-0.077,-0.038,-0.012,-0.011,-0.057,-0.135,0.047,0.04,-0.08,0.057,-0.05,-0.011,-0.119,-0.044,-0.15,-0.041,-0.033,-0.076,0.087,-0.03,-0.11,-0.062,-0.099,-0.09,-0.003,-0.066,0.04,-0.04,-0.076,-0.101,-0.101,-0.04,-0.097,-0.087,-0.003,0.012,-0.049,-0.123,-0.041,-0.014,0.024,-0.005,0.006
ctx-lh-inferiorparietal_1,,,,,,,,,0.116,0.014,0.049,-0.029,-0.047,-0.021,0.05,0.073,-0.108,-0.113,0.046,-0.03,0.027,-0.091,-0.003,-0.004,0.037,-0.001,-0.104,-0.001,-0.0,-0.003,0.026,0.019,0.03,0.027,0.031,-0.046,-0.033,-0.022,0.013,-0.039,0.018,-0.037,-0.004,0.022,-0.032,0.0,0.059,-0.062,0.065,0.026,-0.011,0.118,-0.022,0.101,0.142,0.073,0.026,0.025,-0.022,-0.056,-0.112,0.059,-0.067,0.019,0.058,0.046,-0.095,0.032,-0.02,-0.034,-0.015,-0.018,-0.032,0.072,0.081,-0.096,-0.11,0.047,0.076,-0.041,0.007,-0.019,0.014,0.011,0.006,-0.034,-0.091,0.061,0.053,0.025,0.028,0.041,0.061,-0.022,-0.07,0.007,0.017,0.055,-0.039,-0.03,-0.066,-0.027,0.101,-0.015,-0.056,0.09,0.054,0.022,0.036,0.03,-0.051,0.074,0.012,0.011
ctx-lh-inferiorparietal_2,,,,,,,,,,-0.015,0.066,-0.1,0.018,0.068,0.031,0.078,0.056,0.056,-0.022,0.193,0.017,0.032,0.077,0.076,0.019,0.026,0.051,0.009,0.042,-0.029,0.058,0.074,0.06,-0.001,0.015,0.075,0.074,-0.066,0.04,0.066,-0.015,-0.047,0.011,0.046,0.027,0.005,0.046,0.137,0.099,0.018,0.075,0.042,-0.017,0.065,0.085,0.078,0.089,-0.019,-0.01,-0.07,0.052,-0.002,0.091,0.097,-0.015,-0.021,0.053,-0.007,0.039,-0.028,0.068,0.114,0.079,0.028,0.09,0.064,0.077,0.037,0.083,0.039,-0.006,0.047,0.035,0.025,-0.02,0.039,0.097,0.018,0.025,0.047,0.052,0.034,0.059,0.03,0.073,-0.024,-0.006,-0.007,-0.044,-0.067,-0.027,0.072,0.089,0.064,0.145,0.037,0.067,0.045,0.066,-0.049,-0.046,0.103,0.084,0.058
ctx-lh-inferiortemporal_1,,,,,,,,,,,-0.089,-0.018,0.059,0.003,-0.051,0.0,-0.015,-0.098,0.054,-0.024,0.044,-0.002,0.015,-0.06,-0.079,-0.111,-0.044,-0.003,0.046,-0.025,-0.038,0.03,0.044,-0.054,-0.039,-0.043,0.008,0.005,-0.017,-0.028,-0.107,-0.049,-0.036,-0.079,-0.06,0.016,-0.032,0.009,-0.044,-0.021,-0.041,-0.089,0.061,-0.02,-0.036,0.003,0.016,0.025,-0.062,-0.08,0.069,-0.011,-0.033,-0.003,-0.02,0.036,0.03,-0.041,-0.014,0.017,0.091,0.02,0.032,-0.084,-0.075,0.039,-0.064,0.053,0.018,-0.038,-0.051,0.041,0.054,-0.109,-0.139,-0.148,0.032,-0.059,-0.041,-0.062,-0.049,-0.062,0.023,0.021,-0.031,-0.073,-0.073,-0.04,-0.026,-0.069,-0.09,-0.008,0.009,-0.062,0.03,-0.046,-0.014,-0.039,-0.026,-0.03,-0.001,-0.081,-0.046,-0.031
ctx-lh-inferiortemporal_2,,,,,,,,,,,,-0.012,-0.139,-0.081,0.079,0.002,-0.045,-0.039,0.026,-0.07,-0.024,0.051,0.046,-0.014,0.033,-0.026,-0.11,0.055,0.051,-0.006,0.094,0.023,0.08,-0.009,0.024,-0.033,0.02,0.017,0.066,0.016,0.037,-0.005,0.067,0.09,-0.059,0.001,0.038,-0.033,0.057,0.014,0.026,0.06,-0.009,-0.067,0.115,0.119,0.059,-0.022,0.039,-0.037,-0.075,0.039,0.011,0.083,0.017,0.038,-0.014,-0.017,-0.007,0.018,-0.032,-0.088,0.049,0.093,0.056,-0.08,-0.071,0.124,0.1,-0.074,-0.002,0.056,0.032,-0.067,-0.034,-0.032,-0.044,0.036,0.026,0.108,-0.001,-0.031,0.071,0.021,-0.0,0.082,0.053,0.04,0.028,0.072,-0.075,-0.015,0.066,0.025,0.012,0.014,-0.033,-0.06,-0.042,-0.026,-0.069,0.072,0.051,0.028
ctx-lh-isthmuscingulate_1,,,,,,,,,,,,,0.048,0.013,-0.081,-0.059,-0.023,-0.082,-0.076,0.07,-0.097,-0.026,-0.108,-0.044,-0.027,-0.036,-0.048,-0.124,-0.198,-0.165,0.0,-0.112,-0.165,-0.109,-0.061,0.045,0.015,0.025,-0.025,-0.006,-0.109,-0.149,-0.016,-0.021,-0.088,-0.112,-0.058,-0.007,0.02,-0.064,-0.047,-0.009,-0.127,0.077,-0.08,-0.027,0.002,-0.004,0.02,-0.162,-0.044,-0.015,-0.01,0.039,-0.057,-0.16,-0.048,-0.062,-0.086,-0.115,0.051,0.044,0.029,-0.148,-0.141,-0.027,-0.038,-0.113,-0.023,-0.068,-0.069,-0.007,-0.055,-0.062,-0.14,-0.081,0.019,-0.083,-0.17,-0.024,-0.026,-0.115,-0.111,-0.085,-0.077,-0.025,-0.088,-0.112,-0.158,-0.257,-0.099,-0.079,-0.076,-0.086,-0.022,-0.046,0.067,-0.047,0.005,-0.194,-0.048,-0.006,-0.015,-0.029
ctx-lh-lateraloccipital_1,,,,,,,,,,,,,,0.006,0.073,-0.006,0.078,0.095,0.059,-0.012,0.021,0.033,0.027,-0.028,0.007,-0.07,0.02,-0.004,0.018,0.028,0.049,0.002,-0.032,-0.027,0.014,0.007,0.111,0.057,-0.028,-0.022,-0.04,-0.036,0.026,-0.003,0.017,-0.002,-0.047,0.02,0.118,0.057,0.048,0.018,0.077,0.11,0.113,0.057,0.033,0.079,0.026,-0.082,0.1,0.135,0.101,0.057,0.062,0.047,0.022,0.11,-0.019,0.0,0.054,-0.062,0.118,0.04,0.072,0.091,0.125,0.041,0.004,0.013,0.064,0.063,0.064,-0.034,-0.046,-0.074,0.033,0.097,0.055,0.109,0.042,0.015,0.012,0.094,0.012,0.078,0.046,0.02,0.003,-0.009,-0.003,0.009,0.128,-0.02,0.04,0.127,0.047,0.047,0.104,0.059,0.053,0.138,0.055,0.037
ctx-lh-lateraloccipital_2,,,,,,,,,,,,,,,0.123,0.051,0.088,0.069,0.005,-0.031,-0.04,-0.024,0.04,0.056,0.061,0.05,0.056,0.04,0.035,0.065,0.083,0.008,0.024,0.076,0.087,0.003,0.056,0.077,0.04,0.039,0.014,-0.004,0.082,0.044,0.066,0.021,0.047,0.009,0.134,0.045,0.111,0.111,0.021,0.049,0.16,0.119,0.14,0.048,0.114,0.015,0.057,0.087,0.118,0.028,0.094,0.074,-0.006,0.032,-0.009,-0.021,0.012,-0.045,0.026,0.073,0.097,0.054,0.092,0.049,-0.015,-0.036,0.012,0.093,0.06,0.065,-0.001,0.017,0.055,0.128,0.026,0.151,0.074,0.069,0.012,0.026,0.014,0.108,0.115,0.043,-0.003,0.031,0.065,0.019,0.128,-0.008,0.029,0.118,0.023,0.125,0.153,0.051,0.026,0.147,0.084,0.096
ctx-lh-lateralorbitofrontal_1,,,,,,,,,,,,,,,,0.036,0.059,-0.039,-0.074,0.067,-0.019,-0.084,-0.029,0.01,-0.057,-0.023,0.004,0.026,0.063,-0.011,-0.007,-0.004,0.077,0.008,0.021,0.01,-0.041,0.005,0.082,0.084,0.04,-0.004,-0.04,0.01,0.007,0.009,0.06,0.111,-0.041,0.0,0.044,-0.022,-0.006,0.033,-0.002,0.068,0.084,0.021,0.009,0.055,0.076,-0.024,0.091,0.095,0.027,0.077,0.085,-0.062,0.088,-0.08,0.078,0.13,0.147,0.068,0.095,0.029,-0.035,0.008,0.06,0.025,-0.018,-0.022,-0.027,-0.004,-0.04,0.025,0.043,0.01,-0.049,-0.003,0.028,-0.021,0.047,-0.074,0.012,0.056,0.08,0.097,0.012,-0.008,-0.027,-0.003,0.015,-0.014,0.08,0.024,0.05,0.016,0.023,-0.033,-0.061,-0.049,0.004,0.076
ctx-lh-lateralorbitofrontal_2,,,,,,,,,,,,,,,,,0.044,0.034,-0.041,0.032,0.05,0.051,-0.087,0.055,-0.026,0.037,0.007,-0.025,0.025,-0.018,-0.011,-0.072,0.051,0.002,-0.045,-0.043,-0.035,0.048,0.017,-0.02,-0.007,0.075,0.053,0.075,-0.043,-0.032,0.003,0.102,-0.067,0.029,-0.031,-0.05,0.054,0.118,0.038,0.103,0.053,-0.073,0.02,0.04,0.062,0.12,0.087,0.099,-0.013,0.047,0.077,0.078,0.07,-0.06,0.039,0.046,0.071,0.081,-0.025,-0.006,0.047,0.051,0.023,0.014,0.059,0.123,-0.077,0.019,0.044,0.018,0.041,-0.03,-0.045,-0.028,0.006,-0.024,-0.017,0.021,-0.004,0.049,0.006,0.008,0.09,0.071,0.042,-0.022,-0.031,-0.009,0.1,-0.014,-0.008,-0.038,-0.021,-0.014,0.055,-0.089,0.039,0.032
ctx-lh-lingual_1,,,,,,,,,,,,,,,,,,-0.078,0.014,-0.024,-0.047,-0.124,0.021,0.003,-0.013,-0.018,-0.097,-0.029,-0.038,-0.006,0.015,-0.037,-0.041,-0.073,0.01,-0.068,-0.074,0.048,-0.032,0.003,-0.007,-0.01,0.012,0.014,-0.013,-0.043,-0.02,-0.071,0.054,-0.004,0.008,0.035,0.044,-0.056,0.043,0.02,0.041,0.006,0.02,0.001,-0.085,0.128,0.028,-0.023,0.111,0.044,-0.019,0.039,-0.004,-0.073,0.037,0.04,0.066,0.08,0.078,-0.038,-0.109,0.023,0.019,0.016,0.001,-0.085,0.029,0.002,-0.049,-0.024,-0.076,0.047,-0.048,0.104,0.056,-0.052,-0.005,-0.063,-0.021,0.051,0.068,0.03,0.008,0.016,0.03,-0.022,0.055,-0.034,-0.061,0.043,0.03,0.056,0.055,0.051,0.071,0.004,0.031,0.047
ctx-lh-lingual_2,,,,,,,,,,,,,,,,,,,-0.079,-0.073,-0.137,-0.139,-0.092,-0.083,-0.085,-0.086,0.001,-0.05,-0.135,-0.134,-0.03,-0.1,-0.115,-0.068,-0.107,-0.061,-0.156,-0.066,-0.089,-0.036,0.001,-0.1,-0.095,-0.064,-0.145,-0.039,0.025,0.026,-0.09,-0.122,-0.097,-0.004,0.033,-0.058,-0.052,-0.123,-0.028,-0.121,-0.036,-0.034,-0.041,0.032,-0.022,-0.071,0.031,0.072,-0.037,0.008,-0.018,-0.061,0.031,-0.015,-0.019,-0.017,0.039,-0.049,-0.063,-0.05,-0.029,-0.097,-0.087,-0.033,-0.057,-0.099,-0.09,-0.061,-0.012,-0.084,-0.116,0.031,-0.087,-0.078,-0.081,-0.116,-0.027,-0.02,0.02,-0.018,-0.096,-0.064,-0.044,-0.053,-0.019,-0.035,-0.04,-0.08,-0.073,-0.047,-0.047,0.029,0.03,-0.105,-0.084,-0.051
ctx-lh-medialorbitofrontal_1,,,,,,,,,,,,,,,,,,,,0.105,-0.058,-0.023,-0.063,-0.032,-0.049,-0.024,-0.033,-0.051,-0.066,-0.12,0.001,-0.057,-0.049,-0.105,-0.04,0.032,0.025,0.002,0.058,-0.018,-0.098,-0.045,0.057,0.064,-0.043,-0.042,-0.004,0.022,-0.028,-0.04,-0.008,-0.005,-0.001,0.009,0.003,0.044,-0.0,-0.05,-0.006,-0.048,0.031,0.024,-0.012,0.048,-0.036,-0.025,0.029,-0.047,-0.028,-0.063,0.052,0.115,0.035,-0.105,-0.123,-0.003,-0.016,0.015,0.08,-0.033,-0.024,0.077,-0.019,-0.042,-0.087,-0.042,0.049,-0.084,-0.142,0.011,-0.023,-0.107,-0.059,-0.027,0.011,0.011,0.025,-0.055,-0.048,-0.048,-0.019,-0.05,-0.03,-0.059,0.007,-0.025,0.033,0.025,-0.004,-0.033,-0.052,-0.076,-0.047,-0.043
ctx-lh-middletemporal_1,,,,,,,,,,,,,,,,,,,,,0.111,0.029,0.034,0.006,0.114,0.022,-0.054,0.055,0.028,-0.065,0.064,0.027,0.048,-0.018,-0.111,-0.01,0.048,0.035,0.046,0.01,0.113,0.089,0.134,0.104,-0.025,-0.106,-0.048,-0.02,0.032,0.019,-0.078,-0.011,0.079,0.06,-0.004,-0.044,-0.037,0.07,-0.056,0.073,-0.043,-0.052,-0.016,0.044,0.116,0.146,0.019,0.009,-0.051,0.103,0.028,0.033,-0.008,0.06,0.08,-0.034,-0.062,0.183,0.12,0.026,0.075,0.017,-0.015,-0.093,0.02,0.002,0.01,-0.063,-0.022,-0.023,-0.091,-0.05,0.04,0.044,0.027,0.056,0.03,0.077,0.08,0.117,-0.068,0.004,-0.024,-0.05,-0.0,0.032,0.03,-0.074,-0.115,0.045,-0.089,-0.064,-0.084,-0.046
ctx-lh-middletemporal_2,,,,,,,,,,,,,,,,,,,,,,0.01,0.021,-0.039,0.001,0.0,-0.073,-0.037,-0.018,-0.116,-0.027,0.017,-0.006,-0.144,-0.076,0.046,0.005,-0.048,0.039,0.096,0.04,-0.05,0.032,0.03,-0.03,-0.05,-0.036,-0.019,-0.025,0.014,0.001,-0.01,-0.037,0.059,-0.102,-0.019,0.019,0.003,-0.075,-0.012,-0.033,-0.023,-0.05,0.057,0.06,0.024,-0.046,-0.034,-0.042,-0.025,0.027,0.041,-0.072,-0.052,-0.019,0.022,-0.068,-0.079,0.019,-0.042,-0.031,0.023,0.011,-0.024,-0.097,-0.003,0.008,-0.094,-0.092,-0.027,-0.073,-0.078,-0.004,-0.072,0.013,-0.066,0.007,0.085,-0.047,-0.072,-0.065,0.061,0.0,-0.049,-0.006,-0.036,0.073,0.017,0.014,-0.076,-0.062,-0.042,-0.026,0.037
ctx-lh-parahippocampal_1,,,,,,,,,,,,,,,,,,,,,,,-0.005,-0.107,-0.018,-0.067,-0.115,0.022,-0.035,-0.046,0.019,-0.029,-0.047,-0.032,-0.072,-0.034,-0.122,-0.062,-0.049,-0.035,0.025,-0.073,-0.037,-0.026,-0.034,-0.025,0.008,-0.012,0.017,-0.017,-0.109,-0.009,-0.025,-0.086,-0.0,0.001,-0.09,0.007,-0.025,-0.13,-0.123,0.009,-0.061,0.005,-0.003,-0.034,-0.071,-0.041,-0.042,-0.022,0.044,0.049,0.014,-0.015,-0.087,-0.055,-0.082,0.02,0.033,-0.106,0.026,-0.097,0.044,-0.148,-0.062,-0.16,-0.094,-0.033,-0.008,-0.001,-0.04,-0.109,0.01,-0.128,-0.105,-0.017,-0.079,0.031,-0.031,-0.118,-0.071,-0.049,-0.001,-0.055,-0.017,0.009,0.036,-0.092,-0.079,-0.14,-0.054,0.031,-0.048,-0.109
ctx-lh-paracentral_1,,,,,,,,,,,,,,,,,,,,,,,,0.043,0.051,0.054,-0.045,0.074,0.024,-0.016,-0.048,0.023,0.015,-0.033,-0.0,0.0,-0.053,-0.11,-0.025,0.007,-0.036,-0.079,-0.019,-0.018,-0.083,-0.034,0.073,-0.015,0.006,0.034,0.011,0.107,-0.095,0.021,-0.009,0.064,0.01,-0.024,0.006,0.051,-0.048,-0.032,-0.037,0.06,0.08,0.088,-0.042,-0.085,-0.006,-0.013,0.015,0.051,-0.023,-0.052,-0.062,-0.004,-0.075,-0.064,0.0,-0.023,0.034,-0.037,0.063,0.056,0.029,0.024,-0.039,-0.004,0.016,0.023,-0.035,-0.08,0.029,-0.071,0.044,-0.044,0.051,-0.073,-0.062,-0.013,0.04,-0.046,-0.025,0.005,-0.025,-0.006,-0.005,0.051,-0.031,-0.021,0.0,-0.093,0.032,-0.033
ctx-lh-parsopercularis_1,,,,,,,,,,,,,,,,,,,,,,,,,0.014,-0.015,-0.069,0.027,0.095,0.004,0.044,-0.018,0.07,-0.046,-0.024,-0.018,-0.039,-0.015,0.102,0.112,0.115,0.037,-0.035,0.034,-0.07,0.01,0.007,0.048,-0.086,-0.052,0.023,0.038,-0.039,-0.019,-0.045,0.003,0.029,-0.054,-0.004,0.082,-0.048,-0.078,0.044,0.035,0.107,0.067,0.066,-0.093,0.006,-0.022,0.031,0.099,0.061,0.088,0.138,-0.04,-0.108,0.052,0.017,0.011,-0.019,-0.135,0.007,-0.025,0.028,0.009,-0.036,0.018,0.029,0.091,-0.039,-0.063,0.013,-0.038,0.083,0.067,0.17,0.238,0.113,0.138,-0.095,0.038,0.002,0.026,0.035,-0.027,-0.038,0.1,0.016,0.027,-0.121,-0.127,-0.053,0.022
ctx-lh-parsorbitalis_1,,,,,,,,,,,,,,,,,,,,,,,,,,-0.023,-0.043,0.053,0.098,0.004,0.062,0.079,0.105,-0.039,0.039,0.042,0.023,0.025,0.053,0.04,0.015,0.016,0.044,0.068,0.018,0.029,-0.013,0.077,-0.038,-0.002,0.06,-0.027,-0.027,0.036,0.008,0.095,0.087,-0.036,0.013,0.021,0.053,0.003,0.07,0.117,0.024,0.066,0.017,-0.017,0.064,0.01,0.046,0.065,0.068,0.032,0.035,-0.031,-0.032,0.051,0.073,0.029,0.097,0.035,0.063,0.006,0.104,-0.008,0.001,0.008,-0.012,0.076,0.002,-0.039,0.082,0.02,0.062,0.087,0.011,0.131,0.111,0.103,-0.045,0.049,0.043,0.01,0.082,0.022,-0.003,0.027,0.07,-0.048,-0.072,-0.004,0.037,0.061
ctx-lh-parstriangularis_1,,,,,,,,,,,,,,,,,,,,,,,,,,,-0.078,0.049,0.091,0.026,0.023,0.013,0.09,0.0,0.069,0.016,-0.014,0.014,0.039,0.09,0.059,0.002,-0.049,-0.028,-0.0,0.037,-0.009,0.012,-0.042,-0.059,0.078,-0.068,-0.021,-0.009,-0.092,0.04,0.04,-0.031,0.005,0.037,-0.012,-0.011,0.062,0.063,0.055,0.023,0.037,-0.093,0.05,-0.001,-0.032,0.065,0.06,0.083,0.133,-0.031,-0.073,0.045,0.049,-0.054,-0.026,-0.034,0.039,-0.022,0.012,-0.02,-0.035,0.051,0.057,0.059,0.057,-0.021,0.063,0.016,0.054,0.09,0.113,0.218,0.101,0.063,-0.061,0.05,0.084,0.025,0.022,-0.025,-0.0,0.109,0.081,-0.043,-0.129,-0.124,-0.002,0.061
ctx-lh-pericalcarine_1,,,,,,,,,,,,,,,,,,,,,,,,,,,,-0.081,-0.083,-0.084,-0.024,-0.089,-0.064,-0.077,-0.039,-0.066,-0.082,-0.021,-0.087,-0.017,-0.057,-0.036,-0.036,-0.032,-0.084,-0.037,-0.011,0.051,-0.07,-0.09,-0.051,-0.044,0.047,0.029,-0.089,-0.08,-0.005,-0.088,-0.024,-0.048,0.011,0.129,0.014,-0.033,0.054,0.048,0.052,0.063,-0.019,-0.077,0.059,-0.079,0.031,0.035,0.071,-0.089,-0.03,-0.004,0.001,-0.042,-0.033,-0.043,-0.059,-0.101,-0.074,-0.144,-0.025,-0.082,-0.089,0.075,-0.012,-0.046,-0.049,-0.035,-0.0,0.013,0.015,-0.013,-0.051,-0.039,-0.033,-0.036,-0.021,0.01,0.055,-0.065,0.005,-0.014,-0.031,0.061,0.072,-0.122,-0.08,0.008
ctx-lh-postcentral_1,,,,,,,,,,,,,,,,,,,,,,,,,,,,,0.1,0.036,-0.095,0.07,0.037,-0.018,0.032,-0.06,-0.114,-0.138,-0.043,-0.055,-0.074,-0.16,-0.071,-0.011,-0.011,0.051,0.103,0.012,0.047,0.101,0.068,0.079,-0.013,0.009,-0.032,0.064,0.03,0.017,-0.008,0.038,-0.092,0.001,0.02,0.12,0.011,0.039,0.007,-0.087,0.041,-0.047,-0.019,-0.025,0.006,0.001,0.003,-0.048,-0.023,-0.104,0.022,-0.016,0.022,0.011,0.089,0.074,0.017,-0.0,-0.07,0.032,0.061,-0.015,0.028,-0.019,0.094,-0.07,-0.016,-0.055,0.035,-0.094,-0.111,-0.049,0.023,0.011,0.06,0.087,0.006,0.05,0.006,0.031,-0.002,0.054,-0.008,-0.066,0.052,0.008
ctx-lh-postcentral_2,,,,,,,,,,,,,,,,,,,,,,,,,,,,,,0.003,-0.144,0.017,0.008,0.029,0.02,-0.09,-0.155,-0.107,0.026,-0.007,-0.002,-0.098,-0.021,-0.008,-0.078,-0.083,0.039,-0.039,0.059,0.093,-0.026,0.054,-0.036,0.077,0.037,0.025,0.024,0.038,-0.01,0.052,-0.086,-0.002,0.009,0.034,-0.025,-0.032,-0.046,-0.108,-0.009,-0.143,0.003,0.03,-0.045,0.006,0.018,-0.035,-0.11,-0.106,0.045,-0.07,-0.008,-0.057,0.044,0.083,0.032,0.013,-0.059,0.022,0.058,-0.042,-0.024,0.01,0.096,-0.181,-0.039,-0.095,0.048,-0.024,-0.089,-0.063,0.008,-0.026,-0.06,-0.039,-0.049,0.012,0.051,-0.099,-0.087,0.04,-0.057,-0.056,0.022,-0.018
ctx-lh-postcentral_3,,,,,,,,,,,,,,,,,,,,,,,,,,,,,,,-0.13,-0.08,0.019,0.041,0.036,-0.063,-0.12,-0.105,-0.006,-0.043,-0.023,-0.121,-0.084,-0.069,-0.111,-0.055,0.059,-0.004,-0.019,0.01,-0.074,-0.005,-0.052,0.006,-0.03,-0.01,0.022,-0.031,0.028,0.105,-0.056,0.0,0.034,0.026,-0.014,-0.024,-0.011,-0.044,0.003,-0.083,0.052,0.058,0.015,-0.019,-0.008,0.002,-0.118,-0.125,-0.015,-0.111,-0.055,-0.032,-0.029,0.077,-0.02,0.023,-0.071,-0.043,-0.047,-0.018,-0.033,-0.076,0.038,-0.101,0.022,-0.076,0.057,-0.033,-0.09,-0.083,-0.024,0.037,-0.084,0.016,-0.017,-0.036,0.024,-0.029,-0.12,-0.019,-0.009,-0.107,0.041,-0.011
ctx-lh-posteriorcingulate_1,,,,,,,,,,,,,,,,,,,,,,,,,,,,,,,,-0.073,-0.081,-0.073,-0.114,-0.057,-0.06,0.027,-0.064,-0.054,-0.07,-0.035,-0.012,0.025,-0.123,-0.152,0.003,0.099,-0.083,0.032,-0.138,-0.005,-0.041,0.031,-0.032,-0.014,-0.057,-0.035,-0.061,-0.011,0.013,0.024,0.04,0.072,0.016,0.067,0.047,0.028,0.005,-0.001,0.066,0.049,0.056,-0.052,0.029,-0.007,-0.031,0.012,0.096,0.031,0.022,-0.013,-0.052,-0.033,0.035,0.019,0.036,-0.066,-0.098,-0.07,-0.09,-0.155,-0.051,-0.047,-0.037,0.03,-0.057,-0.047,-0.014,-0.05,-0.136,-0.121,-0.125,0.011,0.064,0.011,0.044,-0.053,-0.135,-0.069,-0.023,-0.045,-0.066,-0.063
ctx-lh-precentral_1,,,,,,,,,,,,,,,,,,,,,,,,,,,,,,,,,0.006,-0.061,-0.09,-0.035,-0.085,-0.101,-0.046,-0.02,0.001,-0.036,-0.015,-0.029,-0.103,-0.043,0.024,-0.067,-0.022,0.026,-0.079,0.066,-0.066,0.051,-0.066,-0.022,-0.047,-0.039,-0.04,0.055,-0.084,-0.063,-0.054,0.011,0.065,0.087,-0.01,-0.095,-0.044,-0.024,-0.016,0.01,-0.043,-0.057,-0.015,-0.064,-0.113,-0.055,0.032,0.008,0.062,-0.104,0.048,-0.006,0.036,0.009,-0.084,-0.045,-0.003,0.02,-0.101,-0.088,0.018,-0.084,0.015,0.006,0.027,-0.007,0.02,0.018,0.01,-0.034,-0.057,0.007,-0.05,-0.035,0.01,0.005,-0.069,0.036,-0.025,-0.084,-0.075,-0.101
ctx-lh-precentral_2,,,,,,,,,,,,,,,,,,,,,,,,,,,,,,,,,,0.021,0.002,-0.022,-0.095,-0.062,0.036,0.016,0.028,-0.086,-0.046,-0.043,-0.06,-0.059,0.05,-0.025,-0.006,0.04,-0.009,0.062,-0.057,0.063,-0.003,0.006,-0.022,-0.024,-0.026,0.067,-0.097,-0.064,-0.025,-0.019,0.018,0.048,-0.011,-0.136,0.026,-0.098,0.001,0.011,-0.015,0.017,0.053,-0.051,-0.122,-0.058,0.096,-0.026,0.022,-0.074,0.057,0.041,0.044,0.013,-0.059,0.01,0.054,0.012,-0.061,-0.064,0.07,-0.13,0.031,-0.008,0.076,0.05,-0.041,-0.034,0.034,-0.025,0.025,0.021,-0.013,-0.013,0.031,-0.043,-0.054,0.013,-0.068,-0.127,-0.049,-0.03
ctx-lh-precentral_3,,,,,,,,,,,,,,,,,,,,,,,,,,,,,,,,,,,0.056,0.031,-0.054,-0.101,0.04,0.029,-0.009,-0.088,-0.111,-0.1,-0.118,0.04,0.06,-0.006,-0.051,-0.06,-0.016,-0.015,-0.089,0.05,-0.022,-0.002,-0.012,-0.124,0.031,0.122,-0.041,-0.029,-0.002,0.028,0.01,0.052,0.024,-0.096,0.057,-0.071,-0.011,0.019,0.036,0.031,0.127,-0.076,-0.091,-0.049,-0.011,-0.05,-0.056,-0.016,-0.031,0.06,0.007,0.053,-0.057,0.008,0.01,0.028,0.03,-0.012,0.048,-0.039,0.089,-0.008,0.133,0.118,-0.048,-0.032,0.0,0.085,0.082,0.067,0.007,-0.067,-0.034,0.01,0.002,0.003,-0.05,-0.086,-0.023,0.0
ctx-lh-precentral_4,,,,,,,,,,,,,,,,,,,,,,,,,,,,,,,,,,,,-0.052,-0.081,-0.102,-0.005,-0.057,0.01,-0.061,-0.055,-0.022,-0.087,0.024,0.068,0.043,-0.051,-0.041,-0.05,-0.043,-0.059,-0.035,-0.1,-0.058,-0.023,-0.054,0.023,0.097,-0.038,0.01,0.073,0.072,0.012,0.067,0.107,-0.032,0.05,-0.02,0.077,0.123,0.07,-0.0,0.064,-0.007,-0.117,-0.004,0.053,-0.064,0.001,-0.051,-0.043,0.05,0.019,0.047,-0.007,-0.02,0.024,-0.019,-0.039,-0.068,0.037,-0.04,0.052,-0.029,0.064,0.063,0.014,0.03,-0.012,-0.016,-0.023,0.085,0.054,-0.072,-0.038,-0.018,-0.085,0.046,-0.048,-0.173,-0.071,-0.013
ctx-lh-precuneus_1,,,,,,,,,,,,,,,,,,,,,,,,,,,,,,,,,,,,,-0.004,0.037,-0.082,-0.1,-0.099,0.019,0.007,-0.008,-0.027,-0.068,-0.019,0.011,-0.012,0.035,-0.058,-0.037,-0.018,0.073,-0.047,-0.031,0.016,0.062,0.019,-0.109,-0.079,-0.017,-0.02,0.067,0.028,-0.032,0.009,0.056,-0.074,0.053,-0.011,-0.033,-0.008,-0.016,-0.018,-0.083,-0.028,-0.018,0.064,0.003,0.054,-0.005,0.001,-0.04,-0.028,-0.025,-0.063,-0.008,-0.044,-0.078,-0.037,-0.023,-0.029,0.051,-0.135,0.028,-0.108,-0.172,-0.026,-0.102,-0.012,-0.133,-0.066,-0.054,-0.021,0.013,0.077,-0.095,0.011,-0.071,0.021,-0.076,-0.03,-0.006
ctx-lh-precuneus_2,,,,,,,,,,,,,,,,,,,,,,,,,,,,,,,,,,,,,,0.0,-0.041,-0.046,-0.038,-0.085,0.015,0.022,-0.102,-0.126,-0.05,0.045,0.005,-0.037,-0.074,-0.06,-0.059,0.103,-0.053,-0.063,-0.025,-0.005,-0.031,-0.185,-0.102,0.045,-0.027,-0.02,-0.046,-0.099,-0.059,-0.026,-0.051,-0.04,0.116,0.072,0.016,-0.108,-0.027,-0.075,-0.122,-0.028,0.057,-0.092,-0.044,-0.104,-0.026,-0.102,-0.076,-0.068,-0.035,-0.029,-0.094,-0.099,-0.029,-0.062,-0.067,-0.08,-0.133,-0.055,-0.128,-0.129,-0.102,-0.182,-0.117,-0.152,-0.088,-0.079,-0.016,-0.029,0.059,-0.093,-0.036,-0.061,0.021,-0.029,-0.036,-0.051
ctx-lh-rostralanteriorcingulate_1,,,,,,,,,,,,,,,,,,,,,,,,,,,,,,,,,,,,,,,0.009,0.009,0.022,-0.008,0.008,0.015,-0.072,-0.068,-0.006,0.039,-0.035,-0.022,-0.054,-0.066,-0.072,-0.04,-0.051,-0.015,-0.027,-0.014,0.012,-0.054,-0.006,0.063,-0.027,0.05,-0.103,-0.078,0.001,-0.002,-0.055,-0.059,0.026,0.101,0.057,-0.034,-0.089,-0.01,-0.013,-0.129,0.013,-0.006,-0.081,0.009,-0.088,-0.038,-0.064,0.03,0.014,-0.058,-0.133,-0.063,-0.032,-0.098,-0.092,-0.099,-0.036,0.032,-0.018,-0.02,-0.028,-0.121,-0.073,-0.086,-0.08,-0.03,-0.014,0.004,0.054,-0.023,-0.025,-0.116,-0.042,-0.075,-0.069,0.023
ctx-lh-rostralmiddlefrontal_1,,,,,,,,,,,,,,,,,,,,,,,,,,,,,,,,,,,,,,,,-0.041,0.069,0.031,0.011,0.061,0.007,-0.094,-0.003,0.025,-0.001,0.047,-0.021,-0.037,-0.045,0.028,-0.016,0.018,0.035,-0.068,-0.06,-0.037,-0.043,-0.026,-0.005,0.049,-0.015,-0.004,0.023,-0.047,0.007,-0.037,-0.002,0.013,0.034,0.092,0.086,-0.082,-0.106,0.056,0.152,0.033,0.009,-0.071,-0.087,-0.02,0.011,0.07,-0.06,0.002,0.021,-0.071,-0.03,-0.023,-0.02,-0.04,-0.029,0.096,0.006,0.05,0.085,0.046,-0.048,-0.051,-0.026,0.009,0.032,-0.012,0.028,-0.041,-0.024,-0.04,-0.061,-0.082,-0.038,0.036
ctx-lh-rostralmiddlefrontal_2,,,,,,,,,,,,,,,,,,,,,,,,,,,,,,,,,,,,,,,,,0.06,0.055,0.039,0.015,0.001,-0.118,-0.043,0.023,-0.05,0.072,-0.061,-0.024,-0.092,-0.012,-0.037,-0.009,0.06,0.002,-0.042,0.026,0.024,0.019,0.037,0.066,-0.022,0.016,-0.022,0.021,0.035,-0.031,-0.002,0.038,0.002,0.107,0.144,-0.027,-0.079,0.018,0.073,0.033,-0.0,-0.065,-0.035,-0.015,0.038,0.096,-0.025,0.013,0.003,-0.036,-0.059,-0.015,-0.007,-0.006,-0.08,0.066,0.014,0.018,0.127,0.09,-0.002,-0.076,-0.07,-0.028,0.021,0.018,0.046,-0.038,-0.026,-0.079,-0.022,-0.116,-0.072,0.025
ctx-lh-rostralmiddlefrontal_3,,,,,,,,,,,,,,,,,,,,,,,,,,,,,,,,,,,,,,,,,,0.04,0.04,0.069,-0.005,-0.069,-0.028,0.11,-0.02,-0.013,0.031,-0.04,-0.064,0.011,-0.022,0.066,0.043,-0.083,-0.025,-0.066,0.025,0.018,0.002,0.055,-0.125,-0.053,0.005,-0.051,0.003,-0.118,-0.023,-0.012,0.043,-0.001,0.028,-0.053,-0.05,-0.057,0.025,0.04,0.007,0.034,-0.064,0.006,-0.004,0.06,-0.054,0.024,-0.059,-0.039,0.005,-0.021,-0.009,-0.032,-0.055,0.071,-0.003,-0.088,0.105,0.01,-0.018,0.004,-0.033,-0.041,0.063,-0.027,-0.022,-0.046,0.009,-0.172,-0.054,-0.049,0.044,0.052
ctx-lh-superiorfrontal_1,,,,,,,,,,,,,,,,,,,,,,,,,,,,,,,,,,,,,,,,,,,0.053,0.001,-0.046,-0.122,-0.052,0.041,-0.084,-0.101,-0.008,-0.006,-0.052,-0.01,-0.115,0.014,0.025,-0.072,-0.046,-0.057,0.02,0.022,-0.043,0.052,-0.047,-0.08,-0.065,-0.034,-0.064,-0.132,-0.01,0.002,-0.012,-0.046,-0.026,-0.016,-0.029,-0.052,0.044,-0.025,-0.102,-0.066,-0.094,-0.014,-0.064,-0.005,0.01,-0.066,-0.183,-0.091,-0.042,-0.113,-0.104,-0.154,-0.05,0.058,-0.011,0.0,0.024,-0.082,-0.058,-0.043,-0.087,-0.094,-0.004,-0.093,0.026,0.009,-0.008,-0.121,-0.104,-0.112,-0.027,0.018
ctx-lh-superiorfrontal_2,,,,,,,,,,,,,,,,,,,,,,,,,,,,,,,,,,,,,,,,,,,,-0.043,-0.044,-0.07,-0.044,-0.01,-0.049,-0.058,0.009,-0.07,-0.103,-0.021,-0.06,-0.001,0.005,-0.095,-0.108,-0.05,-0.035,-0.061,0.008,0.063,-0.033,-0.022,-0.067,-0.09,0.004,-0.02,-0.018,0.079,-0.003,-0.044,0.06,-0.019,-0.077,0.094,0.137,-0.028,-0.03,-0.047,-0.057,-0.043,0.009,-0.043,0.001,-0.026,-0.078,-0.024,-0.007,-0.106,-0.039,-0.056,-0.035,0.111,0.016,0.073,0.095,-0.062,-0.113,-0.056,-0.03,-0.054,-0.015,-0.053,0.067,-0.012,0.001,-0.065,-0.099,-0.06,-0.008,-0.016
ctx-lh-superiorfrontal_3,,,,,,,,,,,,,,,,,,,,,,,,,,,,,,,,,,,,,,,,,,,,,-0.044,-0.071,-0.006,0.037,-0.038,-0.016,0.011,-0.027,-0.033,-0.013,-0.012,0.047,0.038,-0.094,-0.013,-0.077,-0.005,-0.058,0.005,0.041,0.02,0.048,-0.026,-0.077,0.022,-0.02,-0.012,0.048,0.042,0.019,0.089,-0.018,-0.052,0.112,0.15,0.042,0.014,-0.036,-0.054,-0.032,-0.007,0.017,-0.009,-0.029,-0.086,0.016,-0.016,-0.107,-0.045,-0.017,0.019,0.129,0.041,0.107,0.085,0.031,-0.106,-0.059,-0.024,-0.002,0.028,-0.023,0.028,0.011,0.016,-0.029,-0.088,0.019,0.015,0.039
ctx-lh-superiorfrontal_4,,,,,,,,,,,,,,,,,,,,,,,,,,,,,,,,,,,,,,,,,,,,,,-0.072,-0.009,-0.068,-0.138,-0.05,-0.149,-0.09,-0.119,0.056,-0.11,-0.108,-0.056,-0.139,-0.005,0.035,-0.086,-0.039,-0.032,0.042,0.014,0.105,-0.019,-0.091,-0.047,-0.024,0.016,0.061,-0.015,0.001,0.063,-0.059,-0.16,0.001,0.021,-0.045,-0.021,-0.08,-0.076,-0.039,0.03,-0.005,-0.035,-0.07,-0.038,-0.033,-0.113,-0.148,-0.036,-0.085,0.034,0.049,0.096,0.13,0.049,0.06,-0.006,-0.019,-0.065,-0.008,-0.021,-0.08,-0.026,-0.017,-0.134,-0.015,-0.028,-0.174,-0.113,-0.003
ctx-lh-superiorparietal_1,,,,,,,,,,,,,,,,,,,,,,,,,,,,,,,,,,,,,,,,,,,,,,,0.09,-0.058,0.051,0.005,-0.024,0.062,-0.053,0.028,0.023,0.036,0.067,0.03,0.07,0.015,-0.045,0.029,-0.01,0.066,0.031,0.032,0.015,0.015,-0.03,-0.068,-0.007,-0.032,-0.025,0.026,0.004,-0.063,-0.06,-0.038,0.02,-0.021,0.003,-0.024,-0.009,0.073,0.009,0.05,-0.044,-0.007,-0.001,0.001,-0.057,-0.042,-0.04,-0.037,0.006,-0.015,0.023,-0.069,-0.069,-0.002,0.006,-0.066,-0.005,-0.003,-0.048,-0.036,-0.047,-0.029,-0.073,0.048,-0.037,-0.043,0.009,0.02
ctx-lh-superiorparietal_2,,,,,,,,,,,,,,,,,,,,,,,,,,,,,,,,,,,,,,,,,,,,,,,,0.005,0.126,0.047,0.071,0.116,-0.007,0.04,0.108,0.123,0.082,0.021,0.111,-0.018,-0.029,0.062,0.025,0.089,0.023,0.072,0.059,0.029,-0.003,0.005,-0.018,-0.015,0.059,0.117,0.083,-0.063,0.002,0.095,0.049,0.057,-0.006,0.03,0.065,0.027,-0.006,0.075,-0.052,0.092,0.109,0.087,0.061,0.092,0.08,0.028,0.04,0.068,0.053,-0.01,0.026,0.098,0.037,0.019,0.16,0.005,0.041,0.072,-0.019,-0.01,0.066,0.072,-0.052,0.076,0.11,0.101
ctx-lh-superiorparietal_3,,,,,,,,,,,,,,,,,,,,,,,,,,,,,,,,,,,,,,,,,,,,,,,,,0.062,0.015,-0.016,0.132,0.035,0.085,0.123,0.072,0.127,0.047,0.113,0.036,-0.026,0.133,-0.007,0.038,0.122,0.117,0.015,0.08,-0.012,0.02,-0.042,-0.065,-0.017,0.141,0.141,-0.085,0.004,0.066,0.035,0.067,0.012,0.042,0.023,0.087,0.052,0.052,-0.008,0.05,-0.011,0.203,0.067,0.079,-0.02,0.105,0.075,0.129,0.139,0.087,0.017,0.05,0.062,-0.008,0.076,-0.099,-0.031,0.078,0.015,0.084,0.069,0.077,0.013,0.117,0.079,0.15
ctx-lh-superiortemporal_1,,,,,,,,,,,,,,,,,,,,,,,,,,,,,,,,,,,,,,,,,,,,,,,,,,-0.08,0.012,-0.014,0.038,0.06,0.024,-0.052,-0.102,-0.086,-0.077,0.069,-0.043,-0.079,0.053,0.036,0.083,0.148,0.087,-0.045,0.085,0.055,0.106,0.118,0.021,-0.013,0.015,0.024,-0.074,0.017,0.053,-0.065,-0.003,0.028,0.023,-0.039,-0.047,-0.045,-0.027,-0.088,0.017,-0.008,-0.089,-0.071,0.032,-0.005,0.082,0.024,0.06,0.006,-0.058,-0.03,-0.096,0.005,0.067,0.109,0.048,-0.081,-0.092,-0.021,-0.008,0.067,-0.072,-0.133,-0.062,-0.122
ctx-lh-superiortemporal_2,,,,,,,,,,,,,,,,,,,,,,,,,,,,,,,,,,,,,,,,,,,,,,,,,,,0.009,-0.024,-0.096,0.081,-0.114,0.036,0.034,-0.102,-0.042,-0.04,-0.042,0.018,0.036,0.097,0.02,0.013,0.035,-0.062,0.039,0.01,0.094,0.121,-0.008,-0.011,0.014,0.021,-0.082,-0.022,0.02,-0.126,-0.023,0.021,0.05,-0.046,-0.085,-0.043,-0.026,-0.017,0.021,0.033,-0.091,-0.06,0.078,-0.083,0.022,-0.03,0.009,0.038,-0.102,-0.08,-0.07,0.012,0.019,0.016,0.013,-0.098,0.028,-0.014,0.001,-0.0,-0.056,-0.096,0.015,0.006
ctx-lh-supramarginal_1,,,,,,,,,,,,,,,,,,,,,,,,,,,,,,,,,,,,,,,,,,,,,,,,,,,,0.062,0.016,-0.003,-0.054,-0.054,-0.045,0.049,0.015,0.094,-0.026,0.033,0.023,0.038,0.049,0.082,0.052,0.037,0.027,-0.02,0.069,0.094,0.04,0.031,0.042,-0.015,-0.116,0.018,0.01,0.002,0.044,-0.078,-0.039,0.018,0.029,0.047,-0.051,-0.064,-0.017,-0.044,-0.149,-0.127,-0.009,-0.034,0.008,0.002,0.011,-0.009,-0.007,0.049,-0.046,-0.073,-0.114,-0.017,-0.016,-0.025,-0.04,-0.045,-0.174,0.072,-0.014,-0.114,-0.053,-0.023
ctx-lh-supramarginal_2,,,,,,,,,,,,,,,,,,,,,,,,,,,,,,,,,,,,,,,,,,,,,,,,,,,,,-0.021,-0.025,0.023,0.003,-0.042,-0.008,-0.04,-0.069,0.0,-0.037,0.106,0.107,0.029,0.073,0.151,0.03,0.033,0.034,0.071,0.099,0.137,0.047,0.085,0.021,-0.013,0.037,0.107,0.081,-0.035,0.001,0.034,-0.036,-0.02,0.047,0.014,0.014,0.057,0.014,-0.048,-0.044,0.053,-0.002,0.035,-0.014,-0.015,0.005,0.02,0.02,-0.089,-0.02,0.064,0.103,0.122,-0.024,-0.039,0.008,0.038,-0.004,-0.109,-0.074,-0.039,-0.039
ctx-lh-frontalpole_1,,,,,,,,,,,,,,,,,,,,,,,,,,,,,,,,,,,,,,,,,,,,,,,,,,,,,,0.014,0.009,0.015,-0.013,-0.096,-0.018,-0.1,0.093,0.028,-0.037,0.044,-0.075,-0.071,-0.02,0.081,-0.008,-0.106,0.072,0.037,0.037,-0.0,0.018,0.06,0.03,-0.054,0.033,0.032,-0.041,-0.055,-0.062,-0.035,-0.023,-0.028,0.062,-0.017,-0.094,-0.064,-0.036,-0.101,-0.068,-0.086,-0.036,-0.103,-0.041,-0.115,-0.142,-0.148,-0.077,-0.106,-0.046,-0.063,0.008,-0.101,-0.056,-0.036,-0.035,-0.048,0.017,0.011,0.043,0.027
ctx-lh-temporalpole_1,,,,,,,,,,,,,,,,,,,,,,,,,,,,,,,,,,,,,,,,,,,,,,,,,,,,,,,0.051,0.064,0.074,0.039,-0.007,0.015,0.116,-0.06,-0.013,0.023,0.094,0.044,0.053,-0.056,-0.057,0.073,0.127,0.056,-0.002,-0.01,0.019,0.042,-0.026,0.056,-0.002,-0.052,0.027,0.008,0.013,-0.041,-0.031,-0.045,0.055,-0.028,0.03,0.026,-0.007,0.019,0.105,0.05,0.096,-0.047,-0.029,0.041,-0.064,-0.032,-0.006,0.04,0.037,0.043,0.067,0.034,0.079,-0.006,-0.053,0.041,-0.012,0.029,-0.012,0.064
ctx-lh-transversetemporal_1,,,,,,,,,,,,,,,,,,,,,,,,,,,,,,,,,,,,,,,,,,,,,,,,,,,,,,,,-0.051,-0.081,-0.065,-0.154,0.008,0.037,-0.026,0.069,0.036,0.039,0.088,0.159,-0.074,0.04,-0.016,0.117,0.103,0.112,0.001,0.054,0.032,-0.033,-0.051,0.026,-0.001,-0.058,-0.009,-0.009,-0.029,-0.084,-0.048,-0.09,-0.07,0.006,-0.019,-0.084,-0.025,0.017,-0.05,0.015,-0.055,0.008,-0.001,-0.084,-0.023,-0.045,-0.006,0.034,0.066,0.089,-0.044,-0.083,-0.002,-0.067,0.091,-0.053,-0.025,0.012,-0.079
ctx-lh-insula_1,,,,,,,,,,,,,,,,,,,,,,,,,,,,,,,,,,,,,,,,,,,,,,,,,,,,,,,,,-0.018,-0.014,-0.003,0.087,-0.028,0.054,0.039,0.152,0.037,0.072,0.113,0.059,0.073,-0.001,0.079,0.089,0.088,0.069,0.091,-0.013,-0.142,0.024,0.075,-0.034,0.06,-0.038,0.007,0.03,0.039,-0.018,-0.077,-0.112,0.004,0.021,-0.068,-0.102,0.063,-0.06,0.01,0.023,0.026,0.006,-0.007,0.047,-0.046,-0.003,-0.038,0.042,0.009,-0.002,0.008,-0.007,-0.137,0.094,0.01,-0.109,-0.002,-0.038
ctx-lh-insula_2,,,,,,,,,,,,,,,,,,,,,,,,,,,,,,,,,,,,,,,,,,,,,,,,,,,,,,,,,,-0.002,0.043,0.084,0.068,0.037,0.088,0.089,0.094,0.101,0.095,0.053,0.087,0.032,0.083,0.132,0.138,0.085,0.152,0.016,-0.078,-0.017,0.013,0.047,0.002,-0.095,-0.029,0.001,0.028,0.034,-0.033,0.014,0.017,0.011,-0.042,-0.029,0.04,-0.039,0.077,0.054,0.096,0.112,0.045,0.082,-0.008,0.012,0.01,0.06,0.113,0.014,-0.01,0.046,-0.026,-0.004,0.035,-0.146,-0.062,0.091
ctx-rh-bankssts_1,,,,,,,,,,,,,,,,,,,,,,,,,,,,,,,,,,,,,,,,,,,,,,,,,,,,,,,,,,,-0.032,0.002,-0.032,-0.051,0.05,0.037,0.099,0.004,0.071,-0.008,0.008,0.053,0.093,0.058,-0.005,-0.013,-0.005,0.041,-0.109,0.001,-0.007,0.026,0.011,-0.002,-0.022,-0.013,0.003,-0.004,-0.035,-0.041,-0.001,0.018,-0.067,-0.126,-0.0,-0.018,0.091,0.048,0.068,0.077,-0.022,-0.029,-0.109,-0.028,0.047,0.037,0.043,0.001,0.014,0.068,0.06,-0.089,-0.08,-0.115,-0.067,0.013
ctx-rh-caudalanteriorcingulate_1,,,,,,,,,,,,,,,,,,,,,,,,,,,,,,,,,,,,,,,,,,,,,,,,,,,,,,,,,,,,0.028,-0.031,-0.003,0.108,0.127,-0.017,0.046,0.109,0.066,0.097,0.01,0.022,0.075,0.118,0.034,0.048,-0.015,-0.02,-0.005,0.024,0.009,-0.049,-0.034,-0.039,0.037,-0.023,-0.012,0.008,0.022,-0.003,-0.105,0.006,0.013,0.0,-0.021,0.035,0.037,-0.007,-0.002,-0.044,-0.023,-0.033,0.002,0.014,0.093,0.097,0.02,0.016,0.032,-0.01,-0.025,-0.032,-0.153,-0.058,0.058
ctx-rh-caudalmiddlefrontal_1,,,,,,,,,,,,,,,,,,,,,,,,,,,,,,,,,,,,,,,,,,,,,,,,,,,,,,,,,,,,,-0.003,-0.026,0.026,0.009,-0.133,-0.088,0.055,-0.04,0.016,-0.101,-0.025,0.02,0.052,-0.034,0.007,-0.008,-0.033,-0.029,0.03,0.015,-0.068,-0.103,0.075,0.062,-0.1,-0.01,-0.051,0.12,0.059,0.028,0.121,0.081,0.116,-0.133,-0.034,0.027,-0.006,0.009,-0.005,-0.036,-0.005,0.023,0.097,0.054,0.117,0.043,-0.04,-0.036,0.096,0.029,-0.079,-0.001,0.091,0.086
ctx-rh-cuneus_1,,,,,,,,,,,,,,,,,,,,,,,,,,,,,,,,,,,,,,,,,,,,,,,,,,,,,,,,,,,,,,0.112,0.06,-0.006,0.087,0.047,0.016,0.058,-0.014,-0.062,0.098,-0.018,0.018,0.068,0.103,-0.019,-0.02,-0.005,0.078,-0.017,0.004,-0.038,-0.009,-0.001,0.041,-0.014,0.041,0.003,-0.104,0.08,-0.007,-0.01,-0.054,-0.031,-0.026,0.064,0.053,0.005,-0.008,-0.053,0.007,-0.046,-0.02,-0.066,-0.078,-0.031,0.007,0.025,0.02,0.08,0.156,-0.028,-0.031,0.026
ctx-rh-entorhinal_1,,,,,,,,,,,,,,,,,,,,,,,,,,,,,,,,,,,,,,,,,,,,,,,,,,,,,,,,,,,,,,,0.046,0.032,0.003,0.015,0.064,0.04,0.073,0.001,0.129,0.061,-0.008,0.026,0.035,0.111,-0.006,0.036,-0.004,-0.029,0.015,0.056,-0.014,-0.049,-0.038,-0.006,0.106,0.048,0.029,0.079,0.056,0.007,0.034,0.013,0.036,0.003,-0.016,0.11,-0.023,-0.051,-0.071,0.009,0.038,0.09,0.126,0.004,0.019,-0.002,0.003,-0.058,0.134,-0.034,0.107,0.083
ctx-rh-fusiform_1,,,,,,,,,,,,,,,,,,,,,,,,,,,,,,,,,,,,,,,,,,,,,,,,,,,,,,,,,,,,,,,,-0.01,0.115,0.119,0.003,-0.005,0.022,-0.032,0.139,0.055,0.07,0.101,0.09,0.014,0.031,0.028,0.079,-0.026,-0.011,0.007,0.006,0.062,0.019,0.03,0.06,0.079,0.003,0.144,0.073,0.01,-0.031,0.009,-0.003,0.083,0.101,0.063,-0.011,0.022,0.035,-0.014,0.081,0.046,0.031,0.05,0.001,0.113,0.105,0.0,-0.025,0.061,0.077,0.058
ctx-rh-fusiform_2,,,,,,,,,,,,,,,,,,,,,,,,,,,,,,,,,,,,,,,,,,,,,,,,,,,,,,,,,,,,,,,,,0.057,0.056,0.042,-0.015,0.089,0.044,0.038,0.001,0.056,0.047,0.032,-0.014,-0.068,0.121,0.045,0.002,0.075,0.058,0.1,0.009,0.015,-0.02,0.009,0.071,0.083,0.139,0.087,0.009,0.087,-0.021,0.006,0.123,0.031,0.125,0.034,0.003,0.036,0.081,0.106,0.064,0.025,0.085,0.036,0.05,0.045,-0.043,0.03,0.1,0.139,0.094
ctx-rh-inferiorparietal_1,,,,,,,,,,,,,,,,,,,,,,,,,,,,,,,,,,,,,,,,,,,,,,,,,,,,,,,,,,,,,,,,,,-0.037,0.136,0.073,0.047,0.001,0.101,0.114,0.137,-0.029,0.005,0.131,0.052,-0.055,0.037,0.107,0.028,0.03,0.08,-0.025,-0.08,0.022,0.074,0.037,0.034,0.012,0.027,0.003,0.059,-0.02,0.05,-0.073,-0.077,-0.081,-0.049,-0.09,-0.093,0.048,0.082,0.077,0.158,0.103,0.077,0.068,0.113,0.013,-0.044,0.049,0.058,0.034
ctx-rh-inferiorparietal_2,,,,,,,,,,,,,,,,,,,,,,,,,,,,,,,,,,,,,,,,,,,,,,,,,,,,,,,,,,,,,,,,,,,0.074,0.017,0.088,-0.085,0.093,0.125,0.109,0.044,0.011,0.08,0.099,-0.03,0.05,0.065,0.025,0.086,0.128,0.002,0.004,-0.009,0.086,0.089,0.122,0.104,0.089,0.081,0.147,-0.08,0.044,-0.01,-0.005,0.016,-0.092,-0.023,0.025,0.106,0.142,0.11,0.196,0.069,0.008,0.073,0.105,0.04,-0.065,0.119,0.087,0.099
ctx-rh-inferiorparietal_3,,,,,,,,,,,,,,,,,,,,,,,,,,,,,,,,,,,,,,,,,,,,,,,,,,,,,,,,,,,,,,,,,,,,0.065,0.036,-0.002,0.006,0.016,0.009,0.128,0.107,0.039,0.011,0.053,0.081,0.088,0.028,0.044,0.004,0.124,0.012,0.05,0.058,0.064,0.033,0.099,0.096,0.033,0.028,-0.01,0.079,0.077,0.123,0.121,-0.025,0.017,0.031,0.038,0.156,0.072,0.022,0.125,0.044,0.178,0.115,0.061,-0.067,0.103,0.056,0.118
ctx-rh-inferiortemporal_1,,,,,,,,,,,,,,,,,,,,,,,,,,,,,,,,,,,,,,,,,,,,,,,,,,,,,,,,,,,,,,,,,,,,,0.053,-0.018,0.064,0.02,0.008,0.008,-0.067,0.084,-0.039,-0.013,-0.046,0.077,0.08,0.027,-0.04,0.007,-0.074,-0.04,0.102,-0.006,-0.09,0.041,0.017,-0.056,-0.079,-0.066,0.086,0.019,0.01,0.067,-0.023,-0.053,-0.086,0.059,-0.006,0.029,0.059,0.029,-0.008,0.091,0.046,0.004,0.035,-0.053,0.025,0.11
ctx-rh-inferiortemporal_2,,,,,,,,,,,,,,,,,,,,,,,,,,,,,,,,,,,,,,,,,,,,,,,,,,,,,,,,,,,,,,,,,,,,,,-0.035,0.052,-0.016,0.037,0.11,0.084,-0.005,-0.008,0.067,0.058,0.012,0.029,0.015,0.019,0.031,0.018,0.03,0.013,0.096,0.085,0.072,0.085,0.073,0.063,-0.013,-0.015,0.077,0.081,0.063,-0.033,0.083,-0.018,0.019,0.062,0.024,0.061,0.081,-0.004,0.002,0.022,0.038,-0.096,0.069,0.067,0.116
ctx-rh-isthmuscingulate_1,,,,,,,,,,,,,,,,,,,,,,,,,,,,,,,,,,,,,,,,,,,,,,,,,,,,,,,,,,,,,,,,,,,,,,,0.025,0.06,-0.001,-0.106,-0.136,-0.04,-0.047,-0.093,-0.025,-0.016,-0.022,0.024,0.038,-0.044,-0.103,-0.058,-0.034,-0.03,-0.083,-0.024,-0.003,-0.066,-0.035,-0.084,-0.041,-0.067,-0.058,-0.141,-0.131,-0.195,-0.05,0.001,-0.023,-0.021,0.024,0.025,0.049,-0.014,0.01,-0.115,-0.009,0.037,0.009,-0.034
ctx-rh-lateraloccipital_1,,,,,,,,,,,,,,,,,,,,,,,,,,,,,,,,,,,,,,,,,,,,,,,,,,,,,,,,,,,,,,,,,,,,,,,,-0.04,0.065,0.069,0.097,0.084,0.131,0.053,0.011,0.015,0.063,0.134,0.045,0.06,-0.015,-0.043,0.089,0.107,0.031,0.137,0.116,0.073,0.015,0.109,0.044,0.113,0.069,0.041,-0.018,-0.02,0.04,0.028,0.123,-0.016,0.011,0.103,0.065,0.086,0.148,0.072,0.078,0.128,0.104,0.078
ctx-rh-lateraloccipital_2,,,,,,,,,,,,,,,,,,,,,,,,,,,,,,,,,,,,,,,,,,,,,,,,,,,,,,,,,,,,,,,,,,,,,,,,,0.006,0.1,0.111,0.029,0.054,0.102,0.106,0.009,0.074,0.043,0.085,0.084,0.02,0.018,-0.021,0.143,0.043,0.095,0.123,0.055,0.026,0.072,-0.011,0.167,0.078,0.056,0.031,0.075,0.028,0.024,0.054,-0.012,-0.021,0.133,0.044,0.072,0.159,0.01,-0.01,0.12,0.088,0.095
ctx-rh-lateraloccipital_3,,,,,,,,,,,,,,,,,,,,,,,,,,,,,,,,,,,,,,,,,,,,,,,,,,,,,,,,,,,,,,,,,,,,,,,,,,0.135,0.114,0.039,0.073,0.07,0.042,-0.023,0.007,0.13,0.03,0.109,0.07,0.061,0.056,0.081,-0.004,0.121,0.051,0.027,-0.012,0.002,0.018,0.136,0.125,0.08,-0.019,0.022,0.036,-0.005,0.09,0.012,-0.027,0.04,-0.017,0.123,0.117,0.07,-0.031,0.102,0.092,0.161
ctx-rh-lateralorbitofrontal_1,,,,,,,,,,,,,,,,,,,,,,,,,,,,,,,,,,,,,,,,,,,,,,,,,,,,,,,,,,,,,,,,,,,,,,,,,,,-0.027,0.022,-0.009,-0.075,-0.018,-0.035,-0.072,0.024,-0.007,-0.027,-0.093,0.026,0.038,0.014,-0.059,-0.036,-0.012,-0.029,-0.013,-0.127,0.012,0.007,0.046,0.066,-0.045,-0.06,-0.021,0.031,0.032,0.06,0.143,0.039,-0.01,0.061,0.018,0.006,-0.043,-0.03,-0.014,0.091
ctx-rh-lateralorbitofrontal_2,,,,,,,,,,,,,,,,,,,,,,,,,,,,,,,,,,,,,,,,,,,,,,,,,,,,,,,,,,,,,,,,,,,,,,,,,,,,0.075,0.022,-0.014,-0.084,0.015,-0.056,-0.031,-0.049,0.004,-0.044,0.061,0.091,0.038,-0.043,0.039,0.025,0.035,0.044,-0.048,0.048,-0.032,0.074,0.071,-0.018,0.027,0.019,0.062,0.031,0.076,0.148,0.027,-0.047,-0.004,-0.012,-0.009,-0.042,-0.024,0.02,0.105
ctx-rh-lingual_1,,,,,,,,,,,,,,,,,,,,,,,,,,,,,,,,,,,,,,,,,,,,,,,,,,,,,,,,,,,,,,,,,,,,,,,,,,,,,-0.05,0.027,0.059,0.018,0.01,-0.038,0.014,-0.027,-0.037,-0.024,0.001,0.059,-0.056,0.092,0.039,-0.034,-0.027,-0.008,-0.03,0.032,0.048,0.002,0.014,0.007,0.012,-0.036,0.009,-0.035,-0.037,0.028,0.06,0.059,0.045,0.031,0.087,-0.023,-0.002,0.001
ctx-rh-lingual_2,,,,,,,,,,,,,,,,,,,,,,,,,,,,,,,,,,,,,,,,,,,,,,,,,,,,,,,,,,,,,,,,,,,,,,,,,,,,,,-0.006,0.089,-0.084,-0.058,0.005,-0.06,-0.133,-0.065,-0.065,-0.031,-0.094,-0.071,0.06,-0.104,-0.082,-0.046,-0.092,-0.013,0.016,-0.026,-0.043,-0.03,-0.045,-0.05,-0.057,0.028,-0.014,-0.008,-0.07,-0.064,-0.02,-0.031,0.098,0.012,-0.121,-0.086,-0.038
ctx-rh-medialorbitofrontal_1,,,,,,,,,,,,,,,,,,,,,,,,,,,,,,,,,,,,,,,,,,,,,,,,,,,,,,,,,,,,,,,,,,,,,,,,,,,,,,,0.065,-0.003,-0.071,0.077,-0.02,-0.016,-0.047,-0.012,0.021,-0.043,-0.148,-0.053,-0.003,-0.082,-0.055,-0.086,-0.037,-0.091,0.007,-0.072,-0.078,-0.077,-0.017,-0.005,-0.003,0.036,0.043,-0.034,0.033,0.028,0.0,0.003,-0.06,-0.065,-0.043,-0.024
ctx-rh-medialorbitofrontal_2,,,,,,,,,,,,,,,,,,,,,,,,,,,,,,,,,,,,,,,,,,,,,,,,,,,,,,,,,,,,,,,,,,,,,,,,,,,,,,,,0.007,0.018,0.061,0.019,0.002,0.019,-0.018,0.101,-0.03,-0.084,0.04,0.028,-0.062,-0.042,0.009,0.07,0.015,0.11,0.032,0.047,0.054,0.007,-0.004,0.007,0.014,0.072,0.04,0.026,0.052,-0.001,-0.044,-0.03,-0.008,0.002,-0.022
ctx-rh-middletemporal_1,,,,,,,,,,,,,,,,,,,,,,,,,,,,,,,,,,,,,,,,,,,,,,,,,,,,,,,,,,,,,,,,,,,,,,,,,,,,,,,,,0.002,-0.022,-0.015,-0.04,-0.044,-0.032,-0.004,-0.043,-0.045,0.025,-0.041,-0.09,0.011,-0.096,0.066,0.008,0.041,0.111,-0.01,0.002,-0.069,0.027,0.036,0.038,0.056,-0.014,-0.069,0.045,-0.014,0.013,-0.157,-0.069,-0.047,0.054
ctx-rh-middletemporal_2,,,,,,,,,,,,,,,,,,,,,,,,,,,,,,,,,,,,,,,,,,,,,,,,,,,,,,,,,,,,,,,,,,,,,,,,,,,,,,,,,,0.015,0.071,-0.027,-0.056,-0.028,0.032,-0.031,-0.037,-0.024,0.005,-0.106,0.04,-0.111,0.012,-0.017,-0.018,0.081,-0.099,-0.086,-0.082,0.055,0.027,-0.026,0.029,0.088,0.088,0.014,0.057,-0.073,-0.04,0.022,0.054,0.03
ctx-rh-parahippocampal_1,,,,,,,,,,,,,,,,,,,,,,,,,,,,,,,,,,,,,,,,,,,,,,,,,,,,,,,,,,,,,,,,,,,,,,,,,,,,,,,,,,,0.036,-0.136,-0.016,-0.147,-0.041,0.007,0.027,0.025,-0.029,-0.055,-0.014,-0.078,-0.03,0.028,-0.066,-0.009,-0.031,-0.073,-0.066,-0.002,0.075,0.037,0.08,0.02,0.006,0.039,-0.035,-0.072,-0.066,-0.023,-0.046,-0.1
ctx-rh-paracentral_1,,,,,,,,,,,,,,,,,,,,,,,,,,,,,,,,,,,,,,,,,,,,,,,,,,,,,,,,,,,,,,,,,,,,,,,,,,,,,,,,,,,,0.026,0.059,0.006,-0.04,-0.012,0.031,0.026,-0.047,-0.083,0.043,0.002,0.067,-0.017,0.015,-0.067,-0.035,-0.026,-0.005,-0.063,-0.031,0.012,0.002,0.021,0.017,0.046,-0.027,0.012,0.038,-0.105,-0.014,-0.059
ctx-rh-parsopercularis_1,,,,,,,,,,,,,,,,,,,,,,,,,,,,,,,,,,,,,,,,,,,,,,,,,,,,,,,,,,,,,,,,,,,,,,,,,,,,,,,,,,,,,-0.046,-0.046,-0.087,0.088,0.073,0.044,0.098,0.056,0.07,-0.073,0.012,0.01,0.024,0.091,0.036,0.025,-0.019,-0.021,0.073,0.07,0.116,0.053,-0.036,-0.011,0.011,0.048,-0.095,-0.111,0.044,0.062
ctx-rh-parsorbitalis_1,,,,,,,,,,,,,,,,,,,,,,,,,,,,,,,,,,,,,,,,,,,,,,,,,,,,,,,,,,,,,,,,,,,,,,,,,,,,,,,,,,,,,,-0.051,-0.055,0.026,-0.052,0.072,0.003,-0.058,0.013,-0.1,0.004,-0.012,-0.039,0.079,-0.01,-0.031,-0.088,0.037,0.041,-0.006,0.083,-0.029,-0.052,-0.005,0.052,-0.074,-0.107,-0.094,-0.006,0.007
ctx-rh-parstriangularis_1,,,,,,,,,,,,,,,,,,,,,,,,,,,,,,,,,,,,,,,,,,,,,,,,,,,,,,,,,,,,,,,,,,,,,,,,,,,,,,,,,,,,,,,-0.113,0.065,0.047,0.07,0.055,-0.01,0.021,-0.104,0.029,0.089,0.118,0.182,0.053,0.036,-0.068,0.01,0.123,0.077,0.075,0.08,-0.015,0.094,0.066,-0.041,-0.16,-0.144,-0.028,0.076
ctx-rh-pericalcarine_1,,,,,,,,,,,,,,,,,,,,,,,,,,,,,,,,,,,,,,,,,,,,,,,,,,,,,,,,,,,,,,,,,,,,,,,,,,,,,,,,,,,,,,,,-0.047,-0.056,0.114,0.018,-0.029,-0.034,-0.004,-0.012,0.036,-0.015,-0.028,-0.019,-0.023,-0.021,-0.032,-0.002,-0.018,0.035,-0.033,0.027,0.018,-0.025,0.075,0.136,-0.083,-0.056,0.014
ctx-rh-postcentral_1,,,,,,,,,,,,,,,,,,,,,,,,,,,,,,,,,,,,,,,,,,,,,,,,,,,,,,,,,,,,,,,,,,,,,,,,,,,,,,,,,,,,,,,,,-0.019,0.02,-0.034,-0.036,0.065,-0.019,0.066,0.001,0.081,0.032,-0.009,-0.022,-0.011,0.005,-0.018,0.08,0.041,-0.021,-0.019,0.026,-0.036,0.025,-0.015,-0.061,0.007,0.0
ctx-rh-postcentral_2,,,,,,,,,,,,,,,,,,,,,,,,,,,,,,,,,,,,,,,,,,,,,,,,,,,,,,,,,,,,,,,,,,,,,,,,,,,,,,,,,,,,,,,,,,0.008,-0.038,-0.043,0.037,-0.067,0.067,-0.077,0.098,-0.032,-0.115,-0.029,-0.025,-0.039,-0.01,0.066,0.01,-0.016,-0.006,0.043,-0.021,0.051,-0.005,-0.073,-0.037,-0.009
ctx-rh-posteriorcingulate_1,,,,,,,,,,,,,,,,,,,,,,,,,,,,,,,,,,,,,,,,,,,,,,,,,,,,,,,,,,,,,,,,,,,,,,,,,,,,,,,,,,,,,,,,,,,0.007,-0.02,0.038,-0.08,-0.024,-0.051,-0.039,-0.077,-0.044,-0.069,-0.065,-0.019,-0.01,0.116,0.203,0.101,0.014,0.005,-0.014,-0.033,0.042,-0.05,0.025,0.01
ctx-rh-precentral_1,,,,,,,,,,,,,,,,,,,,,,,,,,,,,,,,,,,,,,,,,,,,,,,,,,,,,,,,,,,,,,,,,,,,,,,,,,,,,,,,,,,,,,,,,,,,-0.046,0.008,-0.029,0.031,-0.009,0.047,0.032,0.003,-0.008,-0.027,-0.014,-0.061,0.058,0.061,-0.058,-0.054,-0.008,-0.147,0.031,-0.026,-0.136,-0.009,-0.009
ctx-rh-precentral_2,,,,,,,,,,,,,,,,,,,,,,,,,,,,,,,,,,,,,,,,,,,,,,,,,,,,,,,,,,,,,,,,,,,,,,,,,,,,,,,,,,,,,,,,,,,,,0.058,-0.043,0.025,-0.035,0.064,0.002,-0.102,-0.09,-0.034,-0.013,0.028,0.094,0.111,-0.053,-0.058,-0.014,-0.109,0.053,-0.037,-0.106,-0.068,0.015
ctx-rh-precentral_3,,,,,,,,,,,,,,,,,,,,,,,,,,,,,,,,,,,,,,,,,,,,,,,,,,,,,,,,,,,,,,,,,,,,,,,,,,,,,,,,,,,,,,,,,,,,,,-0.047,0.049,-0.002,0.07,-0.014,-0.059,-0.027,0.048,0.014,-0.016,0.031,0.025,0.042,0.072,0.02,-0.014,0.084,0.005,-0.017,0.032,0.004
ctx-rh-precuneus_1,,,,,,,,,,,,,,,,,,,,,,,,,,,,,,,,,,,,,,,,,,,,,,,,,,,,,,,,,,,,,,,,,,,,,,,,,,,,,,,,,,,,,,,,,,,,,,,-0.027,-0.142,-0.08,-0.109,-0.177,-0.22,-0.101,-0.079,0.012,0.04,0.067,-0.036,-0.002,-0.044,0.003,-0.02,-0.029,-0.024,-0.036,-0.059
ctx-rh-precuneus_2,,,,,,,,,,,,,,,,,,,,,,,,,,,,,,,,,,,,,,,,,,,,,,,,,,,,,,,,,,,,,,,,,,,,,,,,,,,,,,,,,,,,,,,,,,,,,,,,-0.003,-0.027,-0.077,-0.061,-0.04,0.01,-0.033,0.096,0.097,0.109,0.037,0.043,0.008,0.056,0.046,0.059,-0.032,0.019,0.052
ctx-rh-rostralanteriorcingulate_1,,,,,,,,,,,,,,,,,,,,,,,,,,,,,,,,,,,,,,,,,,,,,,,,,,,,,,,,,,,,,,,,,,,,,,,,,,,,,,,,,,,,,,,,,,,,,,,,,0.019,0.027,-0.004,-0.008,0.018,0.009,-0.044,0.024,0.1,0.069,0.11,0.005,0.007,-0.091,-0.037,-0.027,-0.072,0.041
ctx-rh-rostralmiddlefrontal_1,,,,,,,,,,,,,,,,,,,,,,,,,,,,,,,,,,,,,,,,,,,,,,,,,,,,,,,,,,,,,,,,,,,,,,,,,,,,,,,,,,,,,,,,,,,,,,,,,,-0.036,0.06,0.057,0.024,0.024,0.074,0.091,0.182,0.086,0.026,0.004,0.067,0.041,-0.081,-0.075,0.013,0.062
ctx-rh-rostralmiddlefrontal_2,,,,,,,,,,,,,,,,,,,,,,,,,,,,,,,,,,,,,,,,,,,,,,,,,,,,,,,,,,,,,,,,,,,,,,,,,,,,,,,,,,,,,,,,,,,,,,,,,,,0.086,0.08,0.021,0.025,-0.024,0.002,0.091,0.074,0.118,-0.009,0.015,-0.057,-0.036,-0.068,0.006,0.116
ctx-rh-superiorfrontal_1,,,,,,,,,,,,,,,,,,,,,,,,,,,,,,,,,,,,,,,,,,,,,,,,,,,,,,,,,,,,,,,,,,,,,,,,,,,,,,,,,,,,,,,,,,,,,,,,,,,,-0.02,-0.037,-0.0,-0.056,-0.021,0.041,-0.006,0.073,0.013,0.036,-0.13,-0.152,-0.094,0.001,0.022
ctx-rh-superiorfrontal_2,,,,,,,,,,,,,,,,,,,,,,,,,,,,,,,,,,,,,,,,,,,,,,,,,,,,,,,,,,,,,,,,,,,,,,,,,,,,,,,,,,,,,,,,,,,,,,,,,,,,,-0.091,0.015,0.07,0.089,0.097,-0.046,-0.024,0.038,0.062,-0.054,-0.164,-0.033,0.024,0.05
ctx-rh-superiorfrontal_3,,,,,,,,,,,,,,,,,,,,,,,,,,,,,,,,,,,,,,,,,,,,,,,,,,,,,,,,,,,,,,,,,,,,,,,,,,,,,,,,,,,,,,,,,,,,,,,,,,,,,,0.049,-0.02,0.032,0.088,-0.01,-0.011,-0.043,-0.038,0.002,-0.04,-0.147,-0.037,0.001
ctx-rh-superiorfrontal_4,,,,,,,,,,,,,,,,,,,,,,,,,,,,,,,,,,,,,,,,,,,,,,,,,,,,,,,,,,,,,,,,,,,,,,,,,,,,,,,,,,,,,,,,,,,,,,,,,,,,,,,-0.086,0.033,0.008,0.006,-0.004,-0.042,-0.081,0.075,0.002,-0.019,-0.019,0.045
ctx-rh-superiorparietal_1,,,,,,,,,,,,,,,,,,,,,,,,,,,,,,,,,,,,,,,,,,,,,,,,,,,,,,,,,,,,,,,,,,,,,,,,,,,,,,,,,,,,,,,,,,,,,,,,,,,,,,,,0.122,0.093,-0.011,-0.008,-0.027,-0.124,0.102,0.035,-0.045,-0.061,0.016
ctx-rh-superiorparietal_2,,,,,,,,,,,,,,,,,,,,,,,,,,,,,,,,,,,,,,,,,,,,,,,,,,,,,,,,,,,,,,,,,,,,,,,,,,,,,,,,,,,,,,,,,,,,,,,,,,,,,,,,,0.013,0.052,-0.01,0.024,0.031,0.077,-0.022,0.068,0.07,0.095
ctx-rh-superiorparietal_3,,,,,,,,,,,,,,,,,,,,,,,,,,,,,,,,,,,,,,,,,,,,,,,,,,,,,,,,,,,,,,,,,,,,,,,,,,,,,,,,,,,,,,,,,,,,,,,,,,,,,,,,,,0.058,0.037,0.125,0.056,0.088,0.073,0.086,0.052,0.122
ctx-rh-superiortemporal_1,,,,,,,,,,,,,,,,,,,,,,,,,,,,,,,,,,,,,,,,,,,,,,,,,,,,,,,,,,,,,,,,,,,,,,,,,,,,,,,,,,,,,,,,,,,,,,,,,,,,,,,,,,,0.009,0.054,0.029,-0.015,-0.058,-0.111,0.013,0.042
ctx-rh-superiortemporal_2,,,,,,,,,,,,,,,,,,,,,,,,,,,,,,,,,,,,,,,,,,,,,,,,,,,,,,,,,,,,,,,,,,,,,,,,,,,,,,,,,,,,,,,,,,,,,,,,,,,,,,,,,,,,-0.01,-0.046,-0.025,0.026,-0.067,-0.045,0.014
ctx-rh-supramarginal_1,,,,,,,,,,,,,,,,,,,,,,,,,,,,,,,,,,,,,,,,,,,,,,,,,,,,,,,,,,,,,,,,,,,,,,,,,,,,,,,,,,,,,,,,,,,,,,,,,,,,,,,,,,,,,0.065,0.068,-0.063,-0.056,-0.005,0.03
ctx-rh-supramarginal_2,,,,,,,,,,,,,,,,,,,,,,,,,,,,,,,,,,,,,,,,,,,,,,,,,,,,,,,,,,,,,,,,,,,,,,,,,,,,,,,,,,,,,,,,,,,,,,,,,,,,,,,,,,,,,,0.069,-0.034,-0.124,-0.121,-0.05
ctx-rh-frontalpole_1,,,,,,,,,,,,,,,,,,,,,,,,,,,,,,,,,,,,,,,,,,,,,,,,,,,,,,,,,,,,,,,,,,,,,,,,,,,,,,,,,,,,,,,,,,,,,,,,,,,,,,,,,,,,,,,-0.03,-0.004,0.054,0.067
ctx-rh-temporalpole_1,,,,,,,,,,,,,,,,,,,,,,,,,,,,,,,,,,,,,,,,,,,,,,,,,,,,,,,,,,,,,,,,,,,,,,,,,,,,,,,,,,,,,,,,,,,,,,,,,,,,,,,,,,,,,,,,-0.006,0.045,0.054
ctx-rh-transversetemporal_1,,,,,,,,,,,,,,,,,,,,,,,,,,,,,,,,,,,,,,,,,,,,,,,,,,,,,,,,,,,,,,,,,,,,,,,,,,,,,,,,,,,,,,,,,,,,,,,,,,,,,,,,,,,,,,,,,-0.046,-0.104
ctx-rh-insula_1,,,,,,,,,,,,,,,,,,,,,,,,,,,,,,,,,,,,,,,,,,,,,,,,,,,,,,,,,,,,,,,,,,,,,,,,,,,,,,,,,,,,,,,,,,,,,,,,,,,,,,,,,,,,,,,,,,-0.079
ctx-rh-insula_2,,,,,,,,,,,,,,,,,,,,,,,,,,,,,,,,,,,,,,,,,,,,,,,,,,,,,,,,,,,,,,,,,,,,,,,,,,,,,,,,,,,,,,,,,,,,,,,,,,,,,,,,,,,,,,,,,,
