,ctx-lh-LH_region_1,ctx-lh-LH_region_2,ctx-lh-LH_region_3,ctx-lh-LH_region_4,ctx-lh-LH_region_5,ctx-lh-LH_region_6,ctx-lh-LH_region_7,ctx-lh-LH_region_8,ctx-lh-LH_region_9,ctx-lh-LH_region_10,ctx-lh-LH_region_11,ctx-lh-LH_region_12,ctx-lh-LH_region_13,ctx-lh-LH_region_14,ctx-lh-LH_region_15,ctx-lh-LH_region_16,ctx-lh-LH_region_17,ctx-lh-LH_region_18,ctx-lh-LH_region_19,ctx-lh-LH_region_20,ctx-lh-LH_region_21,ctx-lh-LH_region_22,ctx-lh-LH_region_23,ctx-lh-LH_region_24,ctx-lh-LH_region_25,ctx-lh-LH_region_26,ctx-lh-LH_region_27,ctx-lh-LH_region_28,ctx-lh-LH_region_29,ctx-lh-LH_region_30,ctx-lh-LH_region_31,ctx-lh-LH_region_32,ctx-lh-LH_region_33,ctx-lh-LH_region_34,ctx-lh-LH_region_35,ctx-lh-LH_region_36,ctx-lh-LH_region_37,ctx-lh-LH_region_38,ctx-lh-LH_region_39,ctx-lh-LH_region_40,ctx-lh-LH_region_41,ctx-lh-LH_region_42,ctx-lh-LH_region_43,ctx-lh-LH_region_44,ctx-lh-LH_region_45,ctx-lh-LH_region_46,ctx-lh-LH_region_47,ctx-lh-LH_region_48,ctx-lh-LH_region_49,ctx-lh-LH_region_50,ctx-lh-LH_region_51,ctx-lh-LH_region_52,ctx-lh-LH_region_53,ctx-lh-LH_region_54,ctx-lh-LH_region_55,ctx-lh-LH_region_56,ctx-lh-LH_region_57,ctx-lh-LH_region_58,ctx-lh-LH_region_59,ctx-lh-LH_region_60,ctx-lh-LH_region_61,ctx-lh-LH_region_62,ctx-lh-LH_region_63,ctx-lh-LH_region_64,ctx-lh-LH_region_65,ctx-rh-RH_region_1,ctx-rh-RH_region_2,ctx-rh-RH_region_3,ctx-rh-RH_region_4,ctx-rh-RH_region_5,ctx-rh-RH_region_6,ctx-rh-RH_region_7,ctx-rh-RH_region_8,ctx-rh-RH_region_9,ctx-rh-RH_region_10,ctx-rh-RH_region_11,ctx-rh-RH_region_12,ctx-rh-RH_region_13,ctx-rh-RH_region_14,ctx-rh-RH_region_15,ctx-rh-RH_region_16,ctx-rh-RH_region_17,ctx-rh-RH_region_18,ctx-rh-RH_region_19,ctx-rh-RH_region_20,ctx-rh-RH_region_21,ctx-rh-RH_region_22,ctx-rh-RH_region_23,ctx-rh-RH_region_24,ctx-rh-RH_region_25,ctx-rh-RH_region_26,ctx-rh-RH_region_27,ctx-rh-RH_region_28,ctx-rh-RH_region_29,ctx-rh-RH_region_30,ctx-rh-RH_region_31,ctx-rh-RH_region_32,ctx-rh-RH_region_33,ctx-rh-RH_region_34,ctx-rh-RH_region_35,ctx-rh-RH_region_36,ctx-rh-RH_region_37,ctx-rh-RH_region_38,ctx-rh-RH_region_39,ctx-rh-RH_region_40,ctx-rh-RH_region_41,ctx-rh-RH_region_42,ctx-rh-RH_region_43,ctx-rh-RH_region_44,ctx-rh-RH_region_45,ctx-rh-RH_region_46,ctx-rh-RH_region_47,ctx-rh-RH_region_48,ctx-rh-RH_region_49,ctx-rh-RH_region_50,ctx-rh-RH_region_51,ctx-rh-RH_region_52,ctx-rh-RH_region_53,ctx-rh-RH_region_54,ctx-rh-RH_region_55,ctx-rh-RH_region_56,ctx-rh-RH_region_57,ctx-rh-RH_region_58,ctx-rh-RH_region_59,ctx-rh-RH_region_60,ctx-rh-RH_region_61,ctx-rh-RH_region_62,ctx-rh-RH_region_63,ctx-rh-RH_region_64,ctx-rh-RH_region_65
ctx-lh-LH_region_1,,0.114,-0.201,-0.121,-0.051,-0.168,-0.118,-0.195,-0.048,-0.0,0.02,0.173,0.135,-0.131,-0.111,0.026,0.192,-0.306,-0.024,-0.124,0.301,-0.318,0.037,0.234,-0.02,0.144,-0.03,-0.102,0.279,0.245,-0.063,-0.065,0.051,0.128,0.04,0.015,0.067,-0.239,-0.053,0.148,-0.129,0.29,0.169,-0.338,-0.075,-0.142,0.105,-0.049,0.206,-0.168,-0.153,-0.097,0.084,0.223,0.305,-0.262,-0.032,0.045,0.083,0.07,-0.102,-0.103,0.075,-0.096,-0.005,0.152,0.12,0.123,-0.047,0.004,-0.101,-0.256,-0.109,-0.112,-0.028,0.034,0.198,-0.073,-0.241,-0.053,0.003,0.173,0.219,0.354,-0.124,0.108,-0.056,0.335,0.152,-0.017,-0.063,-0.018,-0.117,0.153,0.003,0.311,-0.048,-0.18,-0.268,-0.006,-0.051,-0.043,0.098,0.007,-0.116,0.103,0.032,-0.12,0.052,0.114,-0.062,0.047,0.079,0.169,0.019,0.081,-0.059,0.184,-0.265,0.186,0.043,-0.399,0.06,0.041,0.02,0.059,-0.182,0.238,-0.12,0.157
ctx-lh-LH_region_2,,,0.121,0.397,-0.101,-0.106,-0.0,0.01,-0.074,0.183,0.232,-0.08,-0.028,-0.133,-0.049,-0.028,-0.019,0.258,-0.355,0.169,0.35,0.169,-0.039,-0.115,0.24,0.136,-0.212,-0.139,-0.067,-0.097,-0.241,0.003,0.122,-0.012,-0.053,-0.204,0.137,0.098,-0.016,-0.092,0.125,-0.047,0.088,0.256,-0.039,-0.119,-0.334,-0.232,0.13,0.117,-0.115,-0.02,0.141,0.014,-0.182,-0.056,0.032,-0.181,-0.008,-0.188,-0.266,-0.029,-0.067,0.153,0.021,-0.175,-0.103,-0.026,0.278,-0.16,-0.281,0.004,-0.097,0.136,0.196,0.028,-0.099,-0.108,-0.093,-0.384,-0.215,-0.078,-0.019,-0.228,0.066,0.063,-0.165,0.033,-0.144,-0.063,0.017,0.112,0.063,-0.078,-0.23,-0.091,0.224,0.042,0.182,-0.023,0.033,-0.07,-0.084,0.13,-0.326,0.334,-0.028,-0.35,0.11,-0.026,-0.192,0.068,0.038,0.011,-0.481,0.021,-0.089,-0.041,-0.068,-0.159,-0.323,-0.168,0.232,-0.172,-0.282,-0.113,-0.109,0.03,-0.039,-0.027
ctx-lh-LH_region_3,,,,0.046,0.12,0.009,0.295,-0.045,0.217,0.135,-0.012,0.269,-0.079,0.066,0.054,-0.04,0.114,0.021,-0.061,0.057,0.271,0.322,-0.109,0.172,0.339,0.124,-0.109,0.301,0.306,0.043,-0.084,-0.115,-0.236,0.01,0.014,-0.346,-0.207,-0.117,0.017,0.122,0.239,0.222,0.086,0.156,-0.163,-0.354,-0.0,-0.353,0.288,0.031,-0.204,0.006,0.139,0.205,-0.013,-0.02,-0.025,0.005,0.216,0.203,0.079,0.015,-0.161,0.197,0.245,-0.215,-0.03,0.16,-0.025,0.086,-0.151,-0.094,0.023,-0.032,-0.015,-0.285,0.067,-0.034,-0.005,-0.114,-0.346,-0.012,0.178,0.134,0.224,0.118,-0.048,0.058,0.01,0.181,-0.134,-0.011,-0.336,-0.025,-0.206,0.103,0.007,-0.217,-0.073,-0.125,0.139,0.101,-0.059,0.017,-0.415,0.217,0.101,-0.16,0.163,0.168,-0.111,-0.078,0.175,-0.048,-0.056,0.042,0.152,-0.216,-0.351,0.108,0.045,-0.113,0.026,0.066,-0.152,-0.092,-0.437,-0.042,-0.074,0.078
ctx-lh-LH_region_4,,,,,-0.027,-0.132,-0.024,-0.068,-0.106,0.198,0.342,0.17,-0.117,-0.09,-0.007,0.004,0.028,0.147,-0.162,-0.079,0.003,0.055,-0.015,0.213,0.014,0.05,-0.025,-0.006,0.033,0.059,-0.113,-0.01,-0.159,0.052,-0.045,0.162,-0.232,0.153,0.197,0.188,0.179,0.089,-0.006,0.036,-0.053,-0.308,-0.047,-0.012,0.125,-0.253,-0.038,-0.004,-0.129,0.056,-0.052,0.038,-0.087,-0.015,0.228,-0.033,-0.156,-0.165,0.004,0.243,0.023,0.098,-0.04,0.006,-0.068,-0.119,-0.157,-0.331,-0.099,0.082,0.245,-0.265,0.003,-0.301,0.04,-0.238,-0.135,-0.089,-0.077,0.204,0.021,-0.073,-0.119,-0.13,-0.329,-0.052,-0.103,-0.215,-0.297,-0.173,-0.196,-0.192,0.047,0.006,0.118,-0.048,-0.043,0.303,-0.259,-0.134,-0.211,-0.186,-0.019,-0.118,0.058,-0.106,-0.185,-0.179,0.046,-0.037,0.016,-0.02,-0.136,-0.132,-0.26,-0.131,-0.102,-0.067,0.142,0.06,-0.145,0.15,-0.313,-0.051,0.019,-0.075
ctx-lh-LH_region_5,,,,,,0.369,0.24,0.222,-0.062,-0.294,-0.134,0.058,0.036,-0.021,0.03,-0.05,0.087,-0.006,0.121,-0.03,0.067,0.014,0.106,0.288,0.141,0.061,-0.054,0.27,0.117,0.233,0.002,-0.086,-0.129,-0.057,-0.062,-0.107,-0.206,-0.151,0.08,0.001,-0.18,0.138,0.193,-0.253,0.077,-0.041,0.029,0.128,-0.01,0.17,-0.107,-0.073,0.099,-0.027,-0.05,0.228,0.152,-0.048,0.214,-0.117,0.21,-0.107,0.069,-0.148,0.115,-0.104,-0.048,-0.023,-0.136,-0.047,0.227,0.232,0.416,-0.071,-0.213,-0.053,0.047,-0.038,-0.029,0.023,-0.015,0.035,0.227,0.158,0.2,0.316,-0.039,0.049,0.277,-0.059,0.019,-0.139,-0.122,-0.109,0.048,-0.038,-0.108,-0.097,-0.028,0.102,0.137,-0.012,0.319,0.068,-0.154,0.16,0.208,0.193,-0.048,0.117,-0.145,0.114,0.21,0.168,-0.061,0.247,0.076,-0.04,-0.005,0.163,0.066,-0.039,0.141,-0.017,0.105,0.066,-0.13,0.156,-0.353,0.233
ctx-lh-LH_region_6,,,,,,,0.276,0.467,0.038,-0.141,0.093,-0.091,0.058,-0.117,-0.104,0.254,0.108,-0.163,0.075,0.071,0.209,-0.041,0.124,0.183,0.273,0.123,-0.029,-0.009,0.012,0.113,0.065,-0.28,-0.155,-0.108,-0.091,-0.288,-0.251,-0.005,-0.103,-0.007,-0.283,-0.017,0.024,-0.141,0.14,-0.245,-0.069,-0.205,-0.17,0.135,-0.048,0.124,0.041,-0.099,-0.054,0.228,-0.036,0.215,0.169,-0.023,0.072,-0.083,0.175,-0.077,0.098,-0.155,-0.235,-0.04,-0.18,0.129,-0.249,0.323,0.125,-0.157,0.031,0.163,-0.223,-0.142,-0.079,-0.032,-0.021,-0.027,-0.019,0.039,0.184,0.046,-0.17,0.052,-0.003,-0.075,-0.359,-0.346,-0.158,-0.25,-0.212,-0.108,-0.284,0.054,0.045,-0.014,-0.259,-0.249,0.167,0.094,-0.431,-0.199,0.005,-0.219,-0.036,0.133,0.137,0.241,-0.027,-0.072,0.039,0.233,-0.37,-0.187,0.121,-0.118,-0.062,0.017,0.108,-0.13,0.121,-0.002,-0.091,0.063,-0.138,-0.061
ctx-lh-LH_region_7,,,,,,,,0.328,0.055,0.083,-0.023,0.018,0.14,0.105,0.126,0.353,0.085,-0.043,0.353,0.197,0.171,0.011,-0.048,0.074,0.014,0.055,0.072,0.037,-0.017,0.027,-0.136,-0.192,-0.059,-0.172,-0.216,-0.26,-0.188,0.015,0.086,-0.008,-0.219,0.063,-0.064,-0.232,0.091,-0.133,0.039,-0.105,-0.262,0.076,0.061,0.11,-0.138,-0.117,-0.078,0.328,0.165,0.112,0.427,0.011,0.119,-0.307,0.03,0.057,0.154,-0.113,-0.046,-0.098,0.032,0.078,0.08,0.215,-0.02,0.074,-0.074,0.207,0.033,0.031,0.033,0.064,0.139,-0.058,0.089,-0.135,-0.007,-0.066,-0.084,0.013,0.083,-0.103,-0.19,-0.102,-0.27,-0.246,-0.067,-0.07,-0.011,-0.038,0.074,0.02,-0.04,-0.399,-0.012,-0.002,-0.403,0.186,-0.034,0.014,-0.152,0.124,0.16,0.123,-0.072,-0.137,0.256,0.276,0.105,-0.196,0.149,0.181,0.15,-0.142,0.171,-0.039,0.018,-0.178,-0.093,0.168,-0.152,-0.108
ctx-lh-LH_region_8,,,,,,,,,0.071,-0.185,-0.25,0.123,0.166,-0.225,0.037,0.145,-0.053,-0.163,0.053,-0.073,0.046,0.211,-0.069,0.197,0.292,-0.067,-0.124,0.264,0.037,0.313,0.183,-0.34,-0.141,-0.005,0.056,-0.21,-0.12,-0.139,-0.185,0.007,-0.256,0.162,0.214,-0.305,0.056,-0.111,-0.165,0.055,-0.242,0.129,-0.086,-0.104,0.156,-0.066,0.133,0.129,0.032,0.057,0.343,-0.116,0.178,-0.04,0.001,-0.118,0.333,-0.207,-0.052,-0.012,-0.259,-0.037,0.278,0.156,0.41,0.027,-0.184,0.01,0.136,0.01,-0.019,0.053,0.114,-0.028,0.226,-0.057,0.299,0.182,-0.251,0.023,0.305,0.066,-0.219,-0.06,-0.141,-0.106,-0.018,0.134,-0.131,-0.138,-0.116,0.084,0.137,-0.133,0.445,-0.065,-0.242,0.096,0.204,0.157,-0.143,0.038,-0.123,0.282,0.236,0.215,0.11,0.297,0.174,-0.081,0.11,0.115,-0.002,0.018,0.104,0.226,0.025,0.101,-0.034,0.164,-0.205,0.085
ctx-lh-LH_region_9,,,,,,,,,,0.073,0.087,0.198,0.132,0.056,0.014,0.232,-0.067,0.026,0.141,0.324,0.21,-0.22,-0.093,0.035,0.157,-0.137,0.178,-0.151,0.171,0.045,-0.021,-0.158,0.099,0.118,0.053,0.025,0.082,0.05,0.318,0.311,-0.215,0.281,-0.039,-0.055,0.25,0.075,-0.188,0.099,-0.257,-0.044,-0.118,-0.063,-0.258,-0.022,-0.223,0.135,0.078,-0.055,0.199,-0.123,-0.14,-0.103,0.092,0.1,-0.012,-0.117,0.081,0.039,-0.054,-0.231,-0.049,0.044,-0.141,-0.271,-0.023,0.219,0.197,0.194,-0.065,-0.02,0.017,0.071,0.139,-0.089,0.173,-0.264,-0.133,0.045,0.105,-0.139,-0.145,0.14,-0.021,0.176,0.044,0.18,0.12,0.127,-0.029,0.192,0.004,-0.178,-0.041,-0.129,0.022,-0.027,0.229,0.095,-0.155,0.067,-0.192,-0.086,0.135,-0.068,0.096,0.234,-0.14,0.126,0.098,0.173,-0.043,-0.111,-0.09,-0.144,0.114,-0.076,-0.07,0.309,0.077,-0.058
ctx-lh-LH_region_10,,,,,,,,,,,-0.308,0.167,0.082,0.284,-0.03,0.149,0.057,0.175,0.112,-0.11,0.031,0.005,0.216,0.093,0.092,0.205,0.168,0.172,0.231,-0.008,0.01,0.151,-0.11,0.369,0.3,0.34,0.165,0.05,0.038,0.127,0.123,-0.268,0.101,0.089,0.083,0.136,0.179,0.091,0.177,-0.111,0.108,-0.102,0.261,0.172,0.279,-0.136,0.045,0.271,-0.069,0.235,0.129,0.394,0.203,-0.04,0.04,0.166,0.182,0.204,0.272,-0.072,-0.057,-0.297,-0.125,-0.127,-0.275,0.014,0.157,0.16,0.143,0.047,0.136,-0.066,-0.057,0.119,0.061,0.103,0.081,0.107,0.155,0.03,0.295,0.121,0.376,0.388,0.237,0.268,0.366,-0.027,0.098,0.152,-0.169,-0.064,-0.141,-0.018,0.216,0.054,-0.019,0.104,0.018,-0.207,-0.036,0.024,0.109,0.299,0.04,-0.179,0.064,0.094,-0.054,-0.115,0.06,-0.075,-0.175,0.159,0.274,0.426,0.287,-0.118,0.318,-0.07
ctx-lh-LH_region_11,,,,,,,,,,,,-0.021,0.137,-0.178,-0.085,-0.277,-0.146,0.004,-0.306,0.087,0.028,0.005,-0.02,0.032,-0.08,0.371,-0.199,0.116,0.035,0.087,0.13,0.167,0.194,0.105,0.141,0.075,-0.039,-0.045,0.075,-0.015,0.17,0.096,0.166,0.05,-0.034,0.176,-0.017,-0.084,0.415,-0.115,0.07,-0.033,0.258,0.046,0.101,-0.263,-0.049,-0.298,-0.086,-0.112,0.011,-0.009,-0.197,-0.078,0.062,0.083,-0.036,0.12,-0.109,-0.021,-0.072,-0.211,0.029,-0.174,0.049,-0.333,-0.268,-0.052,-0.204,-0.123,-0.067,0.055,-0.1,0.019,-0.186,0.434,-0.135,0.159,-0.025,-0.006,0.185,0.012,0.119,-0.021,-0.078,-0.103,-0.096,0.132,-0.052,-0.307,0.118,0.23,0.247,-0.155,-0.002,0.059,-0.037,-0.085,0.258,-0.078,-0.116,0.146,-0.092,0.147,-0.331,-0.418,-0.0,0.053,-0.201,-0.114,-0.039,0.064,-0.013,0.005,-0.265,0.113,-0.029,-0.019,-0.081,0.132
ctx-lh-LH_region_12,,,,,,,,,,,,,0.215,0.031,0.307,0.392,0.08,0.291,0.128,0.176,0.288,0.162,0.036,-0.087,0.023,0.146,0.141,-0.173,0.169,-0.076,-0.003,-0.009,0.025,0.062,-0.269,-0.106,0.148,0.185,-0.061,-0.339,0.297,-0.119,-0.018,0.206,0.04,-0.054,-0.112,-0.039,0.006,-0.02,0.033,0.218,-0.333,-0.146,-0.189,0.141,0.251,0.101,-0.011,-0.027,-0.191,0.183,-0.077,0.28,0.162,0.195,-0.093,-0.035,0.31,0.053,-0.017,0.2,-0.033,0.238,0.021,0.267,-0.181,0.065,0.303,-0.011,-0.031,-0.077,0.041,-0.267,0.095,0.047,0.054,-0.114,-0.149,-0.231,-0.215,-0.269,-0.032,-0.205,-0.06,0.067,-0.105,0.183,0.139,-0.131,-0.014,-0.169,-0.039,0.218,-0.128,-0.152,-0.049,-0.13,-0.025,-0.12,0.153,-0.019,-0.041,-0.168,0.153,0.322,0.291,-0.027,0.297,-0.169,-0.045,-0.207,-0.214,-0.023,0.067,-0.072,0.182,-0.178,0.101,0.024
ctx-lh-LH_region_13,,,,,,,,,,,,,,0.086,0.28,0.069,0.313,0.174,0.243,0.114,0.291,-0.008,-0.016,0.242,0.039,0.003,0.236,-0.223,0.146,0.163,0.123,-0.279,-0.209,-0.213,-0.233,0.011,0.027,0.018,-0.188,0.056,-0.201,0.011,0.157,-0.15,0.125,0.056,-0.067,-0.044,-0.038,-0.254,-0.174,-0.07,-0.147,-0.172,-0.177,0.168,0.039,0.276,0.145,-0.263,-0.316,-0.157,0.292,0.027,0.308,0.373,0.029,-0.081,0.085,-0.196,-0.077,-0.069,-0.011,-0.019,0.056,-0.145,-0.15,-0.184,0.079,-0.033,-0.015,0.01,0.121,-0.003,0.1,-0.03,0.227,0.047,0.012,-0.09,-0.365,-0.367,-0.345,-0.427,-0.239,0.07,-0.02,-0.113,-0.028,0.028,-0.117,-0.288,-0.018,-0.22,-0.175,-0.234,-0.18,-0.226,0.146,-0.141,-0.155,-0.129,-0.033,-0.18,0.128,0.078,0.041,-0.142,-0.005,-0.117,-0.158,-0.153,-0.373,0.131,-0.066,-0.134,-0.16,0.063,-0.046,-0.25
ctx-lh-LH_region_14,,,,,,,,,,,,,,,0.018,0.003,0.08,0.07,-0.034,0.127,0.104,-0.072,-0.079,-0.017,-0.072,0.116,0.224,-0.139,0.191,-0.141,0.035,0.096,0.046,0.141,-0.048,0.138,0.082,0.037,-0.193,0.041,0.171,-0.128,0.278,0.028,-0.138,0.003,-0.139,0.108,0.008,0.248,0.107,0.166,-0.254,-0.144,0.072,-0.058,-0.054,0.011,0.122,0.072,-0.061,0.112,0.141,-0.064,0.117,-0.149,-0.068,0.031,0.357,0.13,-0.058,0.087,0.037,0.305,-0.188,0.062,0.008,0.047,0.098,0.045,-0.203,0.123,0.251,0.127,0.012,0.178,-0.053,0.038,0.075,-0.094,0.231,-0.013,0.149,-0.068,0.168,-0.006,0.073,0.154,0.08,-0.013,0.095,-0.255,0.111,0.027,0.168,0.029,-0.119,0.092,0.035,0.325,0.131,-0.357,0.021,0.063,-0.169,0.133,-0.013,0.105,0.021,-0.013,0.047,-0.017,0.169,0.257,0.039,0.32,0.195,0.163,0.048,0.099
ctx-lh-LH_region_15,,,,,,,,,,,,,,,,0.247,0.074,0.311,0.026,-0.003,0.224,0.092,0.133,0.024,0.08,0.059,0.179,-0.129,0.2,-0.037,0.122,-0.052,0.052,0.162,-0.164,0.189,-0.071,0.156,-0.035,-0.089,0.144,-0.202,-0.185,-0.04,0.015,-0.097,-0.073,0.03,-0.004,0.127,0.199,0.233,0.182,-0.149,-0.069,0.212,0.162,0.265,0.163,-0.022,-0.081,-0.108,0.149,0.021,0.095,0.071,0.011,-0.002,-0.031,0.05,-0.079,0.046,-0.176,-0.147,-0.074,0.048,0.069,0.058,0.082,0.112,0.069,0.157,0.083,-0.051,-0.009,-0.084,-0.102,-0.093,-0.007,0.021,-0.149,-0.258,-0.018,-0.173,0.097,0.052,-0.064,0.026,-0.036,-0.201,-0.192,-0.065,-0.15,0.096,0.053,-0.016,0.095,-0.007,-0.099,0.066,0.287,-0.072,-0.111,-0.091,0.049,-0.015,0.049,0.174,0.155,-0.013,0.156,-0.094,0.037,0.027,0.328,-0.205,-0.021,-0.002,0.083,0.153
ctx-lh-LH_region_16,,,,,,,,,,,,,,,,,-0.01,0.025,0.038,-0.061,0.082,0.371,0.119,0.124,0.217,0.063,0.08,-0.059,0.001,-0.095,0.212,-0.22,0.005,0.023,0.05,0.032,0.017,-0.255,-0.194,-0.226,0.325,-0.042,0.158,0.173,-0.084,0.022,-0.165,0.117,-0.04,0.044,-0.344,-0.05,0.019,0.217,-0.082,0.172,0.356,0.339,0.112,0.02,-0.071,0.212,-0.193,0.118,0.379,0.039,0.166,-0.031,0.115,-0.072,0.229,-0.012,0.136,0.121,-0.151,-0.131,0.183,0.118,0.03,0.017,0.158,0.026,0.3,-0.339,0.265,-0.041,-0.073,-0.125,0.061,0.094,-0.158,-0.222,-0.076,-0.024,0.198,0.125,-0.143,-0.412,-0.08,-0.128,-0.047,0.12,0.103,-0.055,0.033,-0.01,0.329,0.17,-0.213,0.04,-0.222,0.04,0.232,-0.043,0.208,0.077,0.46,0.21,0.237,0.205,0.317,0.197,-0.073,0.029,0.137,-0.222,0.024,0.108,-0.159,-0.052
ctx-lh-LH_region_17,,,,,,,,,,,,,,,,,,-0.118,-0.041,0.396,0.198,0.014,-0.177,-0.045,0.133,-0.017,0.211,-0.021,0.219,0.13,-0.121,-0.026,0.033,-0.065,-0.096,-0.11,0.152,-0.178,-0.321,-0.003,-0.091,-0.062,0.003,-0.018,0.223,-0.028,-0.024,0.006,-0.012,-0.033,-0.01,-0.078,-0.066,0.019,-0.048,-0.067,0.263,0.143,0.119,0.016,0.111,-0.156,-0.069,-0.335,0.056,0.001,0.006,-0.072,0.045,0.01,0.104,0.047,0.012,0.056,-0.21,-0.027,-0.079,0.08,-0.006,-0.147,0.125,0.183,0.113,0.025,0.327,-0.132,-0.021,0.07,-0.02,-0.277,0.002,0.056,-0.051,0.072,-0.029,0.164,0.005,-0.181,-0.287,0.107,-0.231,-0.227,0.108,0.219,0.085,-0.166,0.105,-0.121,0.113,0.045,-0.063,-0.036,0.163,0.202,-0.065,0.14,0.012,-0.14,0.101,0.038,0.141,-0.223,0.159,0.147,0.127,0.054,-0.197,-0.124,0.057,-0.007
ctx-lh-LH_region_18,,,,,,,,,,,,,,,,,,,-0.06,-0.011,0.121,0.157,-0.018,-0.089,-0.123,0.247,-0.202,-0.083,0.056,-0.057,-0.065,0.094,0.066,0.058,0.058,-0.081,0.2,0.134,-0.0,0.019,0.24,0.039,-0.025,0.012,-0.239,-0.032,-0.104,-0.155,0.377,-0.182,-0.053,0.129,0.205,0.114,-0.006,-0.043,0.224,0.086,0.018,0.02,0.062,0.108,-0.246,0.172,0.163,-0.196,-0.011,0.011,0.159,0.086,-0.227,-0.11,-0.14,0.177,0.066,0.076,0.154,0.081,0.186,-0.168,-0.124,-0.024,0.141,-0.1,-0.092,0.183,-0.395,0.088,-0.186,-0.027,0.077,-0.03,-0.137,0.164,-0.01,-0.051,0.133,0.149,0.059,-0.044,0.065,0.31,-0.077,-0.139,-0.079,0.077,0.179,-0.071,0.228,0.012,0.031,0.018,0.021,-0.085,-0.066,-0.155,0.241,0.166,0.049,0.123,0.114,-0.079,-0.143,-0.01,0.012,-0.046,-0.137,0.143,-0.058,0.311
ctx-lh-LH_region_19,,,,,,,,,,,,,,,,,,,,0.134,0.267,0.19,0.022,0.178,0.452,-0.152,0.096,0.165,0.03,0.21,-0.053,-0.033,-0.034,0.032,0.242,-0.157,-0.097,-0.253,-0.098,0.148,-0.057,0.189,-0.003,-0.082,0.241,0.013,0.228,-0.056,-0.069,0.098,-0.06,-0.158,0.103,0.28,0.232,0.119,0.233,-0.017,0.192,0.031,0.153,0.133,0.151,-0.151,0.232,0.006,0.039,-0.042,-0.051,0.054,0.122,0.255,0.122,-0.049,-0.323,0.042,-0.033,0.218,-0.097,0.085,0.122,0.331,0.127,0.038,0.374,-0.098,-0.081,0.385,0.057,-0.14,-0.063,-0.091,0.097,-0.001,-0.22,0.231,-0.327,-0.163,-0.22,0.268,0.034,0.144,0.109,0.22,-0.023,0.093,0.171,-0.026,-0.016,0.031,-0.051,0.362,0.268,0.182,-0.042,0.134,0.114,0.028,0.111,0.061,-0.115,-0.097,0.062,0.143,0.021,0.009,-0.162,0.133,0.098,-0.047
ctx-lh-LH_region_20,,,,,,,,,,,,,,,,,,,,,0.204,-0.074,-0.016,0.353,0.307,0.054,0.268,-0.152,0.157,0.084,0.076,-0.127,-0.041,-0.147,-0.012,-0.121,-0.174,-0.116,0.083,0.15,-0.08,-0.054,0.092,-0.121,0.204,0.201,0.017,-0.045,-0.028,-0.119,-0.159,-0.186,0.102,-0.066,0.06,-0.179,0.038,0.393,0.077,-0.118,0.073,-0.058,0.341,0.102,-0.057,0.093,0.055,-0.064,0.084,-0.091,-0.139,-0.062,-0.185,-0.062,0.168,-0.152,0.041,-0.067,-0.023,-0.051,-0.146,0.128,0.11,0.044,0.255,-0.171,0.071,0.061,0.212,0.003,-0.323,-0.349,-0.172,-0.111,-0.141,0.088,-0.111,0.023,0.054,0.036,-0.039,-0.115,-0.088,-0.041,-0.148,-0.01,0.01,-0.223,0.111,-0.004,-0.195,0.021,-0.001,0.063,0.229,0.06,-0.254,-0.166,-0.169,-0.157,-0.086,-0.295,-0.146,0.112,-0.037,0.063,0.074,0.06,-0.021,-0.077
ctx-lh-LH_region_21,,,,,,,,,,,,,,,,,,,,,,-0.204,-0.117,0.301,0.129,0.227,0.493,-0.12,0.283,0.086,0.127,-0.108,-0.184,-0.078,-0.14,0.008,-0.105,0.112,0.011,-0.105,0.172,-0.161,0.08,-0.005,0.104,0.082,-0.104,0.139,0.115,-0.143,-0.106,0.084,-0.038,-0.155,0.108,0.135,0.045,0.269,0.056,-0.156,-0.061,-0.009,-0.013,0.061,0.195,0.36,0.095,-0.06,0.118,0.058,0.048,0.032,-0.11,0.042,0.001,-0.034,-0.076,-0.118,0.093,-0.165,-0.038,-0.014,-0.003,0.166,0.035,0.031,0.133,0.033,-0.019,-0.081,-0.287,-0.283,-0.354,-0.3,-0.046,0.156,-0.128,0.093,0.13,-0.158,-0.256,-0.254,-0.019,-0.179,-0.223,-0.15,0.045,-0.173,0.15,0.014,0.061,-0.07,-0.121,-0.185,0.196,0.205,-0.119,-0.137,-0.034,-0.128,0.036,-0.204,-0.193,0.237,0.143,0.183,0.058,0.033,-0.124,0.017
ctx-lh-LH_region_22,,,,,,,,,,,,,,,,,,,,,,,0.076,-0.137,-0.267,-0.009,-0.158,0.003,-0.03,-0.361,-0.069,-0.079,-0.238,0.064,-0.071,0.073,0.139,0.236,-0.038,-0.097,0.086,-0.111,-0.064,0.001,-0.19,-0.092,-0.19,-0.025,-0.012,-0.046,0.108,0.233,-0.016,-0.119,-0.14,0.253,0.075,0.197,0.081,0.045,-0.279,0.001,-0.131,-0.222,0.007,-0.181,-0.097,0.044,0.197,-0.029,-0.16,0.137,-0.072,0.057,0.021,0.248,0.052,0.004,0.28,-0.034,0.203,-0.13,-0.099,-0.057,-0.117,-0.103,-0.186,-0.329,-0.178,0.044,-0.088,-0.115,0.078,-0.035,0.18,-0.1,0.043,0.103,0.063,-0.121,-0.208,0.001,-0.32,0.099,-0.186,0.064,0.209,-0.011,-0.065,0.059,0.292,0.219,-0.094,0.017,0.174,0.216,0.003,0.079,0.262,-0.025,0.084,-0.082,0.242,-0.141,0.098,0.058,0.057,0.017,-0.005,0.326
ctx-lh-LH_region_23,,,,,,,,,,,,,,,,,,,,,,,,-0.23,-0.251,-0.151,-0.065,0.083,-0.261,-0.293,-0.246,-0.021,-0.103,-0.025,-0.015,0.051,0.223,0.194,0.017,-0.005,-0.029,-0.141,-0.211,-0.079,-0.085,0.123,-0.225,0.154,-0.315,0.195,0.107,0.143,-0.124,-0.088,-0.177,-0.056,-0.103,-0.054,0.059,-0.013,-0.3,0.016,-0.055,-0.085,-0.079,-0.061,0.14,0.12,0.077,0.001,0.027,0.068,-0.109,0.198,0.045,-0.034,0.124,-0.067,0.089,-0.162,0.042,-0.144,-0.117,-0.301,0.075,0.095,-0.067,-0.196,-0.027,-0.11,0.018,-0.004,0.017,-0.063,0.204,-0.042,0.324,0.131,0.005,-0.02,-0.176,-0.394,0.034,-0.085,-0.077,-0.12,0.211,0.374,-0.209,0.206,0.17,-0.017,-0.041,-0.099,0.088,0.057,0.126,-0.064,-0.096,-0.134,-0.014,-0.005,-0.006,-0.1,0.133,-0.029,0.065,-0.151,-0.062,-0.079
ctx-lh-LH_region_24,,,,,,,,,,,,,,,,,,,,,,,,,0.19,-0.116,0.062,-0.072,0.094,0.215,-0.206,-0.142,0.014,-0.161,-0.109,-0.21,0.058,-0.06,0.012,0.089,-0.202,-0.02,-0.017,-0.078,0.236,0.092,-0.187,-0.04,-0.258,0.094,-0.11,-0.052,-0.242,-0.059,-0.117,0.032,0.242,-0.013,0.179,-0.062,-0.226,-0.12,-0.045,-0.097,0.047,0.01,-0.2,0.211,0.031,0.07,0.038,0.238,-0.056,0.11,0.095,0.044,-0.205,0.139,0.034,-0.218,-0.178,-0.066,-0.003,-0.305,0.183,-0.065,-0.154,0.167,0.075,-0.248,-0.231,-0.042,-0.047,-0.057,-0.057,0.121,-0.237,0.082,0.223,0.08,0.017,-0.288,0.137,0.141,-0.102,-0.154,-0.079,-0.203,0.021,0.048,-0.064,0.351,0.087,-0.18,0.304,0.322,-0.018,-0.259,0.116,-0.134,-0.15,-0.335,0.096,-0.036,-0.02,-0.132,0.098,0.076,0.162,-0.145
ctx-lh-LH_region_25,,,,,,,,,,,,,,,,,,,,,,,,,,0.066,0.132,-0.16,0.018,-0.001,0.053,-0.253,-0.147,-0.128,-0.135,-0.187,-0.059,0.219,-0.066,0.037,-0.01,-0.062,0.112,-0.051,0.071,0.03,-0.106,-0.028,-0.223,-0.147,-0.096,0.104,-0.063,-0.371,-0.126,0.215,0.083,0.339,0.294,-0.017,-0.245,-0.148,0.069,0.007,0.18,-0.086,0.083,0.018,0.192,0.069,0.103,0.375,0.047,0.061,-0.127,0.162,-0.094,-0.167,-0.015,0.028,0.003,0.043,-0.028,-0.186,-0.085,-0.033,0.099,0.051,0.103,0.005,-0.342,-0.109,-0.312,-0.195,0.039,0.09,0.01,0.079,0.039,-0.044,-0.087,-0.292,0.032,-0.027,-0.24,0.133,-0.026,-0.038,-0.25,-0.242,0.028,0.161,-0.211,-0.119,0.058,0.326,-0.157,0.081,0.12,0.04,-0.005,-0.057,0.1,-0.109,-0.071,-0.188,-0.22,0.093,-0.161,-0.177
ctx-lh-LH_region_26,,,,,,,,,,,,,,,,,,,,,,,,,,,0.025,-0.051,0.36,0.106,-0.111,-0.137,-0.12,-0.179,-0.146,0.012,-0.015,0.166,0.311,0.114,-0.017,0.034,0.038,-0.067,-0.093,-0.194,0.108,-0.145,0.242,-0.003,0.064,-0.031,-0.083,-0.04,0.003,-0.007,-0.17,-0.056,0.11,0.134,0.088,-0.231,-0.091,0.319,0.068,0.065,0.092,0.158,0.172,0.0,0.046,-0.223,-0.164,0.117,0.278,-0.087,-0.034,-0.299,0.14,-0.165,-0.299,-0.15,-0.2,0.132,-0.059,-0.067,-0.121,-0.207,-0.091,-0.006,-0.158,0.085,-0.337,-0.218,-0.02,-0.344,0.252,-0.016,0.207,-0.065,-0.251,-0.138,-0.258,-0.129,-0.144,-0.098,-0.132,-0.294,0.198,0.156,-0.047,-0.077,0.019,-0.127,0.26,0.035,-0.223,0.049,-0.269,-0.048,0.052,-0.123,0.288,0.071,-0.058,-0.259,-0.142,0.054,-0.032,0.085
ctx-lh-LH_region_27,,,,,,,,,,,,,,,,,,,,,,,,,,,,-0.046,0.233,0.352,-0.209,0.179,0.055,-0.009,0.167,-0.008,0.155,-0.09,-0.15,0.107,-0.02,0.273,0.168,-0.125,-0.061,0.031,0.238,0.062,0.024,0.021,-0.05,-0.069,0.174,0.175,0.066,-0.077,0.051,-0.11,0.233,0.086,0.036,-0.074,0.124,-0.103,0.16,0.026,0.21,0.162,0.009,-0.067,-0.025,-0.163,-0.0,0.1,-0.242,0.07,0.068,0.025,-0.159,-0.08,-0.056,0.162,0.187,0.1,0.071,-0.009,-0.105,0.334,0.277,-0.171,0.164,-0.006,-0.145,0.153,-0.037,0.147,0.097,-0.131,-0.221,0.014,-0.036,0.018,-0.002,0.055,0.19,0.136,0.193,-0.066,0.134,0.186,-0.105,-0.065,0.168,0.01,-0.006,0.131,0.132,0.16,-0.089,-0.006,0.052,-0.199,0.029,0.09,0.166,-0.035,-0.112,0.157,-0.024,-0.047
ctx-lh-LH_region_28,,,,,,,,,,,,,,,,,,,,,,,,,,,,,-0.127,-0.188,-0.07,-0.212,-0.229,0.0,-0.215,-0.138,-0.212,0.016,0.08,0.071,-0.051,-0.031,-0.132,0.147,0.065,0.075,0.044,0.003,0.023,0.19,-0.085,0.039,-0.014,-0.03,-0.218,0.046,0.018,0.033,-0.025,0.085,0.06,-0.103,-0.032,0.001,-0.305,-0.341,-0.062,0.197,0.086,0.025,-0.096,0.318,0.014,0.118,0.029,0.054,-0.182,-0.112,-0.023,0.002,-0.151,-0.056,-0.09,-0.103,-0.039,0.36,-0.112,-0.093,0.292,-0.148,-0.277,-0.03,-0.072,-0.071,-0.288,-0.19,-0.08,0.043,0.143,-0.148,-0.107,-0.072,0.079,-0.1,-0.203,-0.039,0.197,-0.063,-0.081,-0.016,0.025,0.015,0.165,-0.157,-0.005,0.029,-0.156,-0.102,0.066,0.005,-0.124,-0.046,-0.065,0.009,-0.038,-0.02,-0.041,0.26,0.031,-0.021
ctx-lh-LH_region_29,,,,,,,,,,,,,,,,,,,,,,,,,,,,,,0.005,-0.224,0.022,0.289,-0.035,-0.148,0.038,0.15,0.11,0.074,0.221,0.185,-0.074,0.106,0.122,0.07,0.006,0.085,0.004,-0.001,0.062,0.104,0.109,-0.045,-0.158,-0.241,-0.113,-0.067,0.022,0.171,0.013,0.093,-0.195,0.058,0.199,-0.226,-0.05,0.205,0.13,0.226,-0.014,-0.092,0.022,-0.031,0.184,-0.114,-0.082,-0.105,0.031,0.027,-0.068,-0.164,0.141,0.011,-0.034,-0.011,0.176,0.057,-0.114,0.009,-0.354,-0.011,0.073,-0.264,-0.105,-0.196,-0.059,0.296,0.018,-0.048,-0.091,-0.191,-0.184,-0.009,-0.041,-0.101,-0.056,-0.121,-0.219,0.03,0.025,-0.006,-0.076,-0.07,-0.147,0.061,-0.009,0.108,-0.074,-0.264,-0.028,0.001,-0.138,0.014,-0.132,0.042,-0.004,-0.0,0.124,0.01,0.012
ctx-lh-LH_region_30,,,,,,,,,,,,,,,,,,,,,,,,,,,,,,,0.16,-0.245,-0.107,-0.476,-0.188,0.023,-0.148,-0.113,-0.138,-0.171,-0.231,-0.03,-0.13,-0.022,0.092,-0.24,-0.197,0.04,-0.185,0.046,0.057,-0.031,-0.184,-0.284,-0.125,0.072,0.142,0.137,-0.048,-0.187,-0.216,-0.337,-0.089,0.059,0.025,0.254,-0.082,0.141,0.087,0.16,0.022,0.188,-0.033,-0.104,0.07,-0.098,-0.137,-0.036,-0.188,0.225,-0.182,0.08,0.122,0.008,-0.147,-0.227,0.165,0.187,0.133,-0.21,-0.313,0.003,-0.271,-0.206,0.027,0.064,-0.056,-0.118,-0.042,-0.111,-0.182,-0.289,-0.103,-0.056,-0.007,0.004,-0.264,0.067,0.021,0.026,0.053,0.001,-0.061,-0.18,0.124,0.268,-0.1,-0.087,0.191,0.089,0.162,-0.039,0.093,-0.052,-0.138,-0.187,-0.394,0.086,0.048,-0.042
ctx-lh-LH_region_31,,,,,,,,,,,,,,,,,,,,,,,,,,,,,,,,-0.104,0.071,0.1,-0.028,0.042,0.293,-0.073,0.055,0.004,-0.252,0.018,-0.024,0.025,0.045,0.106,0.253,-0.023,-0.242,-0.151,0.151,0.215,0.016,0.033,-0.029,0.194,0.127,-0.002,0.087,-0.094,-0.189,-0.216,-0.018,-0.267,-0.214,-0.236,-0.235,-0.13,-0.235,-0.212,-0.127,0.151,-0.073,-0.061,0.058,0.163,-0.169,0.212,-0.064,-0.246,-0.037,0.008,-0.161,-0.248,0.075,-0.057,-0.114,0.11,-0.117,-0.178,-0.053,-0.054,-0.015,0.001,0.103,0.069,-0.103,0.065,-0.138,0.073,-0.153,-0.109,-0.015,0.163,0.163,-0.003,0.045,-0.064,-0.126,0.021,0.155,0.266,-0.069,0.096,0.101,0.09,-0.093,0.083,0.036,-0.051,-0.093,-0.266,-0.082,-0.02,0.231,-0.067,0.017,-0.143,0.026,0.033
ctx-lh-LH_region_32,,,,,,,,,,,,,,,,,,,,,,,,,,,,,,,,,-0.124,-0.012,0.171,0.14,0.245,0.217,0.131,0.162,0.165,-0.144,-0.28,0.193,-0.17,0.091,-0.064,0.028,0.152,-0.039,0.041,0.084,-0.073,-0.002,-0.013,-0.283,-0.323,0.021,-0.287,0.102,-0.2,0.188,0.111,0.034,-0.292,-0.113,-0.185,0.04,0.23,0.088,-0.256,-0.065,-0.301,0.174,0.256,-0.151,-0.112,-0.176,0.027,-0.183,-0.213,0.028,-0.28,0.017,-0.081,-0.091,0.043,-0.011,-0.132,-0.141,0.213,0.113,0.106,0.032,0.104,0.077,0.462,0.264,0.332,0.002,-0.015,-0.015,-0.235,0.058,0.015,-0.154,0.037,-0.062,0.09,0.047,0.109,-0.161,0.108,0.07,0.215,-0.114,-0.254,0.259,-0.296,-0.218,-0.069,-0.057,-0.201,0.125,0.288,0.179,0.075,-0.276,0.276,0.119
ctx-lh-LH_region_33,,,,,,,,,,,,,,,,,,,,,,,,,,,,,,,,,,-0.157,-0.182,-0.055,0.044,0.332,0.208,-0.047,0.271,-0.395,-0.204,0.011,-0.052,-0.187,-0.16,-0.096,0.248,-0.332,0.07,0.028,0.128,-0.327,0.126,-0.077,-0.097,0.025,-0.255,-0.239,0.021,0.072,0.223,0.195,-0.196,0.039,0.05,0.131,0.214,0.002,-0.2,-0.023,-0.078,-0.094,0.398,0.042,-0.067,-0.066,0.241,-0.144,-0.377,0.209,-0.078,-0.102,0.031,0.066,-0.184,0.273,-0.178,0.058,-0.067,0.322,-0.101,-0.094,-0.208,0.233,0.148,0.285,0.455,-0.095,-0.109,-0.077,-0.074,0.085,-0.308,-0.096,-0.016,-0.273,0.362,-0.218,0.054,0.269,-0.117,0.017,0.076,0.031,0.01,0.115,-0.134,-0.129,-0.335,-0.085,-0.284,0.248,-0.044,0.433,0.049,-0.035,0.298,0.185
ctx-lh-LH_region_34,,,,,,,,,,,,,,,,,,,,,,,,,,,,,,,,,,,0.118,0.188,0.501,0.399,0.008,-0.017,0.136,-0.306,-0.225,0.327,-0.171,0.028,-0.04,0.097,0.054,-0.171,0.115,0.111,-0.175,0.087,-0.04,-0.135,-0.066,0.128,-0.326,0.164,-0.153,0.369,-0.039,0.069,-0.188,-0.151,0.119,-0.098,0.167,-0.056,-0.16,0.032,-0.214,0.24,0.16,-0.173,-0.013,-0.148,-0.002,-0.122,-0.04,-0.025,-0.317,-0.254,-0.016,-0.214,0.038,-0.204,0.012,0.146,0.019,0.103,0.245,0.112,0.213,0.089,0.455,0.123,0.026,-0.019,-0.152,0.024,-0.229,-0.004,0.11,-0.13,0.08,0.191,-0.025,-0.156,0.121,-0.009,0.161,0.031,0.182,-0.163,-0.097,0.178,-0.218,-0.258,-0.052,0.247,-0.378,0.066,0.143,0.178,0.093,-0.229,0.131,0.143
ctx-lh-LH_region_35,,,,,,,,,,,,,,,,,,,,,,,,,,,,,,,,,,,,0.18,0.033,0.246,0.024,-0.165,-0.118,-0.327,-0.269,0.247,-0.072,0.286,-0.067,0.303,-0.089,-0.063,-0.011,0.103,-0.208,-0.175,-0.222,-0.084,-0.084,-0.018,-0.242,0.028,-0.313,0.185,0.07,-0.006,-0.132,-0.175,-0.188,-0.203,0.133,-0.174,-0.161,0.066,-0.318,0.223,0.15,0.047,-0.288,-0.064,-0.058,-0.107,-0.142,0.02,-0.132,-0.175,-0.107,-0.127,-0.047,-0.19,-0.068,-0.114,-0.06,0.026,0.179,0.058,0.122,0.089,0.04,0.234,0.184,-0.24,-0.181,-0.158,-0.279,0.112,0.278,-0.08,0.064,-0.011,-0.01,-0.105,0.111,-0.013,-0.036,-0.077,0.284,-0.115,-0.178,0.128,-0.014,-0.353,-0.085,0.156,-0.283,-0.101,0.182,0.16,0.133,-0.151,0.194,-0.111
ctx-lh-LH_region_36,,,,,,,,,,,,,,,,,,,,,,,,,,,,,,,,,,,,,0.466,0.191,-0.064,-0.034,-0.01,-0.142,-0.182,0.127,-0.095,0.11,0.254,-0.033,0.224,-0.123,0.16,0.072,0.026,0.171,0.138,-0.257,-0.078,-0.137,-0.262,0.098,-0.254,0.423,-0.017,-0.134,-0.2,0.085,-0.121,0.074,-0.142,-0.02,-0.166,0.136,-0.338,0.193,0.073,-0.076,-0.079,-0.082,-0.146,-0.107,-0.16,-0.082,-0.089,-0.131,0.072,-0.09,-0.046,0.041,-0.062,-0.152,0.083,-0.289,0.243,0.091,0.144,0.001,0.229,0.176,-0.064,0.063,-0.173,0.016,-0.16,0.086,0.211,-0.224,0.023,-0.074,0.174,-0.065,0.154,0.04,0.056,0.194,0.068,-0.15,-0.197,0.23,0.049,-0.207,-0.013,0.115,-0.184,0.047,0.147,0.126,0.102,-0.08,-0.025,0.158
ctx-lh-LH_region_37,,,,,,,,,,,,,,,,,,,,,,,,,,,,,,,,,,,,,,0.291,0.143,-0.067,0.346,-0.22,-0.214,0.207,-0.036,0.093,0.062,0.137,-0.034,-0.079,0.266,0.266,-0.035,0.071,0.191,-0.226,0.026,0.106,-0.282,0.111,-0.145,0.23,0.166,-0.013,-0.105,0.041,0.167,0.044,0.011,-0.055,-0.117,-0.143,-0.288,0.064,0.019,-0.059,0.109,0.016,0.072,0.1,0.095,-0.005,0.025,0.141,0.068,-0.09,0.02,-0.04,-0.034,0.146,0.235,-0.006,0.305,0.145,0.324,0.111,0.211,0.144,0.168,-0.027,-0.024,-0.115,-0.247,0.086,0.212,-0.089,0.186,0.094,-0.301,-0.057,0.161,-0.307,0.16,0.113,0.074,-0.232,0.078,0.056,-0.188,-0.12,0.061,0.044,-0.271,0.094,0.166,0.162,0.138,-0.099,0.226,0.194
ctx-lh-LH_region_38,,,,,,,,,,,,,,,,,,,,,,,,,,,,,,,,,,,,,,,0.176,-0.02,0.42,-0.19,-0.074,0.285,0.125,0.064,0.033,-0.054,0.142,-0.024,0.082,-0.005,0.114,0.22,0.065,-0.125,0.173,-0.12,-0.047,-0.038,0.143,0.396,-0.171,0.163,0.133,0.057,0.15,0.037,0.087,0.004,0.077,-0.204,-0.006,-0.024,0.117,-0.321,0.197,-0.007,0.015,-0.169,0.05,-0.156,0.021,-0.077,0.121,0.047,-0.237,-0.059,-0.099,-0.072,0.204,0.082,0.283,0.269,0.078,-0.095,0.041,0.119,0.014,0.132,0.053,0.148,-0.13,-0.06,0.191,-0.161,0.018,0.033,-0.017,-0.001,-0.035,-0.052,0.117,-0.034,-0.033,-0.185,0.266,-0.025,-0.199,-0.029,0.01,-0.069,-0.261,-0.019,0.016,0.204,0.129,0.068,0.143,0.166
ctx-lh-LH_region_39,,,,,,,,,,,,,,,,,,,,,,,,,,,,,,,,,,,,,,,,-0.121,0.21,-0.054,0.104,0.171,-0.075,0.131,-0.037,-0.161,0.213,-0.144,-0.094,0.011,0.326,0.04,0.061,-0.429,-0.051,-0.152,-0.24,-0.311,0.071,-0.052,-0.266,0.096,0.147,0.094,0.014,0.037,0.329,0.166,-0.068,-0.285,0.086,-0.026,0.216,-0.031,0.041,-0.089,0.15,-0.139,-0.137,-0.124,0.011,-0.132,-0.029,0.315,-0.2,0.06,-0.005,0.182,0.15,0.196,0.014,-0.006,0.067,0.019,0.228,0.245,0.153,0.153,0.169,0.206,0.116,-0.255,0.075,0.1,0.093,-0.173,0.202,0.026,-0.077,0.09,-0.143,-0.224,-0.144,-0.202,0.082,-0.051,-0.222,-0.141,-0.144,-0.093,-0.14,-0.131,-0.042,-0.116,0.067,0.145,0.255,0.155
ctx-lh-LH_region_40,,,,,,,,,,,,,,,,,,,,,,,,,,,,,,,,,,,,,,,,,0.087,-0.055,-0.119,0.112,-0.071,0.063,-0.101,-0.017,0.159,-0.022,-0.19,-0.115,0.019,-0.108,-0.031,-0.349,-0.076,0.112,0.042,-0.117,-0.012,0.127,0.019,0.1,0.228,0.15,0.078,0.143,0.208,0.138,-0.082,0.062,-0.229,0.207,-0.063,-0.076,-0.149,0.114,-0.111,0.057,-0.003,0.06,-0.004,-0.128,-0.059,-0.182,0.042,-0.29,0.067,0.075,0.056,-0.08,-0.097,-0.068,0.082,0.005,0.171,0.011,0.125,-0.233,0.019,-0.275,-0.307,-0.135,0.096,-0.173,-0.055,0.042,-0.013,0.057,0.007,-0.062,-0.121,-0.162,0.272,0.017,-0.021,0.077,-0.061,-0.084,0.027,0.023,-0.235,-0.234,0.292,0.087,-0.039,-0.12,0.075,-0.239
ctx-lh-LH_region_41,,,,,,,,,,,,,,,,,,,,,,,,,,,,,,,,,,,,,,,,,,-0.04,-0.334,0.084,-0.075,0.057,-0.159,-0.22,0.143,-0.15,0.23,0.331,-0.007,-0.146,-0.116,0.047,0.0,-0.042,-0.115,-0.101,-0.075,-0.096,0.136,0.208,0.167,-0.061,0.237,-0.113,0.279,-0.12,-0.291,-0.31,-0.221,0.056,0.177,0.229,0.279,0.054,0.245,0.1,-0.12,0.107,0.065,-0.037,-0.105,-0.023,-0.047,0.048,-0.305,-0.071,0.11,0.194,0.049,0.012,0.106,-0.045,0.209,0.312,0.349,0.098,0.138,0.218,-0.144,-0.069,0.096,0.006,0.103,-0.137,0.162,0.05,0.172,-0.039,-0.127,-0.131,-0.043,-0.023,0.023,0.101,-0.027,-0.123,0.129,-0.296,0.031,-0.117,0.09,-0.011,0.19,0.021,0.153,0.048
ctx-lh-LH_region_42,,,,,,,,,,,,,,,,,,,,,,,,,,,,,,,,,,,,,,,,,,,0.088,-0.048,0.083,-0.111,-0.173,-0.151,-0.101,-0.091,-0.284,0.183,0.158,-0.177,0.079,-0.067,-0.083,0.11,-0.05,-0.131,-0.158,0.009,0.22,-0.035,0.093,0.138,0.217,-0.086,0.066,0.159,-0.157,0.178,-0.036,-0.159,0.0,0.049,-0.191,-0.05,0.017,0.053,-0.038,0.016,-0.325,0.012,-0.079,0.083,0.218,-0.064,-0.032,0.073,-0.402,-0.02,-0.392,-0.22,-0.074,-0.049,-0.002,-0.122,0.126,-0.266,0.016,-0.095,-0.044,-0.02,-0.073,-0.271,-0.242,-0.172,-0.211,-0.17,0.159,0.085,-0.216,-0.057,0.169,0.119,-0.247,-0.025,0.029,-0.206,0.033,0.185,-0.075,-0.236,-0.006,0.022,0.095,-0.0,0.147,-0.283
ctx-lh-LH_region_43,,,,,,,,,,,,,,,,,,,,,,,,,,,,,,,,,,,,,,,,,,,,-0.146,0.037,-0.16,-0.117,-0.041,-0.292,0.129,-0.051,-0.034,-0.301,-0.045,0.043,0.155,-0.101,-0.143,0.184,-0.012,-0.146,-0.185,0.079,0.03,0.144,0.054,-0.002,0.036,0.061,0.039,-0.052,0.11,-0.139,0.057,-0.009,0.089,-0.08,-0.166,-0.009,-0.017,-0.078,-0.127,-0.118,-0.203,-0.086,-0.026,0.066,-0.147,0.23,0.067,-0.16,0.069,-0.198,-0.188,0.042,-0.053,-0.102,-0.046,0.082,0.061,-0.089,-0.299,-0.236,-0.056,-0.185,-0.107,-0.265,-0.087,-0.023,0.117,0.089,-0.09,0.056,-0.12,0.18,0.22,-0.175,0.019,0.094,-0.027,-0.036,-0.072,0.219,-0.144,-0.359,-0.155,0.019,0.12,-0.175,-0.262
ctx-lh-LH_region_44,,,,,,,,,,,,,,,,,,,,,,,,,,,,,,,,,,,,,,,,,,,,,-0.063,0.082,-0.099,0.009,-0.092,-0.224,0.23,0.21,-0.104,-0.045,0.076,-0.151,-0.087,-0.151,0.043,0.204,0.116,0.125,0.081,-0.013,-0.144,-0.271,-0.034,-0.116,0.145,-0.269,-0.232,-0.248,-0.213,0.2,0.181,0.095,0.226,0.056,0.12,-0.072,-0.045,-0.097,-0.015,-0.03,0.067,0.082,-0.102,-0.071,-0.035,-0.036,0.252,0.14,0.262,0.162,0.36,0.09,0.124,0.315,0.068,0.156,0.077,0.023,-0.133,-0.001,0.008,0.005,0.216,0.023,0.001,-0.09,0.14,0.102,0.166,0.139,-0.042,-0.023,-0.031,-0.069,-0.18,-0.118,-0.017,-0.158,0.067,0.064,0.007,0.174,0.239,-0.119,-0.066,0.392
ctx-lh-LH_region_45,,,,,,,,,,,,,,,,,,,,,,,,,,,,,,,,,,,,,,,,,,,,,,0.036,-0.204,0.06,-0.21,0.037,-0.06,-0.082,-0.072,-0.098,-0.177,-0.008,-0.022,0.197,0.198,-0.049,-0.03,-0.045,0.123,-0.171,0.176,-0.147,-0.009,0.205,-0.034,-0.07,0.036,-0.042,0.096,0.052,0.099,0.01,-0.033,-0.271,-0.043,0.019,-0.11,0.193,0.087,-0.168,0.121,0.197,-0.079,-0.034,0.199,-0.116,-0.108,-0.121,-0.235,-0.09,0.074,-0.063,0.073,0.091,0.056,0.029,-0.001,-0.151,0.089,-0.01,-0.125,0.21,0.248,0.072,-0.137,-0.032,-0.019,0.11,-0.006,-0.073,0.385,0.141,0.004,0.07,-0.219,-0.124,0.001,-0.002,-0.067,-0.004,-0.212,-0.18,-0.14,0.083,0.046,0.086
ctx-lh-LH_region_46,,,,,,,,,,,,,,,,,,,,,,,,,,,,,,,,,,,,,,,,,,,,,,,0.158,0.211,0.093,0.017,-0.014,0.058,-0.057,0.146,-0.053,-0.0,-0.089,-0.009,-0.105,-0.028,-0.073,0.074,0.236,0.057,-0.144,-0.267,-0.286,-0.205,-0.285,-0.161,-0.221,-0.037,-0.123,0.104,0.082,-0.041,-0.073,-0.032,-0.261,-0.046,-0.266,-0.066,-0.035,0.044,0.076,-0.163,-0.12,0.039,-0.101,-0.168,-0.009,-0.158,-0.096,0.034,-0.221,-0.102,0.181,0.156,0.111,0.123,-0.124,0.092,-0.084,0.028,-0.066,-0.173,0.31,0.098,0.249,0.217,0.007,0.042,0.087,0.045,0.39,-0.063,-0.017,0.054,-0.072,-0.219,-0.183,0.032,-0.053,0.014,0.268,0.118,0.028,-0.09,-0.179,0.083
ctx-lh-LH_region_47,,,,,,,,,,,,,,,,,,,,,,,,,,,,,,,,,,,,,,,,,,,,,,,,0.465,-0.317,0.235,0.036,0.122,-0.069,-0.175,-0.175,0.001,-0.08,0.124,-0.094,-0.173,-0.121,-0.002,0.093,-0.203,-0.228,-0.033,-0.073,-0.209,-0.2,0.151,0.129,0.217,0.035,0.222,-0.115,0.054,0.056,0.283,-0.321,0.338,0.052,0.082,-0.097,-0.075,-0.122,-0.162,0.176,-0.118,0.038,0.066,-0.009,-0.133,-0.01,-0.132,0.134,-0.197,0.09,0.095,-0.001,-0.113,-0.108,-0.118,-0.019,-0.125,0.163,0.122,0.201,0.424,-0.004,0.275,0.2,-0.124,-0.096,-0.063,-0.011,-0.105,-0.03,0.215,0.04,0.133,0.197,0.368,0.006,-0.036,0.127,-0.259,-0.121,0.157,-0.035,0.031
ctx-lh-LH_region_48,,,,,,,,,,,,,,,,,,,,,,,,,,,,,,,,,,,,,,,,,,,,,,,,,-0.091,0.066,0.109,0.134,-0.03,0.256,0.273,0.114,0.058,0.013,-0.083,-0.007,-0.039,0.4,0.111,-0.119,-0.187,0.07,-0.14,-0.067,-0.068,0.046,-0.094,0.159,-0.207,-0.033,-0.085,0.023,-0.182,-0.111,-0.087,-0.04,-0.034,-0.08,-0.188,-0.09,-0.024,-0.111,0.02,0.132,0.084,-0.082,0.016,-0.172,0.096,0.047,-0.021,-0.045,-0.098,-0.01,-0.104,0.03,-0.215,-0.015,0.013,0.072,0.303,-0.217,-0.004,-0.137,-0.064,0.177,0.171,0.134,0.015,0.176,0.165,0.009,-0.135,0.138,0.167,-0.2,-0.102,0.018,-0.064,0.112,0.103,0.009,0.06,-0.086,0.045,-0.22
ctx-lh-LH_region_49,,,,,,,,,,,,,,,,,,,,,,,,,,,,,,,,,,,,,,,,,,,,,,,,,,0.088,0.215,0.204,-0.101,-0.169,-0.367,0.036,0.118,-0.235,0.01,-0.189,-0.199,-0.209,0.034,0.413,0.044,0.124,0.205,-0.063,0.212,0.036,-0.069,-0.293,0.041,0.147,0.261,-0.137,0.046,-0.085,0.216,-0.045,-0.229,-0.222,-0.045,0.122,-0.11,0.007,0.014,-0.079,-0.135,-0.069,0.153,0.126,-0.131,-0.068,-0.016,-0.289,-0.023,0.11,0.362,-0.161,0.115,-0.003,-0.26,0.009,-0.013,-0.06,-0.055,-0.154,-0.015,0.053,-0.0,-0.011,0.019,-0.251,-0.164,0.019,0.037,-0.145,-0.24,0.15,0.112,-0.02,0.014,-0.209,-0.081,-0.309,-0.231,0.282,-0.06,0.154
ctx-lh-LH_region_50,,,,,,,,,,,,,,,,,,,,,,,,,,,,,,,,,,,,,,,,,,,,,,,,,,,0.148,-0.0,-0.201,-0.097,0.048,0.191,0.013,0.171,-0.096,-0.007,0.239,0.145,0.021,-0.209,-0.081,0.02,-0.017,-0.017,-0.075,0.063,0.104,0.251,0.076,0.078,-0.056,0.106,0.014,-0.165,-0.032,-0.084,-0.01,-0.089,-0.022,-0.211,-0.045,0.191,0.22,-0.001,0.088,0.004,0.058,-0.266,-0.052,-0.188,-0.021,-0.158,-0.056,0.081,-0.024,-0.0,-0.049,-0.04,0.145,0.131,0.067,0.128,0.124,0.168,0.12,0.092,0.108,0.157,-0.044,0.088,-0.074,0.006,-0.02,0.177,0.149,-0.046,0.014,0.047,0.173,0.025,0.191,0.287,-0.095,-0.19,-0.075,0.235
ctx-lh-LH_region_51,,,,,,,,,,,,,,,,,,,,,,,,,,,,,,,,,,,,,,,,,,,,,,,,,,,,0.124,0.083,0.034,0.108,-0.048,-0.054,0.041,-0.208,0.251,0.052,0.24,-0.193,-0.146,-0.168,-0.082,0.092,0.119,0.214,-0.033,-0.052,-0.143,-0.036,0.11,0.175,-0.392,0.035,-0.143,0.013,-0.125,-0.208,0.022,-0.144,-0.016,0.028,0.13,-0.064,0.013,-0.088,0.069,0.193,-0.014,0.233,0.042,0.202,-0.025,0.148,0.047,0.113,-0.04,-0.219,-0.033,0.005,-0.064,0.181,-0.115,-0.078,0.177,0.058,0.184,0.113,0.08,0.158,0.2,-0.075,-0.032,0.022,0.228,-0.173,-0.154,0.048,0.177,-0.234,0.186,-0.014,0.097,-0.082,-0.127,0.122,0.263
ctx-lh-LH_region_52,,,,,,,,,,,,,,,,,,,,,,,,,,,,,,,,,,,,,,,,,,,,,,,,,,,,,0.145,0.141,-0.014,0.02,0.103,0.104,-0.042,0.032,0.008,0.158,-0.174,0.029,0.043,-0.094,-0.032,0.125,0.032,0.128,0.123,0.015,0.092,0.125,-0.031,-0.134,0.217,-0.048,0.013,0.007,0.092,-0.043,-0.026,-0.064,0.197,0.028,-0.05,-0.014,-0.129,0.01,0.1,0.038,0.04,0.05,0.093,-0.102,-0.028,-0.009,-0.11,0.174,0.261,0.291,-0.016,0.082,-0.015,0.053,0.285,0.132,0.166,-0.038,0.036,0.145,0.167,0.157,-0.135,-0.042,0.197,0.302,-0.018,0.16,0.177,0.184,-0.029,-0.122,-0.005,0.092,-0.038,-0.081,0.002,0.458
ctx-lh-LH_region_53,,,,,,,,,,,,,,,,,,,,,,,,,,,,,,,,,,,,,,,,,,,,,,,,,,,,,,-0.067,-0.27,0.074,-0.176,-0.219,-0.067,-0.14,-0.174,-0.237,-0.043,0.283,0.094,0.005,-0.318,-0.013,-0.027,0.046,0.073,-0.019,0.04,0.054,0.034,-0.072,-0.067,-0.129,0.103,-0.078,-0.107,0.193,-0.005,-0.045,0.092,-0.287,-0.048,-0.307,-0.346,0.096,-0.016,0.033,-0.241,-0.095,-0.06,-0.258,0.082,0.11,0.195,0.013,-0.018,0.043,-0.359,-0.058,-0.114,0.057,0.104,-0.031,-0.166,-0.234,0.045,0.077,-0.076,-0.239,0.046,-0.022,-0.207,0.039,-0.099,0.012,0.052,0.064,0.02,-0.228,-0.204,-0.203,-0.05,-0.059,-0.208,0.011
ctx-lh-LH_region_54,,,,,,,,,,,,,,,,,,,,,,,,,,,,,,,,,,,,,,,,,,,,,,,,,,,,,,,-0.075,0.011,-0.08,0.206,-0.205,0.021,-0.314,0.172,0.067,-0.029,-0.096,-0.027,-0.099,-0.191,0.247,-0.069,-0.086,0.123,-0.159,-0.05,0.001,0.251,-0.033,-0.049,0.219,0.153,-0.046,0.082,-0.147,-0.144,-0.203,-0.133,0.147,-0.257,-0.109,0.206,-0.083,0.189,0.134,-0.008,0.181,-0.053,0.353,0.041,0.123,-0.028,-0.08,-0.064,-0.264,0.081,0.193,0.019,-0.14,0.167,-0.26,-0.077,0.17,0.149,-0.128,-0.058,0.122,-0.077,-0.092,0.095,0.15,-0.048,0.109,0.283,-0.027,-0.17,0.1,0.007,0.096,-0.063,0.188,-0.159
ctx-lh-LH_region_55,,,,,,,,,,,,,,,,,,,,,,,,,,,,,,,,,,,,,,,,,,,,,,,,,,,,,,,,-0.028,-0.171,-0.07,-0.214,0.112,-0.244,-0.31,-0.143,0.216,-0.096,-0.052,-0.054,-0.345,0.267,-0.023,0.093,0.371,-0.138,0.168,-0.054,0.107,0.031,-0.12,-0.06,0.047,-0.135,0.078,-0.154,-0.363,-0.019,-0.125,0.051,-0.206,-0.238,-0.194,-0.049,0.145,0.039,-0.186,0.305,0.118,0.292,0.041,0.004,-0.024,-0.012,-0.201,-0.245,0.223,0.029,0.042,-0.262,0.127,-0.244,-0.014,0.167,-0.215,-0.083,-0.217,-0.009,0.107,-0.083,-0.021,0.316,0.063,0.191,0.162,0.071,-0.189,-0.119,-0.253,0.086,0.041,0.133,-0.127
ctx-lh-LH_region_56,,,,,,,,,,,,,,,,,,,,,,,,,,,,,,,,,,,,,,,,,,,,,,,,,,,,,,,,,0.265,0.235,0.376,-0.027,0.138,-0.049,-0.154,-0.094,0.274,0.015,-0.04,-0.124,-0.033,0.094,0.157,-0.005,0.306,-0.011,-0.225,0.039,0.16,0.244,0.05,0.063,0.251,-0.025,0.229,-0.295,0.307,0.002,-0.172,0.004,0.102,0.123,-0.248,-0.34,-0.24,-0.12,-0.137,0.064,-0.259,-0.218,-0.233,-0.171,-0.191,-0.156,0.299,-0.012,-0.029,-0.012,0.383,0.113,-0.119,0.109,0.053,0.042,0.202,0.05,0.301,0.148,0.244,0.144,0.252,0.195,0.059,0.217,0.082,0.206,0.148,0.078,-0.065,0.096,-0.418,-0.097
ctx-lh-LH_region_57,,,,,,,,,,,,,,,,,,,,,,,,,,,,,,,,,,,,,,,,,,,,,,,,,,,,,,,,,,0.524,0.268,-0.137,-0.205,0.094,0.138,0.046,0.155,0.018,-0.055,-0.003,-0.09,-0.173,-0.159,0.058,0.075,0.09,-0.079,0.116,0.003,0.007,0.168,0.105,0.136,-0.026,0.266,-0.215,0.077,-0.093,-0.034,-0.123,-0.102,-0.006,-0.306,-0.468,-0.162,-0.294,-0.293,-0.006,-0.088,0.109,0.048,-0.004,-0.176,-0.207,-0.06,-0.046,-0.253,-0.344,0.055,-0.147,0.017,-0.106,-0.045,-0.077,0.11,0.052,-0.048,0.209,0.186,-0.183,0.257,0.021,0.074,-0.124,-0.096,-0.045,0.031,0.002,-0.039,-0.044,-0.114,-0.08
ctx-lh-LH_region_58,,,,,,,,,,,,,,,,,,,,,,,,,,,,,,,,,,,,,,,,,,,,,,,,,,,,,,,,,,,0.263,0.016,-0.159,0.014,0.012,-0.023,0.139,0.097,-0.099,-0.159,-0.077,-0.08,0.215,0.15,0.068,0.236,-0.321,0.258,0.045,0.332,0.16,0.063,0.114,0.167,0.101,-0.146,0.252,-0.255,-0.142,0.005,-0.126,-0.142,-0.056,0.142,0.071,-0.008,-0.036,0.092,-0.087,-0.04,-0.315,0.076,0.14,0.059,-0.084,0.162,0.04,-0.075,-0.015,0.106,-0.171,0.179,0.03,0.159,0.077,-0.063,-0.02,0.241,0.285,-0.023,0.453,0.052,0.197,-0.209,0.251,0.077,-0.001,-0.176,0.022,-0.149,-0.041,-0.183
ctx-lh-LH_region_59,,,,,,,,,,,,,,,,,,,,,,,,,,,,,,,,,,,,,,,,,,,,,,,,,,,,,,,,,,,,-0.237,-0.337,0.017,0.026,-0.029,0.199,0.374,-0.156,-0.162,-0.097,0.009,0.138,0.265,0.203,-0.039,-0.23,0.023,-0.143,-0.007,-0.003,0.005,0.062,-0.092,0.174,-0.042,0.155,0.095,0.048,0.079,0.028,0.082,-0.458,-0.376,-0.286,-0.367,-0.302,-0.044,-0.415,-0.128,-0.061,-0.052,-0.128,-0.146,0.272,0.102,-0.172,-0.195,0.029,-0.16,-0.025,-0.262,-0.08,-0.063,-0.181,-0.175,0.011,0.225,-0.012,-0.011,0.3,0.089,0.067,0.063,-0.077,-0.116,0.092,-0.26,-0.06,0.046,-0.177,-0.249
ctx-lh-LH_region_60,,,,,,,,,,,,,,,,,,,,,,,,,,,,,,,,,,,,,,,,,,,,,,,,,,,,,,,,,,,,,-0.084,0.065,0.172,-0.274,-0.08,-0.029,0.091,-0.205,0.134,-0.125,0.06,0.04,0.091,0.131,-0.063,0.003,-0.029,-0.197,0.075,-0.104,-0.147,-0.061,-0.025,0.007,-0.088,0.088,0.062,0.007,0.093,-0.026,0.027,-0.014,0.156,0.132,0.023,0.222,0.124,-0.079,0.029,-0.161,-0.092,-0.064,-0.118,0.212,0.076,0.132,0.055,0.042,-0.238,0.113,0.165,-0.066,0.053,0.213,-0.033,-0.044,-0.031,0.122,0.134,-0.052,0.199,0.271,0.155,-0.164,-0.078,0.046,0.088,-0.194,0.05,-0.179
ctx-lh-LH_region_61,,,,,,,,,,,,,,,,,,,,,,,,,,,,,,,,,,,,,,,,,,,,,,,,,,,,,,,,,,,,,,-0.22,-0.104,0.11,-0.185,-0.073,-0.276,0.021,0.079,0.29,0.274,0.445,0.002,-0.003,0.041,0.337,-0.099,-0.211,0.089,0.108,-0.137,0.108,-0.174,-0.146,0.061,-0.116,-0.015,-0.203,-0.229,-0.054,-0.225,-0.093,-0.043,-0.229,-0.093,-0.308,0.011,0.168,-0.011,-0.2,-0.338,-0.161,-0.27,0.16,0.086,0.168,0.029,0.013,-0.033,0.145,0.289,-0.228,-0.143,-0.335,-0.079,0.12,-0.077,0.07,0.151,0.063,0.082,0.208,0.143,-0.325,0.126,-0.119,-0.275,-0.084,0.214,0.199
ctx-lh-LH_region_62,,,,,,,,,,,,,,,,,,,,,,,,,,,,,,,,,,,,,,,,,,,,,,,,,,,,,,,,,,,,,,,0.284,-0.134,-0.292,-0.155,-0.117,-0.311,0.073,-0.056,-0.006,0.029,-0.214,0.348,0.002,0.158,0.222,0.055,-0.075,-0.034,0.051,-0.051,-0.026,-0.29,-0.313,-0.435,-0.12,-0.313,-0.121,-0.052,0.256,0.206,0.323,0.243,0.513,0.024,0.194,0.177,0.076,0.133,0.215,0.04,-0.334,0.054,0.328,0.246,-0.091,0.237,-0.225,0.124,0.169,-0.09,0.025,-0.042,0.081,-0.205,0.106,0.332,0.093,-0.014,0.168,0.065,-0.137,0.019,0.174,0.102,0.184,0.053,0.017,-0.061
ctx-lh-LH_region_63,,,,,,,,,,,,,,,,,,,,,,,,,,,,,,,,,,,,,,,,,,,,,,,,,,,,,,,,,,,,,,,,-0.175,0.098,-0.116,0.014,-0.112,0.016,0.014,0.243,0.254,0.18,0.029,-0.154,-0.129,-0.047,0.174,-0.064,-0.048,0.021,0.194,-0.01,-0.044,0.28,-0.227,-0.18,0.102,-0.052,-0.159,0.041,-0.144,0.004,0.047,-0.026,0.344,0.048,-0.171,-0.069,-0.027,0.123,0.194,0.191,0.109,0.209,0.008,0.339,0.077,0.268,0.112,-0.143,0.116,0.212,0.078,-0.153,-0.028,0.027,0.223,0.101,-0.0,0.092,0.152,-0.103,0.152,0.172,0.164,-0.294,-0.032,0.057,0.093
ctx-lh-LH_region_64,,,,,,,,,,,,,,,,,,,,,,,,,,,,,,,,,,,,,,,,,,,,,,,,,,,,,,,,,,,,,,,,,0.163,0.111,0.052,0.181,0.167,-0.02,-0.073,-0.247,-0.083,-0.028,0.07,0.201,0.161,0.143,0.142,-0.154,-0.16,-0.061,-0.008,-0.052,-0.184,0.151,-0.164,0.072,-0.13,-0.103,0.029,0.048,-0.128,-0.081,-0.1,-0.089,0.177,0.23,0.21,0.083,0.046,0.246,0.049,-0.193,-0.028,0.069,-0.061,-0.151,0.332,-0.028,-0.09,0.034,-0.203,-0.15,-0.27,-0.147,0.073,-0.232,-0.156,0.031,-0.033,-0.148,0.113,-0.304,-0.127,-0.09,0.033,0.146,0.322,0.153
ctx-lh-LH_region_65,,,,,,,,,,,,,,,,,,,,,,,,,,,,,,,,,,,,,,,,,,,,,,,,,,,,,,,,,,,,,,,,,,-0.259,-0.035,-0.106,0.183,-0.062,-0.131,0.241,0.002,0.018,-0.13,0.233,-0.054,-0.174,0.121,-0.096,0.041,-0.195,-0.257,-0.334,-0.098,0.042,-0.065,0.09,-0.078,-0.193,-0.348,-0.185,-0.328,-0.206,-0.237,-0.002,-0.005,0.002,0.012,0.093,-0.011,-0.198,0.088,-0.079,-0.347,0.062,0.008,-0.2,-0.089,-0.284,-0.096,0.233,-0.109,-0.107,0.211,0.444,-0.103,0.007,0.129,0.086,-0.073,-0.166,0.127,-0.215,-0.183,-0.197,0.291,0.233,-0.125,0.009
ctx-rh-RH_region_1,,,,,,,,,,,,,,,,,,,,,,,,,,,,,,,,,,,,,,,,,,,,,,,,,,,,,,,,,,,,,,,,,,,0.113,0.048,-0.084,0.024,-0.189,0.011,-0.242,0.064,0.069,0.212,0.26,-0.006,-0.24,-0.118,-0.123,0.046,0.097,0.205,-0.238,0.139,-0.005,0.093,0.034,-0.145,-0.13,0.088,-0.269,-0.082,-0.007,-0.024,0.142,-0.0,0.053,0.019,-0.107,-0.086,-0.077,0.153,-0.06,0.046,0.099,-0.013,0.13,0.096,0.084,-0.057,-0.11,-0.211,-0.272,0.079,0.035,0.05,-0.186,0.244,0.197,-0.231,0.222,-0.107,0.12,-0.056,-0.185,0.29,0.13,0.109
ctx-rh-RH_region_2,,,,,,,,,,,,,,,,,,,,,,,,,,,,,,,,,,,,,,,,,,,,,,,,,,,,,,,,,,,,,,,,,,,,0.222,-0.203,0.022,-0.08,-0.093,-0.174,0.113,-0.036,0.078,-0.019,-0.171,-0.26,-0.112,-0.119,-0.056,0.04,-0.093,-0.05,0.035,-0.013,0.14,-0.061,-0.013,-0.176,-0.04,-0.144,-0.127,-0.122,-0.111,0.026,0.071,0.032,-0.095,0.106,0.043,-0.019,0.042,-0.194,-0.146,-0.149,-0.059,0.412,0.063,0.036,-0.166,-0.213,0.031,0.117,-0.089,0.021,-0.035,0.149,-0.025,-0.06,-0.093,-0.095,-0.1,-0.045,-0.19,-0.188,-0.055,0.134,0.098
ctx-rh-RH_region_3,,,,,,,,,,,,,,,,,,,,,,,,,,,,,,,,,,,,,,,,,,,,,,,,,,,,,,,,,,,,,,,,,,,,,0.061,0.019,-0.15,-0.169,-0.009,0.196,0.104,-0.198,0.052,-0.178,0.067,-0.175,-0.154,-0.165,0.105,0.229,-0.035,0.186,0.08,0.085,-0.096,0.071,0.072,-0.075,-0.186,-0.239,0.046,-0.289,0.074,0.047,0.101,-0.124,-0.16,-0.057,-0.06,-0.011,-0.152,-0.105,-0.144,0.072,0.022,0.009,-0.058,-0.093,-0.345,-0.25,-0.19,-0.055,0.058,-0.208,-0.194,-0.123,0.16,-0.015,0.197,-0.137,-0.042,-0.332,-0.113,-0.054,-0.078,-0.022
ctx-rh-RH_region_4,,,,,,,,,,,,,,,,,,,,,,,,,,,,,,,,,,,,,,,,,,,,,,,,,,,,,,,,,,,,,,,,,,,,,,-0.056,-0.201,-0.313,-0.158,0.305,-0.109,0.129,0.315,-0.015,0.028,-0.177,-0.063,-0.244,0.041,0.075,0.174,0.114,-0.1,0.053,-0.249,-0.086,0.234,0.106,0.123,0.229,0.038,-0.073,0.089,0.257,0.005,0.067,0.154,0.213,-0.087,0.109,-0.113,0.151,0.192,0.037,0.2,-0.019,0.003,-0.273,0.14,0.131,0.115,-0.121,0.003,-0.219,-0.104,0.059,0.107,-0.075,0.241,0.246,-0.054,0.146,-0.037,0.16,-0.133,0.143
ctx-rh-RH_region_5,,,,,,,,,,,,,,,,,,,,,,,,,,,,,,,,,,,,,,,,,,,,,,,,,,,,,,,,,,,,,,,,,,,,,,,0.208,0.274,0.337,0.044,-0.123,0.11,0.072,-0.143,0.14,0.043,0.103,-0.02,0.169,0.109,0.095,0.327,0.133,-0.201,0.101,-0.076,0.07,-0.069,-0.184,-0.11,0.08,-0.163,-0.016,0.094,0.074,0.077,0.073,0.006,0.075,0.194,-0.109,0.101,0.208,0.201,0.075,0.07,0.039,0.07,0.069,0.127,-0.164,0.318,0.07,-0.151,0.045,0.246,-0.067,-0.071,0.202,-0.219,0.119,-0.072,-0.125,0.172,-0.183,0.278
ctx-rh-RH_region_6,,,,,,,,,,,,,,,,,,,,,,,,,,,,,,,,,,,,,,,,,,,,,,,,,,,,,,,,,,,,,,,,,,,,,,,,0.435,0.226,-0.12,-0.206,0.391,0.0,-0.029,0.078,0.182,0.185,-0.031,0.158,0.093,0.191,0.056,0.136,-0.082,0.039,-0.004,-0.236,-0.217,-0.122,-0.168,-0.051,-0.056,-0.21,0.096,0.006,0.022,-0.32,-0.284,0.023,0.273,-0.173,-0.179,-0.014,0.081,0.006,0.137,0.182,0.211,-0.029,0.112,0.003,0.322,-0.207,-0.192,0.251,0.115,-0.01,0.077,0.28,-0.006,0.118,-0.136,-0.014,0.195,-0.134,-0.046
ctx-rh-RH_region_7,,,,,,,,,,,,,,,,,,,,,,,,,,,,,,,,,,,,,,,,,,,,,,,,,,,,,,,,,,,,,,,,,,,,,,,,,0.413,-0.113,-0.259,0.103,0.155,0.12,0.005,0.115,0.366,0.024,0.198,-0.302,0.312,-0.097,0.011,0.044,0.199,0.127,-0.035,-0.218,-0.215,0.072,0.165,0.164,-0.228,-0.212,-0.226,0.014,0.128,-0.062,0.139,0.042,-0.002,0.015,0.357,0.352,-0.232,0.089,-0.016,0.056,0.2,0.232,-0.038,0.297,0.389,-0.209,0.101,0.241,-0.001,0.117,0.24,0.092,0.2,0.026,-0.044,0.218,-0.211,0.14
ctx-rh-RH_region_8,,,,,,,,,,,,,,,,,,,,,,,,,,,,,,,,,,,,,,,,,,,,,,,,,,,,,,,,,,,,,,,,,,,,,,,,,,0.009,-0.035,0.255,0.112,0.018,-0.088,0.254,0.164,-0.061,0.151,-0.166,-0.084,0.03,0.067,-0.211,0.281,0.043,-0.303,-0.237,-0.28,-0.126,-0.088,-0.155,-0.13,-0.103,-0.048,-0.126,0.003,-0.22,0.098,0.222,-0.091,0.133,0.088,0.088,0.219,0.111,0.143,0.272,0.077,-0.019,0.081,0.113,0.102,-0.271,0.241,0.269,-0.04,0.022,0.213,-0.026,-0.018,-0.06,-0.097,0.277,-0.026,0.154
ctx-rh-RH_region_9,,,,,,,,,,,,,,,,,,,,,,,,,,,,,,,,,,,,,,,,,,,,,,,,,,,,,,,,,,,,,,,,,,,,,,,,,,,-0.117,-0.027,0.073,0.112,0.241,0.006,0.106,0.004,-0.029,0.152,0.008,0.251,-0.095,0.029,0.132,0.025,0.198,0.066,0.305,0.192,0.116,0.207,0.275,-0.129,0.046,0.081,0.011,-0.002,-0.031,0.098,0.189,0.076,-0.126,-0.119,0.121,-0.04,0.024,-0.168,0.143,0.186,-0.063,-0.045,0.02,0.109,-0.032,0.01,-0.001,-0.13,-0.135,0.157,0.242,0.31,0.22,-0.195,0.458,-0.081
ctx-rh-RH_region_10,,,,,,,,,,,,,,,,,,,,,,,,,,,,,,,,,,,,,,,,,,,,,,,,,,,,,,,,,,,,,,,,,,,,,,,,,,,,-0.187,-0.123,-0.067,-0.144,-0.11,-0.13,0.01,0.016,-0.071,-0.2,0.177,-0.201,0.188,-0.084,-0.043,0.216,0.042,0.294,0.094,0.017,-0.146,-0.078,0.291,0.007,-0.103,0.134,0.23,0.198,-0.029,0.039,0.016,0.025,-0.089,0.206,-0.125,-0.098,0.09,-0.151,0.051,-0.227,-0.463,-0.126,0.061,-0.146,-0.119,0.018,0.002,-0.071,-0.121,-0.245,0.03,0.03,0.101,0.093,0.09
ctx-rh-RH_region_11,,,,,,,,,,,,,,,,,,,,,,,,,,,,,,,,,,,,,,,,,,,,,,,,,,,,,,,,,,,,,,,,,,,,,,,,,,,,,0.349,0.198,0.178,0.125,0.243,-0.014,0.236,-0.275,0.2,-0.208,0.271,-0.125,0.219,0.291,-0.178,-0.163,-0.178,0.09,0.015,0.123,-0.177,-0.386,-0.093,0.027,0.041,0.139,-0.004,0.038,0.073,0.082,0.324,0.158,-0.15,0.15,-0.207,-0.1,0.108,-0.024,0.123,0.287,0.568,-0.091,0.321,0.279,0.23,0.205,-0.035,0.09,0.024,-0.03,-0.055,0.262,-0.051,-0.027
ctx-rh-RH_region_12,,,,,,,,,,,,,,,,,,,,,,,,,,,,,,,,,,,,,,,,,,,,,,,,,,,,,,,,,,,,,,,,,,,,,,,,,,,,,,0.213,0.396,0.089,0.099,0.113,0.047,-0.086,0.12,-0.005,0.291,-0.137,0.045,-0.164,-0.287,-0.121,0.033,-0.186,-0.088,0.001,-0.175,0.119,0.252,-0.011,-0.073,0.02,-0.044,0.321,0.067,-0.071,0.069,-0.02,0.104,-0.052,0.174,-0.01,-0.035,-0.123,0.138,0.21,0.216,-0.106,0.333,-0.137,-0.06,-0.008,-0.201,0.175,0.019,-0.044,0.093,-0.113,0.077,-0.055
ctx-rh-RH_region_13,,,,,,,,,,,,,,,,,,,,,,,,,,,,,,,,,,,,,,,,,,,,,,,,,,,,,,,,,,,,,,,,,,,,,,,,,,,,,,,0.056,0.289,0.01,0.04,0.151,-0.014,-0.088,-0.053,0.259,-0.038,-0.045,0.202,-0.224,-0.298,-0.177,-0.045,-0.177,-0.034,-0.13,0.067,0.037,-0.044,-0.233,-0.119,-0.062,0.066,-0.076,-0.055,0.18,-0.113,0.005,-0.041,0.047,-0.117,-0.036,0.031,-0.049,0.275,0.17,0.033,0.143,0.173,0.048,0.222,0.039,0.143,0.158,-0.085,-0.032,0.085,-0.056,-0.047
ctx-rh-RH_region_14,,,,,,,,,,,,,,,,,,,,,,,,,,,,,,,,,,,,,,,,,,,,,,,,,,,,,,,,,,,,,,,,,,,,,,,,,,,,,,,,-0.114,-0.103,-0.111,0.143,-0.284,-0.177,0.131,-0.252,-0.016,-0.212,0.118,0.028,0.035,0.038,0.033,-0.034,-0.206,-0.002,0.148,-0.022,-0.023,0.128,0.15,-0.109,0.194,-0.068,0.008,0.209,-0.023,0.189,-0.105,0.007,0.192,0.034,-0.088,-0.133,-0.372,0.173,0.042,0.051,0.152,0.26,0.071,-0.08,-0.021,-0.023,-0.045,-0.174,0.333,0.352,0.138
ctx-rh-RH_region_15,,,,,,,,,,,,,,,,,,,,,,,,,,,,,,,,,,,,,,,,,,,,,,,,,,,,,,,,,,,,,,,,,,,,,,,,,,,,,,,,,0.217,0.044,0.012,0.128,0.124,-0.098,-0.01,0.095,-0.066,-0.121,-0.082,0.007,-0.08,0.182,-0.029,0.249,-0.203,-0.213,-0.206,0.154,-0.064,0.104,-0.069,0.17,0.257,-0.044,0.15,0.067,0.001,0.032,-0.055,0.061,0.165,-0.025,-0.182,0.16,0.2,-0.035,0.208,0.233,0.212,-0.114,0.13,0.258,0.203,0.008,-0.088,0.064,-0.138,-0.166
ctx-rh-RH_region_16,,,,,,,,,,,,,,,,,,,,,,,,,,,,,,,,,,,,,,,,,,,,,,,,,,,,,,,,,,,,,,,,,,,,,,,,,,,,,,,,,,-0.092,0.091,-0.223,0.036,-0.1,0.122,0.101,-0.003,0.13,-0.266,-0.159,-0.145,-0.157,-0.066,0.19,-0.223,0.034,-0.014,0.111,-0.106,-0.175,0.153,0.019,-0.014,-0.198,0.016,0.099,-0.19,-0.179,0.157,-0.081,-0.098,0.074,-0.21,0.191,0.237,0.145,0.305,0.213,0.268,0.24,-0.07,-0.153,-0.031,-0.26,-0.078,-0.025,-0.079,0.078
ctx-rh-RH_region_17,,,,,,,,,,,,,,,,,,,,,,,,,,,,,,,,,,,,,,,,,,,,,,,,,,,,,,,,,,,,,,,,,,,,,,,,,,,,,,,,,,,-0.022,0.205,0.169,-0.189,0.116,0.057,0.183,-0.035,-0.04,-0.103,-0.06,0.069,-0.043,0.286,-0.022,0.055,0.035,0.059,0.017,-0.16,-0.188,0.138,0.004,-0.067,-0.037,0.027,0.045,-0.112,0.232,-0.073,0.11,0.069,0.249,0.16,-0.106,0.135,-0.051,-0.07,-0.026,-0.04,-0.09,0.116,0.072,-0.101,0.173,-0.053,0.015,0.039
ctx-rh-RH_region_18,,,,,,,,,,,,,,,,,,,,,,,,,,,,,,,,,,,,,,,,,,,,,,,,,,,,,,,,,,,,,,,,,,,,,,,,,,,,,,,,,,,,-0.073,0.014,-0.164,0.182,-0.141,0.2,-0.036,-0.237,0.002,-0.21,-0.021,-0.159,0.074,-0.153,-0.009,0.175,0.146,-0.297,-0.213,-0.029,0.202,-0.034,-0.15,-0.138,-0.082,0.203,-0.032,0.085,0.288,-0.012,-0.334,0.048,0.282,0.194,-0.324,0.22,0.113,-0.075,-0.174,-0.079,0.165,-0.021,-0.163,0.146,0.075,0.058,-0.054
ctx-rh-RH_region_19,,,,,,,,,,,,,,,,,,,,,,,,,,,,,,,,,,,,,,,,,,,,,,,,,,,,,,,,,,,,,,,,,,,,,,,,,,,,,,,,,,,,,-0.114,-0.008,0.019,0.162,0.08,-0.079,0.154,-0.183,-0.274,0.041,-0.101,0.022,0.114,-0.138,-0.043,-0.02,0.045,-0.031,-0.187,-0.0,0.055,0.061,-0.017,-0.113,0.109,-0.151,-0.064,0.075,-0.117,-0.015,-0.191,-0.018,0.223,0.061,-0.227,-0.05,0.19,0.022,-0.181,-0.155,0.043,-0.204,-0.304,-0.111,-0.046,-0.013
ctx-rh-RH_region_20,,,,,,,,,,,,,,,,,,,,,,,,,,,,,,,,,,,,,,,,,,,,,,,,,,,,,,,,,,,,,,,,,,,,,,,,,,,,,,,,,,,,,,0.006,0.224,-0.088,0.227,0.135,-0.168,0.038,-0.134,-0.072,0.034,0.087,0.076,-0.023,-0.143,-0.133,-0.049,-0.268,-0.032,0.487,-0.043,0.251,-0.018,0.195,-0.048,-0.004,0.163,0.221,-0.115,-0.101,0.073,0.262,0.031,-0.061,0.199,0.198,0.058,-0.036,0.078,0.041,0.064,-0.072,0.078,0.193,-0.027,-0.033
ctx-rh-RH_region_21,,,,,,,,,,,,,,,,,,,,,,,,,,,,,,,,,,,,,,,,,,,,,,,,,,,,,,,,,,,,,,,,,,,,,,,,,,,,,,,,,,,,,,,-0.112,-0.119,-0.187,-0.153,-0.017,0.034,-0.345,-0.145,0.003,-0.085,0.075,-0.093,0.099,0.081,-0.164,-0.314,-0.101,0.188,0.012,-0.07,-0.163,-0.089,0.282,0.187,0.289,-0.077,-0.068,-0.228,0.07,-0.157,-0.043,0.061,-0.192,0.088,0.055,-0.282,0.309,0.01,-0.259,-0.279,-0.268,0.073,0.017,0.155
ctx-rh-RH_region_22,,,,,,,,,,,,,,,,,,,,,,,,,,,,,,,,,,,,,,,,,,,,,,,,,,,,,,,,,,,,,,,,,,,,,,,,,,,,,,,,,,,,,,,,0.126,0.0,0.012,0.075,0.07,-0.038,0.135,0.008,0.12,0.065,-0.231,-0.185,0.141,-0.005,0.095,-0.089,0.214,0.277,0.247,0.223,0.075,0.049,0.203,0.053,-0.197,0.123,0.053,-0.088,-0.051,0.227,0.163,0.112,0.303,0.119,-0.124,0.177,0.066,0.241,-0.005,-0.166,0.14,0.051,-0.035
ctx-rh-RH_region_23,,,,,,,,,,,,,,,,,,,,,,,,,,,,,,,,,,,,,,,,,,,,,,,,,,,,,,,,,,,,,,,,,,,,,,,,,,,,,,,,,,,,,,,,,0.024,-0.027,-0.029,0.083,-0.324,-0.034,0.158,-0.254,0.046,-0.086,0.205,-0.048,-0.156,-0.173,-0.33,0.013,-0.03,-0.023,-0.166,0.012,-0.004,0.154,0.089,-0.364,-0.007,-0.296,0.164,0.129,-0.247,-0.228,-0.15,-0.095,-0.147,-0.232,0.007,-0.1,-0.039,-0.018,-0.211,0.049,0.117,-0.118
ctx-rh-RH_region_24,,,,,,,,,,,,,,,,,,,,,,,,,,,,,,,,,,,,,,,,,,,,,,,,,,,,,,,,,,,,,,,,,,,,,,,,,,,,,,,,,,,,,,,,,,0.023,-0.018,0.17,0.038,-0.026,0.038,0.16,0.094,-0.038,-0.073,0.271,-0.131,-0.067,0.058,0.148,0.035,0.223,0.032,0.122,-0.09,0.176,0.03,-0.132,0.099,-0.016,0.076,-0.038,-0.085,-0.041,0.205,0.101,0.054,-0.084,0.084,-0.034,0.148,-0.112,-0.007,0.262,-0.056,-0.175
ctx-rh-RH_region_25,,,,,,,,,,,,,,,,,,,,,,,,,,,,,,,,,,,,,,,,,,,,,,,,,,,,,,,,,,,,,,,,,,,,,,,,,,,,,,,,,,,,,,,,,,,-0.083,-0.046,-0.002,0.04,0.112,0.035,0.118,0.018,0.056,0.098,-0.038,0.145,-0.072,0.064,0.06,0.067,0.039,0.155,0.01,-0.011,0.166,0.174,0.203,0.004,-0.031,0.284,0.005,0.087,0.191,0.098,-0.12,-0.03,0.13,-0.119,0.066,-0.191,0.179,-0.148,0.119,-0.043
ctx-rh-RH_region_26,,,,,,,,,,,,,,,,,,,,,,,,,,,,,,,,,,,,,,,,,,,,,,,,,,,,,,,,,,,,,,,,,,,,,,,,,,,,,,,,,,,,,,,,,,,,-0.03,0.098,-0.106,0.033,0.024,0.225,0.22,0.243,-0.294,-0.27,-0.199,-0.149,0.057,0.07,-0.056,-0.135,-0.082,0.332,0.113,0.185,-0.208,0.046,0.098,0.177,-0.109,-0.301,0.248,-0.281,-0.294,-0.046,0.147,-0.059,0.123,0.125,0.168,-0.028,-0.282,0.288,0.184
ctx-rh-RH_region_27,,,,,,,,,,,,,,,,,,,,,,,,,,,,,,,,,,,,,,,,,,,,,,,,,,,,,,,,,,,,,,,,,,,,,,,,,,,,,,,,,,,,,,,,,,,,,0.15,0.149,-0.226,0.079,-0.12,0.159,0.213,0.097,0.061,0.057,0.133,0.121,-0.242,-0.195,0.08,-0.287,0.215,-0.119,-0.086,-0.031,0.086,-0.12,-0.304,-0.197,-0.233,-0.113,-0.16,-0.338,-0.012,-0.082,-0.284,0.262,0.024,0.23,0.056,-0.09,0.085,0.091
ctx-rh-RH_region_28,,,,,,,,,,,,,,,,,,,,,,,,,,,,,,,,,,,,,,,,,,,,,,,,,,,,,,,,,,,,,,,,,,,,,,,,,,,,,,,,,,,,,,,,,,,,,,0.199,0.32,0.325,0.24,0.052,0.069,0.105,-0.157,-0.005,-0.219,-0.086,0.088,-0.072,0.081,0.176,-0.194,-0.055,0.113,-0.158,0.165,-0.039,-0.033,-0.085,-0.031,0.189,-0.327,-0.225,-0.033,0.147,-0.103,0.035,-0.001,0.1,0.13,-0.16,0.093,0.263
ctx-rh-RH_region_29,,,,,,,,,,,,,,,,,,,,,,,,,,,,,,,,,,,,,,,,,,,,,,,,,,,,,,,,,,,,,,,,,,,,,,,,,,,,,,,,,,,,,,,,,,,,,,,-0.055,0.153,0.173,0.179,0.242,-0.065,-0.151,0.003,-0.116,0.172,0.147,0.008,0.106,-0.005,0.208,-0.169,0.125,-0.173,0.12,-0.015,-0.018,-0.113,-0.098,0.122,-0.115,-0.255,-0.046,0.138,-0.349,0.113,0.1,0.25,0.065,-0.128,0.177,-0.123
ctx-rh-RH_region_30,,,,,,,,,,,,,,,,,,,,,,,,,,,,,,,,,,,,,,,,,,,,,,,,,,,,,,,,,,,,,,,,,,,,,,,,,,,,,,,,,,,,,,,,,,,,,,,,0.066,0.022,0.07,0.028,0.016,-0.105,0.283,0.001,0.125,0.175,-0.112,-0.11,-0.073,0.08,-0.08,0.146,-0.095,0.186,0.227,0.047,-0.107,-0.185,0.322,-0.002,-0.109,-0.109,0.28,-0.237,0.278,-0.099,0.152,0.113,-0.155,-0.102,0.1
ctx-rh-RH_region_31,,,,,,,,,,,,,,,,,,,,,,,,,,,,,,,,,,,,,,,,,,,,,,,,,,,,,,,,,,,,,,,,,,,,,,,,,,,,,,,,,,,,,,,,,,,,,,,,,0.058,-0.022,0.027,0.268,-0.01,-0.073,-0.155,0.203,-0.033,0.093,-0.153,0.0,-0.164,-0.285,-0.036,-0.053,0.105,-0.23,0.462,-0.056,-0.247,-0.088,0.206,-0.002,-0.107,-0.005,-0.077,0.167,-0.065,0.122,0.155,-0.056,0.121,-0.108
ctx-rh-RH_region_32,,,,,,,,,,,,,,,,,,,,,,,,,,,,,,,,,,,,,,,,,,,,,,,,,,,,,,,,,,,,,,,,,,,,,,,,,,,,,,,,,,,,,,,,,,,,,,,,,,0.057,0.35,0.111,0.021,0.029,-0.119,0.002,0.065,-0.086,-0.075,-0.192,-0.183,0.008,-0.104,-0.338,0.19,0.162,-0.12,-0.21,-0.109,0.01,-0.14,-0.238,-0.191,-0.259,-0.344,-0.01,0.104,0.059,0.121,-0.195,0.245,-0.053
ctx-rh-RH_region_33,,,,,,,,,,,,,,,,,,,,,,,,,,,,,,,,,,,,,,,,,,,,,,,,,,,,,,,,,,,,,,,,,,,,,,,,,,,,,,,,,,,,,,,,,,,,,,,,,,,0.199,0.12,0.071,0.146,-0.11,-0.138,0.237,-0.065,0.087,-0.013,-0.019,-0.032,-0.073,-0.082,-0.025,-0.104,-0.164,-0.143,0.235,-0.108,-0.3,-0.054,-0.022,-0.025,-0.267,-0.057,-0.046,-0.009,-0.073,0.077,0.326,0.271
ctx-rh-RH_region_34,,,,,,,,,,,,,,,,,,,,,,,,,,,,,,,,,,,,,,,,,,,,,,,,,,,,,,,,,,,,,,,,,,,,,,,,,,,,,,,,,,,,,,,,,,,,,,,,,,,,0.081,0.159,0.374,0.064,-0.053,0.184,0.153,0.222,-0.06,0.405,-0.119,-0.194,0.108,-0.101,-0.133,-0.254,-0.375,0.073,-0.057,-0.117,0.014,0.05,-0.14,-0.193,-0.21,0.122,0.065,0.032,0.039,0.347,0.056
ctx-rh-RH_region_35,,,,,,,,,,,,,,,,,,,,,,,,,,,,,,,,,,,,,,,,,,,,,,,,,,,,,,,,,,,,,,,,,,,,,,,,,,,,,,,,,,,,,,,,,,,,,,,,,,,,,-0.222,-0.061,0.103,0.076,-0.049,-0.028,-0.006,0.039,-0.113,-0.16,-0.13,-0.14,-0.161,-0.234,0.176,-0.103,-0.087,-0.039,-0.1,-0.209,-0.095,0.043,-0.477,-0.075,0.174,0.16,0.147,0.027,0.158,-0.163
ctx-rh-RH_region_36,,,,,,,,,,,,,,,,,,,,,,,,,,,,,,,,,,,,,,,,,,,,,,,,,,,,,,,,,,,,,,,,,,,,,,,,,,,,,,,,,,,,,,,,,,,,,,,,,,,,,,-0.187,-0.149,0.058,-0.053,-0.171,-0.287,-0.378,0.182,-0.173,0.209,-0.223,-0.091,0.021,0.107,0.06,-0.322,-0.069,-0.135,-0.188,-0.072,-0.023,0.009,-0.1,-0.02,0.211,0.084,-0.231,0.373,-0.067
ctx-rh-RH_region_37,,,,,,,,,,,,,,,,,,,,,,,,,,,,,,,,,,,,,,,,,,,,,,,,,,,,,,,,,,,,,,,,,,,,,,,,,,,,,,,,,,,,,,,,,,,,,,,,,,,,,,,-0.339,0.011,0.018,-0.042,-0.174,-0.139,-0.002,0.053,0.205,0.122,-0.171,-0.175,0.137,-0.04,-0.276,0.004,-0.153,-0.126,0.082,-0.041,-0.038,-0.402,-0.019,0.032,0.236,0.066,0.297,-0.153
ctx-rh-RH_region_38,,,,,,,,,,,,,,,,,,,,,,,,,,,,,,,,,,,,,,,,,,,,,,,,,,,,,,,,,,,,,,,,,,,,,,,,,,,,,,,,,,,,,,,,,,,,,,,,,,,,,,,,0.077,-0.127,-0.139,-0.155,-0.043,-0.087,0.263,0.075,-0.015,-0.032,-0.158,0.254,0.014,-0.073,0.021,0.054,0.085,-0.115,-0.246,0.102,-0.041,-0.208,-0.151,-0.062,0.097,-0.164,-0.152
ctx-rh-RH_region_39,,,,,,,,,,,,,,,,,,,,,,,,,,,,,,,,,,,,,,,,,,,,,,,,,,,,,,,,,,,,,,,,,,,,,,,,,,,,,,,,,,,,,,,,,,,,,,,,,,,,,,,,,0.073,0.028,0.167,0.198,-0.063,0.172,0.077,0.113,0.216,0.13,0.213,0.244,0.253,-0.127,0.062,0.316,0.036,0.171,0.195,-0.009,0.112,0.001,0.102,0.258,-0.021,0.285
ctx-rh-RH_region_40,,,,,,,,,,,,,,,,,,,,,,,,,,,,,,,,,,,,,,,,,,,,,,,,,,,,,,,,,,,,,,,,,,,,,,,,,,,,,,,,,,,,,,,,,,,,,,,,,,,,,,,,,,-0.087,0.301,0.295,0.15,0.172,0.214,-0.123,0.084,0.229,0.131,0.04,-0.041,0.147,0.045,-0.111,-0.04,0.134,0.132,0.18,0.216,0.175,-0.01,-0.121,-0.022,0.137
ctx-rh-RH_region_41,,,,,,,,,,,,,,,,,,,,,,,,,,,,,,,,,,,,,,,,,,,,,,,,,,,,,,,,,,,,,,,,,,,,,,,,,,,,,,,,,,,,,,,,,,,,,,,,,,,,,,,,,,,-0.074,-0.117,-0.015,0.167,0.157,0.111,0.249,0.193,0.122,0.132,-0.034,0.292,0.026,-0.291,-0.223,0.069,0.106,-0.005,0.156,0.107,-0.072,0.007,0.014,-0.159
ctx-rh-RH_region_42,,,,,,,,,,,,,,,,,,,,,,,,,,,,,,,,,,,,,,,,,,,,,,,,,,,,,,,,,,,,,,,,,,,,,,,,,,,,,,,,,,,,,,,,,,,,,,,,,,,,,,,,,,,,0.079,0.118,0.103,0.356,0.16,-0.084,-0.134,-0.047,0.101,-0.049,-0.064,0.146,-0.011,-0.073,0.205,-0.066,-0.047,-0.208,0.07,0.037,-0.022,-0.156,-0.132
ctx-rh-RH_region_43,,,,,,,,,,,,,,,,,,,,,,,,,,,,,,,,,,,,,,,,,,,,,,,,,,,,,,,,,,,,,,,,,,,,,,,,,,,,,,,,,,,,,,,,,,,,,,,,,,,,,,,,,,,,,-0.11,0.327,0.336,-0.01,0.045,0.253,0.185,0.003,-0.085,0.049,0.241,-0.177,0.062,0.375,0.03,0.032,0.082,-0.159,-0.065,-0.098,-0.029,-0.124
ctx-rh-RH_region_44,,,,,,,,,,,,,,,,,,,,,,,,,,,,,,,,,,,,,,,,,,,,,,,,,,,,,,,,,,,,,,,,,,,,,,,,,,,,,,,,,,,,,,,,,,,,,,,,,,,,,,,,,,,,,,0.088,-0.168,-0.013,-0.047,-0.101,-0.251,-0.004,0.15,-0.056,-0.219,0.129,0.127,-0.204,0.031,-0.158,0.038,-0.242,-0.087,0.403,0.111,0.215
ctx-rh-RH_region_45,,,,,,,,,,,,,,,,,,,,,,,,,,,,,,,,,,,,,,,,,,,,,,,,,,,,,,,,,,,,,,,,,,,,,,,,,,,,,,,,,,,,,,,,,,,,,,,,,,,,,,,,,,,,,,,0.141,-0.07,-0.142,0.211,-0.263,-0.034,-0.003,0.003,0.092,-0.092,0.056,0.187,0.258,0.04,0.22,0.164,-0.163,-0.065,-0.087,0.077
ctx-rh-RH_region_46,,,,,,,,,,,,,,,,,,,,,,,,,,,,,,,,,,,,,,,,,,,,,,,,,,,,,,,,,,,,,,,,,,,,,,,,,,,,,,,,,,,,,,,,,,,,,,,,,,,,,,,,,,,,,,,,-0.026,0.204,0.348,0.02,0.01,0.39,0.385,0.054,0.193,0.188,0.293,-0.068,0.02,0.23,0.007,-0.07,-0.018,-0.119,0.343
ctx-rh-RH_region_47,,,,,,,,,,,,,,,,,,,,,,,,,,,,,,,,,,,,,,,,,,,,,,,,,,,,,,,,,,,,,,,,,,,,,,,,,,,,,,,,,,,,,,,,,,,,,,,,,,,,,,,,,,,,,,,,,0.082,-0.152,-0.115,0.081,-0.23,-0.091,0.005,0.097,0.055,0.08,-0.0,-0.217,-0.025,-0.158,-0.222,0.264,-0.11,-0.023
ctx-rh-RH_region_48,,,,,,,,,,,,,,,,,,,,,,,,,,,,,,,,,,,,,,,,,,,,,,,,,,,,,,,,,,,,,,,,,,,,,,,,,,,,,,,,,,,,,,,,,,,,,,,,,,,,,,,,,,,,,,,,,,0.048,-0.168,0.075,-0.044,0.079,0.093,-0.121,0.092,0.047,0.001,-0.047,0.127,0.228,0.126,-0.125,0.148,-0.066
ctx-rh-RH_region_49,,,,,,,,,,,,,,,,,,,,,,,,,,,,,,,,,,,,,,,,,,,,,,,,,,,,,,,,,,,,,,,,,,,,,,,,,,,,,,,,,,,,,,,,,,,,,,,,,,,,,,,,,,,,,,,,,,,-0.325,0.14,-0.003,-0.009,0.115,-0.018,-0.033,0.082,0.257,-0.109,0.019,0.186,0.001,-0.006,-0.052,0.168
ctx-rh-RH_region_50,,,,,,,,,,,,,,,,,,,,,,,,,,,,,,,,,,,,,,,,,,,,,,,,,,,,,,,,,,,,,,,,,,,,,,,,,,,,,,,,,,,,,,,,,,,,,,,,,,,,,,,,,,,,,,,,,,,,-0.051,-0.224,0.078,-0.002,0.125,0.281,0.005,-0.087,0.149,-0.092,-0.171,-0.068,0.129,0.079,-0.179
ctx-rh-RH_region_51,,,,,,,,,,,,,,,,,,,,,,,,,,,,,,,,,,,,,,,,,,,,,,,,,,,,,,,,,,,,,,,,,,,,,,,,,,,,,,,,,,,,,,,,,,,,,,,,,,,,,,,,,,,,,,,,,,,,,0.262,-0.09,0.339,0.332,0.283,0.29,0.187,0.131,0.052,-0.007,-0.138,0.348,-0.17,-0.146
ctx-rh-RH_region_52,,,,,,,,,,,,,,,,,,,,,,,,,,,,,,,,,,,,,,,,,,,,,,,,,,,,,,,,,,,,,,,,,,,,,,,,,,,,,,,,,,,,,,,,,,,,,,,,,,,,,,,,,,,,,,,,,,,,,,-0.215,0.461,0.241,0.042,0.018,0.133,0.075,0.081,-0.326,0.074,0.102,-0.033,0.131
ctx-rh-RH_region_53,,,,,,,,,,,,,,,,,,,,,,,,,,,,,,,,,,,,,,,,,,,,,,,,,,,,,,,,,,,,,,,,,,,,,,,,,,,,,,,,,,,,,,,,,,,,,,,,,,,,,,,,,,,,,,,,,,,,,,,-0.05,-0.2,-0.003,-0.033,0.334,-0.005,-0.007,0.103,-0.005,-0.23,-0.249,0.08
ctx-rh-RH_region_54,,,,,,,,,,,,,,,,,,,,,,,,,,,,,,,,,,,,,,,,,,,,,,,,,,,,,,,,,,,,,,,,,,,,,,,,,,,,,,,,,,,,,,,,,,,,,,,,,,,,,,,,,,,,,,,,,,,,,,,,0.336,0.112,0.26,0.174,0.112,-0.071,-0.298,0.017,0.401,-0.068,0.006
ctx-rh-RH_region_55,,,,,,,,,,,,,,,,,,,,,,,,,,,,,,,,,,,,,,,,,,,,,,,,,,,,,,,,,,,,,,,,,,,,,,,,,,,,,,,,,,,,,,,,,,,,,,,,,,,,,,,,,,,,,,,,,,,,,,,,,0.109,0.027,0.063,0.11,0.054,-0.188,-0.049,0.049,-0.183,0.044
ctx-rh-RH_region_56,,,,,,,,,,,,,,,,,,,,,,,,,,,,,,,,,,,,,,,,,,,,,,,,,,,,,,,,,,,,,,,,,,,,,,,,,,,,,,,,,,,,,,,,,,,,,,,,,,,,,,,,,,,,,,,,,,,,,,,,,,0.058,0.139,0.279,-0.025,-0.034,0.035,0.035,-0.068,-0.139
ctx-rh-RH_region_57,,,,,,,,,,,,,,,,,,,,,,,,,,,,,,,,,,,,,,,,,,,,,,,,,,,,,,,,,,,,,,,,,,,,,,,,,,,,,,,,,,,,,,,,,,,,,,,,,,,,,,,,,,,,,,,,,,,,,,,,,,,0.139,0.066,-0.031,-0.001,-0.054,-0.001,-0.29,-0.214
ctx-rh-RH_region_58,,,,,,,,,,,,,,,,,,,,,,,,,,,,,,,,,,,,,,,,,,,,,,,,,,,,,,,,,,,,,,,,,,,,,,,,,,,,,,,,,,,,,,,,,,,,,,,,,,,,,,,,,,,,,,,,,,,,,,,,,,,,0.235,0.124,0.005,-0.061,-0.001,-0.22,0.149
ctx-rh-RH_region_59,,,,,,,,,,,,,,,,,,,,,,,,,,,,,,,,,,,,,,,,,,,,,,,,,,,,,,,,,,,,,,,,,,,,,,,,,,,,,,,,,,,,,,,,,,,,,,,,,,,,,,,,,,,,,,,,,,,,,,,,,,,,,-0.033,0.244,-0.036,0.278,0.158,-0.117
ctx-rh-RH_region_60,,,,,,,,,,,,,,,,,,,,,,,,,,,,,,,,,,,,,,,,,,,,,,,,,,,,,,,,,,,,,,,,,,,,,,,,,,,,,,,,,,,,,,,,,,,,,,,,,,,,,,,,,,,,,,,,,,,,,,,,,,,,,,-0.076,-0.072,0.056,0.023,-0.079
ctx-rh-RH_region_61,,,,,,,,,,,,,,,,,,,,,,,,,,,,,,,,,,,,,,,,,,,,,,,,,,,,,,,,,,,,,,,,,,,,,,,,,,,,,,,,,,,,,,,,,,,,,,,,,,,,,,,,,,,,,,,,,,,,,,,,,,,,,,,-0.086,0.074,0.114,-0.142
ctx-rh-RH_region_62,,,,,,,,,,,,,,,,,,,,,,,,,,,,,,,,,,,,,,,,,,,,,,,,,,,,,,,,,,,,,,,,,,,,,,,,,,,,,,,,,,,,,,,,,,,,,,,,,,,,,,,,,,,,,,,,,,,,,,,,,,,,,,,,-0.159,0.155,0.115
ctx-rh-RH_region_63,,,,,,,,,,,,,,,,,,,,,,,,,,,,,,,,,,,,,,,,,,,,,,,,,,,,,,,,,,,,,,,,,,,,,,,,,,,,,,,,,,,,,,,,,,,,,,,,,,,,,,,,,,,,,,,,,,,,,,,,,,,,,,,,,0.106,0.057
ctx-rh-RH_region_64,,,,,,,,,,,,,,,,,,,,,,,,,,,,,,,,,,,,,,,,,,,,,,,,,,,,,,,,,,,,,,,,,,,,,,,,,,,,,,,,,,,,,,,,,,,,,,,,,,,,,,,,,,,,,,,,,,,,,,,,,,,,,,,,,,0.154
ctx-rh-RH_region_65,,,,,,,,,,,,,,,,,,,,,,,,,,,,,,,,,,,,,,,,,,,,,,,,,,,,,,,,,,,,,,,,,,,,,,,,,,,,,,,,,,,,,,,,,,,,,,,,,,,,,,,,,,,,,,,,,,,,,,,,,,,,,,,,,,
